地理,簡單,"這個城市被稱為「霧都」，是英國的首都，泰晤士河穿城而過，大笨鐘和倫敦眼是其標誌性建築。請問這個城市是什麼？",倫敦
地理,簡單,"它是香港最高的山峰，海拔957米，位於新界，可以眺望香港全景，亦是香港熱門的行山地點。請問這座山的名字是？",大帽山
地理,簡單,"這個國家有形似靴子的輪廓，首都是羅馬，有名的食物包括意大利麵和薄餅。請問這是哪個國家？",意大利
地理,簡單,"這是一條連接大西洋和太平洋的運河，使船隻不用繞道南美洲的合恩角，大大縮短了航程。請問這條運河是？",巴拿馬運河
地理,簡單,"這個城市是中國的經濟中心，有東方明珠塔、上海環球金融中心等摩天大廈，外灘是著名的旅遊景點。請問這個城市是？",上海
地理,簡單,"這座海峽位於英國和法國之間，是世界上最繁忙的航道之一，英文稱為English Channel。請問這座海峽的中文名稱是？",英吉利海峽
地理,簡單,"這個地區位於香港九龍半島中部，是香港最密集的住宅區之一，以前曾是九龍城寨的所在地，現在是九龍城區的一部分。請問這個地區是？",九龍城
地理,簡單,"這個地標位於美國紐約，是一座銅像，右手舉著火炬，左手拿著獨立宣言，象徵著自由和民主。請問這個地標的名稱是？",自由女神像
地理,簡單,"這座城市是泰國的首都，當地人稱為Krung Thep，擁有許多寺廟和皇宮，是世界著名的旅遊目的地。請問這座城市是？",曼谷
地理,簡單,"這個島嶼是香港最大的離島，有大澳漁村、昂坪360纜車和天壇大佛，並設有香港國際機場。請問這個島嶼的名稱是？",大嶼山
地理,簡單,"這個國家位於歐洲北部，首都是赫爾辛基，以桑拿浴和諾基亞手機聞名於世，是聖誕老人的故鄉。請問這個國家是？",芬蘭
地理,簡單,"中文名稱意為「鮑魚灣」，有著美麗的海港，是澳洲最大的城市，著名的建築有悉尼歌劇院和海港大橋。請問這個城市是？",悉尼
地理,簡單,"這條河流是中國最長的河流，發源於青海省，流經11個省市自治區，最後在上海注入東海。請問這條河流是？",長江
地理,簡單,"這個國家位於東南亞，是由1萬多個島嶼組成的群島國家，首都是雅加達，是世界上人口最多的穆斯林國家。請問這個國家是？",印度尼西亞
地理,簡單,"它有紅色的外牆、共五座門樓，正中的門樓頂上懸掛著偉人的畫像，是中國的象徵，也是世界上最大的城市中心廣場。請問這個位於北京的廣場叫什麼名字？",天安門廣場
地理,中等,"這個地區曾經是英國殖民地，在1997年回歸中國，是珠江三角洲的一部分，官方語言為葡萄牙語和中文，有「東方拉斯維加斯」之稱。請問這個地區是？",澳門
地理,中等,"這個海峽是連接太平洋和印度洋的重要航道，因為其戰略位置而具有重要意義，位於馬來西亞和印度尼西亞蘇門答臘島之間。請問這個海峽是？",馬六甲海峽
地理,中等,"這條山脈是歐洲最高的山脈，横跨法國、瑞士和意大利等國，最高峰是勃朗峰，擁有著名的滑雪勝地。請問這條山脈是？",阿爾卑斯山脈
地理,中等,"這個位於中國西南部的高原，平均海拔超過4000米，被稱為「世界屋脊」，是長江、黃河等多條河流的發源地。請問這個高原是？",青藏高原
地理,中等,"這座火山位於日本本州島，是日本的最高峰，海拔3776米，常年積雪的山頂形成了標誌性的景觀，被視為日本的象徵。請問這座火山是？",富士山
地理,中等,"這個國家是世界上最大的群島國家，橫跨歐亞兩洲，首都是雷克雅未克，擁有間歇泉、火山和冰川等自然景觀。請問這個國家是？",冰島
地理,中等,"這片沙漠橫跨北非多個國家，是世界上最大的熱沙漠，面積約920萬平方公里，佔非洲面積約三分之一。請問這片沙漠是？",撒哈拉沙漠
地理,中等,"這個國家位於南美洲的西南部，有「南美瑞士」之稱，首都是聖地亞哥，擁有安第斯山脈和世界最乾旱的沙漠阿塔卡馬沙漠。請問這個國家是？",智利
地理,中等,"這條位於亞洲的山脈，是世界上最高的山脈，包含世界最高峰珠穆朗瑪峰，橫跨中國、尼泊爾、印度等國家。請問這條山脈是？",喜馬拉雅山脈
地理,中等,"這個位於非洲的內陸湖泊，是非洲最大的淡水湖，也是世界第二大淡水湖，跨坦桑尼亞、烏干達和肯尼亞三國。請問這個湖泊是？",維多利亞湖
地理,中等,"這個位於西班牙東北部的城市，是加泰隆尼亞自治區的首府，以安東尼·高第設計的聖家堂和其他建築聞名，也是歐洲重要的港口城市。請問這個城市是？",巴塞隆納
地理,中等,"這個位於南亞的島國，鄰近印度東南岸，以產茶聞名，曾被葡萄牙人稱為「錫蘭」，首都是科倫坡。請問這個國家是？",斯里蘭卡
地理,中等,"這個地方於2019年改回原來的名稱，取代了過去近300年被沿用的英文名，它是世界上最大的單體巨石，位於澳洲中部。請問這個地方現在的官方名稱是？",烏魯魯（Uluru）
地理,中等,"這個亞洲國家擁有128座海拔3000米以上的山峰，首都是加德滿都，是世界著名的登山勝地，珠穆朗瑪峰部分位於該國境內。請問這個國家是？",尼泊爾
地理,中等,"這座橋梁連接香港島和九龍半島，於1972年落成，是香港第一條海底行車隧道，也是連接港島和九龍的三條過海隧道中最早建成的一條。請問這座橋梁的名稱是？",海底隧道/紅磡海底隧道
地理,困難,"這個國家是東南亞唯一沒有被殖民的國家，原名暹羅，位於中南半島中部，與緬甸、寮國、柬埔寨和馬來西亞接壤，首都曼谷有「天使之城」的美稱。請問這個國家是？",泰國
地理,困難,"這個位於中亞的內陸湖泊，曾是世界第四大湖泊，但自1960年代起因灌溉工程導致湖水急劇萎縮，造成嚴重的生態災難，被稱為「世紀生態災難」。請問這個湖泊是？",鹹海
地理,困難,"這個山脈位於俄羅斯，被認為是歐洲和亞洲的分界線，延伸約2500公里，最高峰為厄爾布魯士山，高度5642米。請問這個山脈是？",烏拉爾山脈
地理,困難,"這個位於南美洲的高原主要分佈在玻利維亞西部和秘魯東南部，平均海拔3800米，是世界上最大的高原之一，古代印加文明的發源地。請問這個高原是？",安地斯高原/阿爾蒂普拉諾高原
地理,困難,"這個峽谷位於美國亞利桑那州，由科羅拉多河切割形成，長約446公里，深約1800米，是世界七大自然奇觀之一。請問這個峽谷的名稱是？",大峽谷
地理,困難,"這個湖泊是世界上最深的淡水湖，最深處達1642米，含有地球上近20%的淡水資源，位於俄羅斯西伯利亞南部，被稱為「西伯利亞的明珠」。請問這個湖泊是？",貝加爾湖
地理,困難,"這個位於南半球的洋流，連接太平洋和大西洋，是世界上最兇猛的海域之一，因風力強勁，航海時代被稱為「咆哮的四十度」和「瘋狂的五十度」。請問這個海峽是？",德雷克海峽
地理,困難,"這條位於非洲的山脈，主要分佈在摩洛哥、阿爾及利亞和突尼西亞，由多條平行山脈組成，最高峰為海拔4167米的圖卜卡爾峰。請問這條山脈是？",阿特拉斯山脈
地理,困難,"這個位於北歐的地理區域，包括挪威、瑞典和芬蘭的北部，以及俄羅斯西北部，因當地的原住民而得名，是觀賞北極光的著名地點。請問這個地區是？",拉普蘭
地理,困難,"這個位於南美洲的熱帶雨林，面積約550萬平方公里，擁有地球上約10%的已知物種，被稱為「地球之肺」，正面臨嚴重的砍伐威脅。請問這個雨林是？",亞馬遜雨林
地理,困難,"這個位於波斯灣沿岸的城市是阿拉伯聯合酋長國最大的城市，以奢華度假村、現代建築和購物中心聞名，擁有世界最高的建築物哈利法塔。請問這個城市是？",杜拜
地理,困難,"這個位於歐洲的微型國家，面積僅2.02平方公里，是世界第二小的國家，被義大利所環繞，是全球最古老的共和國之一，由於其歷史城堡和美麗的山景而聞名。請問這個國家是？",聖馬力諾
地理,困難,"這條位於香港的街道沿著半山區蜿蜒而行，長約7公里，有許多殖民時期的建築和豪宅，是香港最古老的道路之一，是香港島最早的主要幹道。請問這條街道的名稱是？",皇后大道
地理,困難,"這個位於南極洲的海域，環繞南極大陸，連接太平洋、大西洋和印度洋，因英國探險家詹姆斯·克拉克而命名，水溫極低且常年結冰。請問這個海域是？",羅斯海
地理,困難,"這個位於美國東北部的港口城市是美國最古老的城市之一，以其革命歷史聞名，有「美國革命的搖籃」之稱，是波士頓茶黨事件的發生地。請問這個城市是？",波士頓
地理,困難,"這個歐洲國家由33個州組成，地形以阿爾卑斯山脈為主，以音樂家莫扎特、施特勞斯家族和維也納音樂廳而聞名，首都是維也納。請問這個國家是？",奧地利
地理,困難,"這條河流流經南亞多國，被視為印度教的聖河，發源於喜馬拉雅山脈的岡戈德里冰川，全長約2700公里，流入孟加拉灣。請問這條河流是？",恆河
地理,困難,"這個位於太平洋上的島國由兩個主要島嶼和許多小島組成，地形以山地為主，是世界上第一個給予女性投票權的國家，首都是威靈頓。請問這個國家是？",紐西蘭
地理,困難,"這個位於非洲的國家是世界上最古老的基督教國家之一，有「非洲屋脊」之稱，擁有許多世界遺產，包括拉利貝拉岩石教堂，首都是亞的斯亞貝巴。請問這個國家是？",埃塞俄比亞
地理,困難,"這個位於東歐的國家是歐洲面積最大的國家，擁有豐富的自然資源，包括石油和天然氣，曾是蘇聯的一部分，首都是基輔。請問這個國家是？",烏克蘭
文學,簡單,"這部英國小說講述一位住在女貞路四號的男孩，在11歲生日時得知自己是巫師，並被邀請到霍格華茲魔法學校就讀。請問這部小說系列的主角是誰？",哈利波特
文學,簡單,"他是中國古代著名的詩人，綽號「詩仙」，代表作有《靜夜思》、《李白贈汪倫》等。請問這位詩人是誰？",李白
文學,簡單,"這部由英國作家路易斯·卡羅爾創作的童話故事，講述一個小女孩通過兔子洞進入奇幻世界的冒險。請問這部童話的名稱是？",愛麗絲夢遊仙境
文學,簡單,"這是一首唐代詩人王維的詩作，「紅豆生南國，春來發幾枝？"願君多采擷，此物最相思。」請問這首詩的題目是？",相思
文學,簡單,"這部香港長篇武俠小說作者被稱為「金大俠」，作品包括《射鵰英雄傳》、《神鵰俠侶》和《倚天屠龍記》。請問這位作家是誰？",金庸
文學,簡單,"《三國演義》中的「三國」指的是魏國、蜀國和哪一國？",吳國
文學,簡單,"這位英國劇作家被譽為「戲劇之父」，代表作有《哈姆雷特》、《羅密歐與朱麗葉》、《麥克白》等。請問他是誰？",威廉·莎士比亞
文學,簡單,"「床前明月光，疑是地上霜。舉頭望明月，低頭思故鄉。」是哪位唐代詩人的作品？",李白
文學,簡單,"這部中國古典小說描述108位好漢在梁山泊聚義，反抗朝廷的故事。請問這部小說的名稱是？",水滸傳
文學,簡單,"「詩經」最初被稱為什麼？",詩/詩三百
文學,簡單,"這位丹麥童話作家創作了許多膾炙人口的童話故事，包括《醜小鴨》、《賣火柴的小女孩》和《小美人魚》。請問他是誰？",安徒生
文學,簡單,"這部小說以「魯賓遜」的航海經歷為主線，描述他在一個荒島上生存的故事。請問這部小說的名稱是？",魯賓遜漂流記
文學,簡單,"「白日依山盡，黃河入海流。欲窮千里目，更上一層樓。」是哪位唐代詩人的作品？",王之渙
文學,簡單,"這部英國小說講述一個叫伊麗莎白和一個叫達西的愛情故事，作者是簡·奧斯汀。請問這部小說的名稱是？",傲慢與偏見
文學,簡單,"「沒有詩意的民族是可悲的民族，沒有英雄的民族是可憐的民族，既沒有詩意又沒有英雄的民族是絕望的民族。」這是哪位中國作家的名言？",魯迅
文學,中等,"這位曾獲諾貝爾文學獎的哥倫比亞作家，代表作《百年孤獨》是魔幻現實主義的代表作品，講述了布恩迪亞家族七代人的故事。請問這位作家是誰？",加布里埃爾·加西亞·馬爾克斯
文學,中等,"這部中國古典小說描述唐僧師徒四人西行取經的故事，融合了佛教思想和道教元素。請問這部小說的作者是誰？",吳承恩
文學,中等,"這位英國作家創作了《1984》和《動物農莊》等作品，以批判極權主義和極權社會而聞名。請問這位作家是誰？",喬治·奧威爾
文學,中等,"這位中國詩人被稱為「詩聖」，著有《登高》、《春望》等名作，其詩風沉鬱頓挫、悲壯雄渾。請問這位詩人是誰？",杜甫
文學,中等,"這部日本古典文學作品是由紫式部所著，被認為是世界上第一部長篇小說，描述了平安時代貴族生活的方方面面。請問這部作品的名稱是？",源氏物語
文學,中等,"這位俄國作家創作了《罪與罰》、《卡拉馬佐夫兄弟》等作品，以深刻的心理描寫和哲學思考著稱。請問這位作家是誰？",費奧多爾·陀思妥耶夫斯基
文學,中等,"這位美國小說家的作品多以密西西比河流域為背景，代表作有《湯姆·索亞歷險記》和《哈克貝利·費恩歷險記》。請問這位作家是誰？",馬克·吐溫
文學,中等,"「天生我材必有用，千金散盡還復來。」是哪位唐代詩人的作品？",李白
文學,中等,"這部法國小說講述一個叫尚萬強的前囚犯如何通過主教的幫助，重新做人的故事，後來被改編成音樂劇和電影。請問這部作品的名稱是？",悲慘世界
文學,中等,"這位愛爾蘭作家創作了《尤利西斯》、《芬尼根的守靈夜》等作品，以意識流的寫作風格著稱。請問這位作家是誰？",詹姆斯·喬伊斯
文學,中等,"這位中國作家於1936年在上海被國民黨特務暗殺，作品有《狂人日記》、《阿Q正傳》等，被稱為「中國現代文學的奠基人」。請問這位作家是誰？",魯迅
文學,中等,"這位德國詩人和戲劇家創作了《浮士德》、《少年維特的煩惱》等作品，被認為是德國文學的奠基人之一。請問這位作家是誰？",約翰·沃爾夫岡·馮·歌德
文學,中等,"「人生自古誰無死，留取丹心照汗青。」是哪位宋代詩人的名句？",文天祥
文學,中等,"這部英國小說描述了一個名叫羅賓遜·克魯索的水手，在海難中漂流到一個荒島上獨自生存的故事。請問這部小說的作者是誰？",丹尼爾·笛福
文學,中等,"「落霞與孤鶩齊飛，秋水共長天一色。」出自哪位唐代文學家的作品？",王勃
文學,困難,"這位美國作家以描寫「失落的一代」而聞名，作品有《老人與海》、《永別了，武器》等，1954年獲得諾貝爾文學獎。請問這位作家是誰？",歐內斯特·海明威
文學,困難,"這部中國古典小說以四大家族為中心，描寫了清朝末年封建貴族家庭的興衰，以賈寶玉和林黛玉的愛情為主線。請問這部小說的原名是？",石頭記
文學,困難,"這位俄國作家創作了《安娜·卡列尼娜》、《戰爭與和平》等巨著，以寫實主義和心理描寫見長。請問這位作家是誰？",列夫·托爾斯泰
文學,困難,"這部日本小說講述了一位患有自閉症的青年透過數學來理解世界的故事，作者是小川洋子，2004年獲得了日本芥川獎。請問這部小說的名稱是？",博士の愛した數式 (博士熱愛的算式)
文學,困難,"這位美國詩人創作了《一片樹葉的自白》、《草葉集》等作品，被稱為「美國民主的詩人」。請問這位詩人是誰？",沃爾特·惠特曼
文學,困難,"這位法國作家創作了《追憶似水年華》這部自傳體小說，被認為是現代文學的奠基作品之一。請問這位作家是誰？",馬塞爾·普魯斯特
文學,困難,"這位捷克作家的作品如《城堡》、《審判》等充滿荒誕和超現實主義色彩，「卡夫卡式」一詞用來形容他獨特的風格。請問這位作家是誰？",弗朗茨·卡夫卡
文學,困難,"這位羅馬詩人創作了敘事詩《變形記》，記錄了希臘羅馬神話中的變形故事，影響了後世眾多文學作品。請問這位詩人是誰？",奧維德
文學,困難,"這位法國作家創作了《巴黎聖母院》、《悲慘世界》等作品，是浪漫主義文學的代表人物之一。請問這位作家是誰？",維克多·雨果
文學,困難,"這位阿根廷作家的作品充滿超現實主義和形而上學元素，如《虛構集》、《阿萊夫》等，深受哲學和數學影響。請問這位作家是誰？",豪爾赫·路易斯·博爾赫斯
文學,困難,"這位俄國作家創作了《死魂靈》、《外套》等作品，以荒誕和諷刺見長，被稱為「俄國文學的奠基人」之一。請問這位作家是誰？",尼古拉·果戈理
文學,困難,"這位希臘悲劇詩人創作了《俄狄浦斯王》、《安提戈涅》等作品，是古希臘三大悲劇詩人之一。請問這位詩人是誰？",索福克勒斯
文學,困難,"這位中國文學批評家提出了「詩言志」的文學理論，著有《文心雕龍》一書，被認為是中國古代最重要的文學理論著作之一。請問這位文學批評家是誰？",劉勰
文學,困難,"這位美國作家創作了《麥田捕手》這部小說，描述了一個叫霍爾頓·考菲爾德的少年對成人世界的批判。請問這位作家是誰？",J.D.塞林格
文學,困難,"這位日本作家創作了《挪威的森林》、《1Q84》等作品，以超現實主義和後現代主義風格著稱。請問這位作家是誰？",村上春樹
文學,困難,"這位古羅馬詩人創作了史詩《埃涅阿斯紀》，講述特洛伊王子埃涅阿斯的冒險故事，被視為羅馬民族的史詩。請問這位詩人是誰？",維吉爾
文學,困難,"這位中國詩人被稱為「詩仙」，其詩作《將進酒》中有「天生我材必有用，千金散盡還復來」的名句。請問這位詩人是誰？",李白
文學,困難,"這位法國作家創作了《紅與黑》、《帕爾馬修道院》等作品，以心理描寫和現實主義見長。請問這位作家是誰？",司湯達
文學,困難,"這位英國作家創作了《奧德賽》這部長詩，描述了主人公奧德修斯從特洛伊戰爭返回家鄉伊薩卡的冒險故事。請問這位詩人是誰？",荷馬
文學,困難,"這位愛爾蘭作家創作了《等待戈多》這部荒誕派戲劇作品，表現了人類存在的荒謬和無意義。請問這位作家是誰？",薩繆爾·貝克特
文化,簡單,"這個節日在每年農曆八月十五日舉行，人們會賞月和吃月餅，象徵著團圓和豐收。請問這個節日是什麼？",中秋節
文化,簡單,"這個西方節日在每年的12月25日慶祝，人們會裝飾聖誕樹、交換禮物，是紀念耶穌誕生的日子。請問這個節日是什麼？",聖誕節
文化,簡單,"這是中國傳統的十二生肖之一，在十二生肖排序中位居第一，與「卯」字相對應。請問這是哪種動物？",鼠
文化,簡單,"這種中國傳統藝術形式使用剪刀將紙張剪成各種圖案，常用於節日裝飾。請問這種藝術形式叫什麼？",剪紙
文化,簡單,"這個位於北京的建築群曾是中國明、清兩代的皇宮，有紫禁城之稱，現在是一個博物館。請問這個建築群叫什麼？",故宮
文化,簡單,"這種傳統表演藝術起源於明朝，以演員臉上的彩繪面譜、唱腔高亢和武打動作見長。請問這種表演藝術叫什麼？",京劇
文化,簡單,"這個節日在每年農曆新年第一天開始，是中國最重要的傳統節日，有放鞭炮、派紅包等習俗。請問這個節日是什麼？",春節
文化,簡單,"這個節日在每年的農曆五月初五舉行，人們會吃粽子、賽龍舟，紀念屈原。請問這個節日是什麼？",端午節
文化,簡單,"這種中國傳統飲料由發酵的茶葉製成，有普洱、龍井、鐵觀音等不同種類。請問這種飲料是什麼？",茶
文化,簡單,"這種傳統服裝是韓國的國服，女性版包括短上衣和長裙，色彩豐富。請問這種服裝叫什麼？",韓服
文化,簡單,"這種日本傳統服裝是由和服發展而來，特點是袖子寬大，腰間繫有寬帶，常在特殊場合穿著。請問這種服裝叫什麼？",和服
文化,簡單,"這種中國傳統樂器有四根絃，演奏時需要坐著，將樂器豎立在膝蓋上。請問這種樂器叫什麼？",二胡
文化,簡單,"這種中國傳統書法風格字體方正，筆畫平直，常用於碑文和印章。請問這種書法風格叫什麼？",楷書
文化,簡單,"這個節日在西方國家的10月31日慶祝，小孩會裝扮成鬼怪去要糖果，成年人則會參加化妝派對。請問這個節日是什麼？",萬聖節
文化,簡單,"這種中國傳統藝術形式將紙、竹、絲綢等材料製成各種形狀，然後放到空中飛翔。請問這種藝術形式叫什麼？",風箏
文化,中等,"這種中國傳統戲曲起源於清朝乾隆年間，以「亮嗓」和「高腔」聞名，是中國漢族戲曲中的「五大劇種」之一。請問這種戲曲叫什麼？",評劇
文化,中等,"這個節日在每年農曆七月七日舉行，源自牛郎織女的傳說，是中國傳統的七夕節，也被稱為中國的情人節。請問這個節日的正式名稱是什麼？",七夕節/乞巧節
文化,中等,"這種中國傳統工藝品起源於宋代，特點是釉下藍色花紋，主要產於江西景德鎮。請問這種工藝品叫什麼？",青花瓷
文化,中等,"這種源自日本的飲食文化，將生魚片、醋飯和其他配料組合在一起，成為世界各地都受歡迎的美食。請問這種食物叫什麼？",壽司
文化,中等,"這種中國傳統藝術表演形式始於唐代，由一人操縱木偶表演，木偶通常掛在表演者的手指上。請問這種藝術表演形式叫什麼？",皮影戲
文化,中等,"這種中國傳統建築風格的庭院，有中心庭院和四周環繞的房屋，是北京傳統民居的代表，多為四合院形式。請問這種建築風格叫什麼？",四合院
文化,中等,"這個源自印度的宗教創立於公元前6世紀，強調業力和輪迴，修行者追求涅槃境界。請問這個宗教是什麼？",佛教
文化,中等,"這種中國傳統繪畫形式用水墨在絹或紙上作畫，講究筆墨韻味和意境表達，不同於西方的寫實主義。請問這種繪畫形式叫什麼？",水墨畫
文化,中等,"這個西方節日在每年的12月31日晚上慶祝，人們會倒數迎接新一年的到來，有放煙火、喝香檳等習俗。請問這個節日是什麼？",除夕/跨年
文化,中等,"這種中國傳統醫學理論認為人體有陰陽兩種力量，必須保持平衡才能健康，並重視經絡和穴位。請問這種醫學理論是什麼？",中醫理論/中醫學
文化,中等,"這種源自中東的烹飪方法，將肉類串在金屬棒上，直立放在火上烤熟，在土耳其和希臘等國家非常流行。請問這種烹飪方法叫什麼？",烤肉串/沙威瑪
文化,中等,"這種起源於韓國的食品，是一種發酵的蔬菜料理，通常以白菜和辣椒為主要原料，是韓國的國民美食。請問這種食品叫什麼？",泡菜
文化,中等,"這種中國傳統擊樂樂器由青銅製成，形狀像碗，用木槌敲擊發聲，在寺廟和宮廷音樂中使用。請問這種樂器叫什麼？",編鐘
文化,中等,"這種源自非洲的舞蹈風格，強調腰部和臀部的動作，後來影響了拉丁美洲和加勒比地區的音樂和舞蹈。請問這種舞蹈風格叫什麼？",森巴舞
文化,中等,"這種中國傳統體育活動融合了武術、呼吸和冥想，強調緩慢和流暢的動作，有「太極拳」的拳法套路。請問這種體育活動叫什麼？",太極
文化,困難,"這種日本傳統戲劇形式起源於14世紀，演員會戴面具，劇情常取材於日本神話和歷史故事，強調象徵性的動作和詩意的台詞。請問這種戲劇形式叫什麼？",能劇
文化,困難,"這種源自印度的哲學和修行方法，強調通過身體姿勢、呼吸控制和冥想來達到身心合一的境界，現在已成為全球流行的健身活動。請問這種修行方法叫什麼？",瑜伽
文化,困難,"這種中國傳統曲藝表演形式起源於宋代，表演者用三弦或琵琶伴奏，講述歷史故事或民間傳說，山東、江蘇等地區各有不同流派。請問這種曲藝表演形式叫什麼？",評書
文化,困難,"這種西方古典音樂形式通常由四個樂章組成，由管弦樂團演奏，在古典主義時期達到高峰，代表作曲家有海頓、莫扎特和貝多芬。請問這種音樂形式叫什麼？",交響曲
文化,困難,"這種源自摩洛哥的傳統住宅，圍繞著一個開放的中庭建造，內部裝飾有精美的馬賽克、雕花和阿拉伯書法。請問這種住宅叫什麼？",裡亞德
文化,困難,"這種中國古代治國理念強調德治和禮制，注重人倫關係和社會秩序，由孔子創立，成為中國封建社會的主導思想。請問這種治國理念是什麼？",儒家思想/儒學
文化,困難,"這種源自西班牙的舞蹈風格，起源於安達盧西亞地區，特點是熱情的節奏、響指、腳步和吉他伴奏，表現激情和驕傲。請問這種舞蹈風格叫什麼？",佛朗明哥舞
文化,困難,"這種日本傳統藝術形式起源於17世紀，講究插花的位置、方向和比例，反映了日本人對自然和季節變化的尊重。請問這種藝術形式叫什麼？",插花/生花
文化,困難,"這種源自中東的水煙，通過將煙霧通過水來冷卻和過濾，使吸煙體驗更加柔和，在阿拉伯國家的社交場合中很常見。請問這種水煙叫什麼？",水煙壺/阿拉伯水煙
文化,困難,"這種源自印度的宗教和哲學體系，強調業力、輪迴和解脫，有嚴格的種姓制度，信奉多種神靈如濕婆、毗濕奴和梵天。請問這種宗教是什麼？",印度教
文化,困難,"這種中國傳統繪畫技法強調筆墨的運用和墨色的變化，不用顏色，只用水墨的濃淡來表現畫面的層次和空間。請問這種繪畫技法叫什麼？",水墨畫
文化,困難,"這種發源於西非的宗教結合了當地信仰和天主教元素，後來隨著奴隸貿易傳播到拉丁美洲和加勒比地區，在巴西、古巴和海地等地有不同的形式。請問這種宗教是什麼？",伏都教
文化,困難,"這種源自印尼爪哇島的傳統皮影戲，使用平面的皮革偶人在白色屏幕後表演，配以gamelan樂器伴奏，通常表演《摩訶婆羅多》和《羅摩衍那》等史詩。請問這種皮影戲叫什麼？",皮影戲/哇揚
文化,困難,"這種中國傳統計時系統將一晝夜分為十二個時辰，每個時辰相當於現在的兩小時，子時為夜間十一點到凌晨一點。請問這種計時系統叫什麼？",十二時辰
文化,困難,"這種源自波利尼西亞的飲料，由kava根部研磨後製成，有鎮靜和麻醉效果，在斐濟、薩摩亞等地區的社交和宗教儀式中使用。請問這種飲料叫什麼？",kava/卡瓦
文化,困難,"這種源自法國的藝術運動興起於19世紀末20世紀初，強調流線型和自然形態的裝飾風格，在建築、傢具和裝飾藝術中非常流行。請問這種藝術運動叫什麼？",新藝術運動/裝飾藝術
文化,困難,"這種日本傳統文化概念強調物品的簡潔和功能性，注重空間的留白和自然材料的使用，影響了現代簡約設計風格。請問這種文化概念叫什麼？",侘寂/物哀
文化,困難,"這種發源於印度的古老醫學系統，強調通過飲食、草藥、瑜伽和冥想來平衡體內的三種能量（doshas），以達到身心健康。請問這種醫學系統叫什麼？",阿育吠陀醫學
文化,困難,"這種起源於墨西哥的節日在每年11月1日和2日慶祝，人們會祭奠亡靈，準備糖骷髏和亡者喜愛的食物，裝飾亡靈祭壇。請問這個節日是什麼？",亡靈節
文化,困難,"這種阿拉伯世界的書法藝術形式，將古蘭經文字以幾何和裝飾性方式呈現，因為伊斯蘭教禁止偶像崇拜，所以成為重要的視覺藝術表現形式。請問這種書法藝術形式叫什麼？",阿拉伯書法
娛樂,簡單,"這部由迪士尼製作的動畫電影，講述了一個名叫艾莎的女王擁有操控冰雪的魔法，以及她與妹妹安娜之間的故事。請問這部電影的名稱是？",冰雪奇緣
娛樂,簡單,"這位美國流行歌手的代表作有《Bad Blood》、《Shake It Off》和《Love Story》，曾多次獲得格萊美獎。請問這位歌手是誰？",泰勒·斯威夫特
娛樂,簡單,"這部韓國電視劇講述了一個外星人（都教授）墜落到朝鮮時代的故事，主演是金秀賢和全智賢。請問這部電視劇的名稱是？",來自星星的你
娛樂,簡單,"這個遊戲角色是任天堂最著名的遊戲角色之一，是一名身穿紅衣、戴紅帽的水管工，經常拯救被庫巴抓走的碧姬公主。請問這個角色的名字是？",馬力歐
娛樂,簡單,"這部香港電影是周星馳主演的喜劇片，講述了一名警察臥底到精神病院，調查一宗命案的故事。請問這部電影的名稱是？",逃學威龍
娛樂,簡單,"這個日本卡通角色是藍色的機器貓，有一個四次元口袋，可以拿出各種神奇的道具，幫助大雄解決問題。請問這個角色的名字是？",哆啦A夢
娛樂,簡單,"這部英國電影系列講述了一位叫做哈利的男孩，發現自己是巫師的故事，根據J.K.羅琳的同名小說改編。請問這部電影系列的名稱是？",哈利波特
娛樂,簡單,"這位美國歌手的代表作有《Uptown Funk》、《Just the Way You Are》和《When I Was Your Man》，擁有多項格萊美獎。請問這位歌手是誰？",布魯諾·馬爾斯
娛樂,簡單,"這部韓國電影講述了一個窮困家庭潛入富人家中工作的故事，於2020年獲得第92屆奧斯卡金像獎最佳電影獎。請問這部電影的名稱是？",寄生上流
娛樂,簡單,"這個韓國男子組合於2013年成立，成員包括RM、Jin、Suga、J-Hope、Jimin、V和Jungkook，代表作有《Dynamite》和《Butter》。請問這個組合的名稱是？",防彈少年團
娛樂,簡單,"這部美國科幻電影系列講述了天行者家族的故事，有光劍、絕地武士和原力等元素。請問這部電影系列的名稱是？",星球大戰
娛樂,簡單,"這位美國演員因在《鐵甲奇俠》系列電影中飾演東尼·史塔克而聞名，同時也在漫威電影宇宙中扮演這一角色。請問這位演員是誰？",小羅伯特·唐尼
娛樂,簡單,"這部日本動畫片講述了一位名叫千尋的女孩誤入神靈世界的故事，由宮崎駿導演，於2003年獲得奧斯卡最佳動畫長片獎。請問這部動畫片的名稱是？",千與千尋
娛樂,簡單,"這個英國搖滾樂隊成立於1970年，著名歌曲包括《Bohemian Rhapsody》和《We Will Rock You》，主唱弗雷迪·莫庫里被認為是搖滾樂界最偉大的歌手之一。請問這個樂隊的名稱是？",皇后樂隊
娛樂,簡單,"這位中國功夫巨星，代表作有《醉拳》、《警察故事》和《尖峰時刻》系列電影，以其出色的功夫動作和喜劇表演而聞名。請問這位巨星是誰？",成龍
娛樂,中等,"這部美國電視劇講述了七大家族爭奪鐵王座的故事，改編自喬治·R·R·馬丁的奇幻小說系列《冰與火之歌》。請問這部電視劇的名稱是？",權力的遊戲
娛樂,中等,"這位英國演員因飾演《哈利波特》系列中的赫敏·格蘭傑而成名，後來出演了《美女與野獸》等電影，並積極參與女權主義運動。請問這位演員是誰？",艾瑪·華森
娛樂,中等,"這部日本動畫電影由新海誠導演，講述了兩個素未謀面的高中生通過夢境交換身體的故事，於2016年上映並獲得極高的評價。請問這部電影的名稱是？",你的名字
娛樂,中等,"這位香港歌手被稱為「歌神」，代表作有《愛你一萬年》、《一生中最愛》和《真情》，曾獲得多項金像獎和金曲獎。請問這位歌手是誰？",張學友
娛樂,中等,"這部美國科幻電影講述了一個被植入記憶的機械人，逐漸發現自己真實身份的故事，主演是阿諾·施瓦辛格，改編自菲利普·K·迪克的小說。請問這部電影的名稱是？",銀翼殺手
娛樂,中等,"這位日本動漫創作者創造了《七龍珠》系列，講述了主角孫悟空不斷變強並保護地球的故事，是全球最成功的漫畫系列之一。請問這位創作者是誰？",鳥山明
娛樂,中等,"這部香港電影系列講述了一群警察和黑幫成員之間的故事，由劉偉強和麥兆輝執導，梁朝偉、劉德華和黃秋生等人主演。請問這部電影系列的名稱是？",無間道
娛樂,中等,"這個美國搖滾樂隊成立於1965年，主唱是米克·賈格爾，代表作有《(I Can't Get No) Satisfaction》和《Paint It Black》。請問這個樂隊的名稱是？",滾石樂隊
娛樂,中等,"這部美國電影講述了一個名叫安迪的男子被誣告殺人而入獄，並在獄中與另一名囚犯紅結為朋友的故事，改編自斯蒂芬·金的小說。請問這部電影的名稱是？",肖申克的救贖
娛樂,中等,"這位中國導演的作品包括《紅高粱》、《活著》和《一個都不能少》，曾獲得柏林電影節金熊獎和坎城電影節評審團大獎。請問這位導演是誰？",張藝謀
娛樂,中等,"這部美國科幻電影三部曲講述了人類與機器的鬥爭，基努·里維斯飾演的尼奧被稱為「救世主」，能夠在虛擬世界中自由穿梭。請問這部電影三部曲的名稱是？",黑客帝國
娛樂,中等,"這位韓國導演的作品包括《殺人回憶》、《母親》和《寄生上流》，後者於2020年獲得了奧斯卡最佳電影獎和最佳導演獎。請問這位導演是誰？",奉俊昊
娛樂,中等,"這部英國電視劇講述了名偵探福爾摩斯在現代倫敦的故事，由本尼迪克特·康伯巴奇和馬丁·弗里曼主演。請問這部電視劇的名稱是？",神探夏洛克
娛樂,中等,"這位美國流行歌手被稱為「流行音樂之王」，代表作有《Billie Jean》、《Thriller》和《Beat It》，其1982年的專輯《Thriller》是全球最暢銷的專輯之一。請問這位歌手是誰？",麥克爾·傑克遜
娛樂,中等,"這部日本動畫電影由高畑勳導演，講述了兩姐妹在戰時日本農村的生活，以及她們等待母親從醫院回來的故事。請問這部電影的名稱是？",龍貓
娛樂,困難,"這部法國電影由讓-皮埃爾·熱內和馬克·卡羅執導，講述了一個年輕女孩在蒙馬特區的生活，以及她如何改變周圍人生活的故事，於2001年上映。請問這部電影的名稱是？",天使愛美麗
娛樂,困難,"這位義大利導演的作品包括《8½》、《甜蜜的生活》和《羅馬》，被認為是最具影響力的電影導演之一，其作品充滿自傳色彩和超現實主義元素。請問這位導演是誰？",費德里科·費里尼
娛樂,困難,"這部美國電影講述了一個犯罪家族的故事，由法蘭西斯·福特·科波拉導演，馬龍·白蘭度和阿爾·帕西諾主演，被認為是有史以來最偉大的電影之一。請問這部電影的名稱是？",教父
娛樂,困難,"這位日本動畫導演創立了吉卜力工作室，作品包括《風之谷》、《千與千尋》和《魔女宅急便》，被譽為「動畫界的莎士比亞」。請問這位導演是誰？",宮崎駿
娛樂,困難,"這部由英國導演史丹利·庫柏力克執導的科幻電影，探討了人類進化、人工智能和太空探索的主題，以其開創性的視覺效果和哲學深度而聞名。請問這部電影的名稱是？",2001太空漫遊
娛樂,困難,"這位美國演員因在電影《愛在黎明破曉前》三部曲中的表現而聞名，同時也是多部理查德·林克萊特電影的常客，曾憑藉《博伊哈德》獲得奧斯卡提名。請問這位演員是誰？",伊桑·霍克
娛樂,困難,"這部香港電影由王家衛導演，張國榮和張曼玉主演，以1960年代的香港為背景，講述了兩位鄰居因懷疑各自的配偶有外遇而漸生情愫的故事。請問這部電影的名稱是？",花樣年華
娛樂,困難,"這位瑞典導演的作品包括《第七封印》、《野草莓》和《芬妮與亞歷山大》，以探討死亡、信仰和人類存在問題的深刻電影而聞名。請問這位導演是誰？",英格瑪·柏格曼
娛樂,困難,"這部日本動畫電影由今敏導演，講述了三名無家可歸的人在聖誕節發現一個被遺棄的嬰兒，並試圖尋找其父母的故事。請問這部電影的名稱是？",東京教父
娛樂,困難,"這位美國導演的作品包括《低俗小說》、《被解救的姜戈》和《好萊塢往事》，以非線性敘事、暴力場景和大量對話聞名。請問這位導演是誰？",昆丁·塔倫蒂諾
娛樂,困難,"這部波蘭電影系列由基斯洛夫斯基導演，以三部電影分別對應法國國旗的藍、白、紅三色，探討了自由、平等和博愛的主題。請問這部電影系列的名稱是？",三色系列
娛樂,困難,"這位香港導演的作品包括《重慶森林》、《春光乍洩》和《2046》，以獨特的視覺風格和情感深度聞名。請問這位導演是誰？",王家衛
娛樂,困難,"這部美國電視劇講述了1950和1960年代一家廣告公司的故事，主角唐·德雷柏由喬恩·哈姆飾演，被認為是有史以來最優秀的電視劇之一。請問這部電視劇的名稱是？",廣告狂人
娛樂,困難,"這位日本作曲家為多部宮崎駿電影創作了配樂，包括《天空之城》、《龍貓》和《神隱少女》，其音樂風格獨特且富有情感。請問這位作曲家是誰？",久石讓
娛樂,困難,"這部美國電影講述了一個名叫特拉維斯·比克爾的越戰退伍軍人開計程車的故事，由馬丁·斯科塞斯導演，羅伯特·德尼羅主演。請問這部電影的名稱是？",計程車司機
娛樂,困難,"這位法國導演的作品包括《四百擊》、《朱爾與吉姆》和《偷吻》，是法國新浪潮運動的代表人物之一。請問這位導演是誰？",弗朗索瓦·特呂弗
娛樂,困難,"這部韓國電影由李滄東導演，講述了一位阿茲海默症患者奶奶和她的孫子之間的故事，探討了記憶、家庭和死亡的主題。請問這部電影的名稱是？",詩
娛樂,困難,"這位美國演員因在電影《蝙蝠俠：黑暗騎士》中飾演小丑而聞名，但在電影上映前不幸去世，posthumously獲得了奧斯卡最佳男配角獎。請問這位演員是誰？",希斯·萊傑
娛樂,困難,"這部伊朗電影由阿斯哈·法哈蒂導演，講述了一對夫妻的婚姻危機和離婚過程，於2012年獲得了奧斯卡最佳外語片獎。請問這部電影的名稱是？",分居
娛樂,困難,"這位俄羅斯導演的作品包括《安德烈·盧布廖夫》、《鏡子》和《獻給塔可夫斯基》，以長鏡頭和精神性探索著稱。請問這位導演是誰？",安德烈·塔可夫斯基
歷史,簡單,"這場戰爭發生在公元前480年，希臘與波斯之間的衝突，著名的戰役包括溫泉關之戰，最終希臘獲勝。請問這場戰爭叫什麼？",希波戰爭
歷史,簡單,"這個中國朝代建立於公元1368年，由朱元璋建立，是中國歷史上最後一個由漢族建立的朝代。請問這個朝代是？",明朝
歷史,簡單,"這場革命發生在1789年，推翻了法國的君主制度，其口號是「自由、平等、博愛」。請問這場革命是？",法國大革命
歷史,簡單,"這位中國皇帝是秦朝的開國皇帝，統一了中國，實行郡縣制度，統一文字、貨幣和度量衡。請問這位皇帝是誰？",秦始皇
歷史,簡單,"這位英國女王統治時期被稱為「維多利亞時代」，是英國在全球擴張的鼎盛時期，她的統治長達63年。請問這位女王是誰？",維多利亞女王
歷史,簡單,"這場戰爭發生在1939年至1945年，涉及全球大多數國家，是人類歷史上規模最大的武裝衝突。請問這場戰爭是？",第二次世界大戰
歷史,簡單,"這位美國總統在1865年4月被刺殺，他在美國內戰期間領導北方聯邦軍隊，並發布了《解放奴隸宣言》。請問這位總統是誰？",亞伯拉罕·林肯
歷史,簡單,"這個中國王朝是由蒙古人建立的，忽必烈是其第一位皇帝，統治了大約100年。請問這個王朝是？",元朝
歷史,簡單,"這位古希臘哲學家是蘇格拉底的學生，柏拉圖的老師，著有《理想國》等著作。請問這位哲學家是誰？",柏拉圖
歷史,簡單,"這場革命發生在1911年10月10日，推翻了清朝的統治，結束了中國兩千多年的帝制。請問這場革命是？",辛亥革命
歷史,簡單,"這位羅馬皇帝因建立了羅馬帝國而聞名，原名屋大維，是凱撒的養子。請問這位皇帝是誰？",奧古斯都
歷史,簡單,"這場歷史事件發生在1775年至1783年，是北美十三個殖民地反抗英國統治的戰爭，最終獲得獨立。請問這場戰爭是？",美國獨立戰爭
歷史,簡單,"這個中國朝代建立於公元前221年，是中國歷史上第一個統一的多民族中央集權國家，但只存在了15年。請問這個朝代是？",秦朝
歷史,簡單,"這位法國皇帝因其軍事才能而聞名，曾經統治了歐洲大部分地區，但在滑鐵盧戰役中被擊敗。請問這位皇帝是誰？",拿破崙·波拿巴
歷史,簡單,"這場歷史事件發生在1989年11月9日，標誌著冷戰的結束和東西德分裂時代的終結。請問這個事件是？",柏林圍牆倒塌
歷史,中等,"這位中國思想家創立了儒家學說，著有《論語》，其思想對中國和東亞文化有深遠影響。請問這位思想家是誰？",孔子
歷史,中等,"這場戰爭發生在1853年至1856年，是俄國與英法土奧等國之間的衝突，以克里米亞半島為主要戰場。請問這場戰爭是？",克里米亞戰爭
歷史,中等,"這位埃及女王是埃及托勒密王朝的最後一位統治者，與羅馬的凱撒和馬可·安東尼都有關係。請問這位女王是誰？",克麗奧佩特拉七世
歷史,中等,"這個中國朝代由劉邦建立，歷時約400年，是中國歷史上最長的朝代之一，期間中國經濟文化繁榮發展。請問這個朝代是？",漢朝
歷史,中等,"這場革命發生在1917年，推翻了俄國沙皇統治，並最終導致蘇聯的建立。請問這場革命是？",俄國革命
歷史,中等,"這位中國女皇帝原是唐高宗李治的皇后，在丈夫死後自立為帝，改國號為「周」。請問這位女皇帝是誰？",武則天
歷史,中等,"這個古代帝國建立於公元前330年左右，由亞歷山大大帝建立，橫跨歐亞非三大洲。請問這個帝國是？",馬其頓帝國
歷史,中等,"這場瘟疫爆發於14世紀中葉的歐洲，導致歐洲人口減少約三分之一。請問這場瘟疫被稱為？",黑死病
歷史,中等,"這位中國軍事家和政治家是三國時期蜀漢的丞相，著有《出師表》，被稱為「臥龍」。請問這位軍事家是誰？",諸葛亮
歷史,中等,"這場戰爭發生在1861年至1865年，是美國歷史上最大的內戰，主要原因之一是奴隸制度問題。請問這場戰爭是？",美國內戰
歷史,中等,"這位中國皇帝是清朝的第四位皇帝，在位期間，中國達到了清朝鼎盛時期，疆域達到最大。請問這位皇帝是誰？",乾隆帝
歷史,中等,"這場戰爭發生在1950年至1953年，是聯合國軍和中朝聯軍之間的衝突，最終以簽訂停戰協定結束。請問這場戰爭是？",韓戰
歷史,中等,"這位羅馬將軍和政治家通過多次征服擴大了羅馬的領土，最終在公元前44年被刺殺。請問這位將軍是誰？",尤利烏斯·凱撒
歷史,中等,"這個歐洲國家在15至17世紀進行了大規模的海外探險，建立了第一個全球性的殖民帝國。請問這個國家是？",葡萄牙
歷史,中等,"這位中國政治家是中華民國的創始人，被尊稱為「國父」，提出了三民主義的政治理念。請問這位政治家是誰？",孫中山
歷史,困難,"這場中國歷史上的起義發生在184年，由張角領導，信奉太平道，參與者頭戴黃巾，因此得名。請問這場起義是？",黃巾起義
歷史,困難,"這位古希臘歷史學家被稱為「歷史之父」，著有《歷史》一書，記錄了希波戰爭的歷史。請問這位歷史學家是誰？",希羅多德
歷史,困難,"這個條約簽訂於1648年，結束了歐洲三十年戰爭，確立了民族國家的主權原則，被視為現代國際關係的開端。請問這個條約是？",威斯特伐利亞和約
歷史,困難,"這位中國女政治家是唐代的權臣，掌握了大唐帝國的實際權力，但被後人稱為「武后」或「則天後」，而非「武則天」。請問這位政治家在歷史上的正式稱號是？",則天大聖皇帝
歷史,困難,"這場戰爭發生在1337年至1453年，是英國和法國之間持續了116年的衝突，因英國國王爭奪法國王位而起。請問這場戰爭是？",百年戰爭
歷史,困難,"這個西班牙的穆斯林王朝統治了伊比利亞半島的大部分地區近800年，直到1492年被天主教徒收復。請問這個王朝是？",伍麥葉王朝
歷史,困難,"這位中國哲學家是儒家學派的代表人物之一，提出了「性善論」，著有《孟子》一書。請問這位哲學家是誰？",孟子
歷史,困難,"這場歷史事件發生在1618年至1648年，主要在神聖羅馬帝國境內進行，是歐洲宗教改革後的一系列戰爭。請問這場戰爭是？",三十年戰爭
歷史,困難,"這位中國政治家和軍事家是西漢開國皇帝，在楚漢相爭中戰勝項羽，建立漢朝。請問這位皇帝的廟號是？",漢高祖
歷史,困難,"這場歷史事件發生在1756年至1763年，是英國和法國等歐洲強國在全球範圍內的衝突，也被稱為「第一次世界大戰」。請問這場戰爭是？",七年戰爭
歷史,困難,"這位意大利政治思想家著有《君主論》，提出了「目的正當手段」的觀點，被視為現代政治學的奠基人之一。請問這位思想家是誰？",尼可羅·馬基亞維利
歷史,困難,"這個條約簽訂於1919年，結束了第一次世界大戰，但其苛刻條款被認為是導致第二次世界大戰的原因之一。請問這個條約是？",凡爾賽和約
歷史,困難,"這位中國思想家是道家學派的創始人，著有《道德經》，主張「無為而治」。請問這位思想家是誰？",老子
歷史,困難,"這場宗教改革運動始於16世紀，由馬丁·路德發起，反對羅馬天主教會的一些做法，導致了新教的產生。請問這場運動是？",宗教改革
歷史,困難,"這位中國軍事家和政治家是春秋時期的鄭國相國，著有《六韜》，被譽為「春秋第一相」。請問這位軍事家是誰？",子產
歷史,困難,"這場戰爭發生在1853年至1856年，是清朝與英法等西方國家之間的衝突，以《天津條約》和《北京條約》的簽訂而結束。請問這場戰爭是？",第二次鴉片戰爭
歷史,困難,"這位古希臘哲學家是亞里士多德的老師，柏拉圖的學生，提出了「認識你自己」的名言。請問這位哲學家是誰？",蘇格拉底
歷史,困難,"這個中國朝代由趙匡胤建立，實行「重文輕武」政策，出現了「范仲淹、歐陽修、王安石」等著名政治家和文學家。請問這個朝代是？",宋朝
歷史,困難,"這場歷史事件發生在1789年7月14日，巴黎市民攻佔了這座監獄，被視為法國大革命的開端。請問這座監獄是？",巴士底獄
歷史,困難,"這位中國思想家是法家學派的代表人物，著有《韓非子》，主張嚴刑峻法，但本人卻死於秦王嬴政之手。請問這位思想家是誰？",韓非子
理科,簡單,"這種無色、無味、無臭的氣體是地球大氣層中含量最多的，約佔78%，不易與其他物質發生反應。請問這種氣體是？",氮氣
理科,簡單,"這種物質狀態的分子間距較大，沒有固定形狀，但有固定體積，如水和油。請問這種物質狀態是？",液體
理科,簡單,"這種儀器用於測量物體的溫度，常見的有水銀溫度計和酒精溫度計。請問這種儀器是？",溫度計
理科,簡單,"地球上的生物圈中，這個過程使用二氧化碳和水，在陽光的作用下產生葡萄糖和氧氣。請問這個過程是？",光合作用
理科,簡單,"這種力使得物體總是朝著地心方向下落，是由於地球對物體的吸引。請問這種力是？",重力
理科,簡單,"這個系統將我們的身體分為不同的器官，包括心臟、肺、肝臟等，負責運輸、消化和排泄等功能。請問這個系統是？",內臟系統
理科,簡單,"這種動物屬於哺乳類，但與其他哺乳動物不同的是，它們生蛋而不是直接生育幼崽，如鴨嘴獸。請問這類動物是？",單孔類
理科,簡單,"在數學中，這個數被定義為圓的周長與直徑的比值，大約等於3.14159。請問這個數是？",圓周率π
理科,簡單,"這種能量形式與物體的運動狀態有關，如跑步的人、飛行的鳥、流動的水都具有這種能量。請問這種能量是？",動能
理科,簡單,"這種物質是生命的基本單位，由細胞核、細胞質和細胞膜構成，可以獨立生存或組成更複雜的生物體。請問這種物質是？",細胞
理科,簡單,"這種儀器用於觀察微小物體，如細胞、細菌等，通過放大鏡片使肉眼能夠看到這些微小物體。請問這種儀器是？",顯微鏡
理科,簡單,"這種化學反應將兩種或多種物質結合形成新物質，如氫氣和氧氣結合形成水。請問這種化學反應是？",化合反應
理科,簡單,"這個理論由艾薩克·牛頓提出，用來解釋物體的運動規律，包括慣性定律、加速度定律和作用力與反作用力定律。請問這個理論是？",牛頓運動定律
理科,簡單,"這種物質在電路中能夠阻礙電流的流動，如橡膠、玻璃和塑料。請問這種物質是？",絕緣體
理科,簡單,"這個天體是太陽系中最大的行星，有一個著名的大紅斑，並擁有至少79顆衛星。請問這個天體是？",木星
理科,中等,"這種物理現象描述了光通過兩個狹縫後產生的干涉圖案，是光的波動性的重要證據。請問這種現象是？",雙縫干涉
理科,中等,"這個化學元素是鹼金屬，原子序數為3，在室溫下為銀白色固體，具有很強的還原性。請問這個元素是？",鋰
理科,中等,"這種生物學過程是細胞分裂的一種形式，涉及染色體的複製和分離，最終形成四個單倍體細胞。請問這種過程是？",減數分裂
理科,中等,"這個物理學家提出了相對論，包括特殊相對論和廣義相對論，改變了人們對時間、空間和引力的理解。請問這個物理學家是誰？",阿爾伯特·愛因斯坦
理科,中等,"這種化學鍵是由原子之間共用電子對形成的，如氫分子中的氫原子之間的鍵。請問這種化學鍵是？",共價鍵
理科,中等,"這個物理學定律指出，在閉合電路中，電勢的總和等於零，是基本的電路分析工具。請問這個定律是？",基爾霍夫電壓定律
理科,中等,"這種力是由於物體間的電荷差異而產生的，遵循庫侖定律，正電荷和正電荷相互排斥，正電荷和負電荷相互吸引。請問這種力是？",靜電力
理科,中等,"這個數學概念是函數導數為零的點，可能是函數的極大值、極小值或水平拐點。請問這個概念是？",臨界點
理科,中等,"這種生物學現象是物種通過遺傳變異和自然選擇，逐漸適應環境並產生新物種的過程。請問這種現象是？",進化
理科,中等,"這個化學原理指出，當一個平衡系統受到外界干擾時，系統會朝著減弱這種干擾的方向調整，以達到新的平衡。請問這個原理是？",勒沙特列原理
理科,中等,"這種地質構造是由於地殼板塊運動產生的，可能導致地震和火山活動，如太平洋周圍的環形帶。請問這種地質構造是？",斷層
理科,中等,"這個天體是距離地球最近的恆星，直徑約為地球的109倍，是太陽系的中心。請問這個天體是？",太陽
理科,中等,"這種化學反應釋放熱能到周圍環境中，如燃燒和中和反應。請問這種化學反應是？",放熱反應
理科,中等,"這個生物學概念是指一個物種在其生態系統中的作用和地位，包括其食物來源、天敵和棲息地。請問這個概念是？",生態位
理科,中等,"這個數學概念是一個二維曲線，由所有與兩個固定點的距離之和為常數的點組成。請問這個概念是？",橢圓
理科,困難,"這個物理學概念是光電效應的基礎，指的是光的能量不是連續分布的，而是以小包裹或「量子」的形式存在。請問這個概念是？",光量子
理科,困難,"這個化學反應機制涉及自由基的形成和消失，通常包括起始、傳播和終止三個階段，是許多聚合反應的基礎。請問這個反應機制是？",自由基反應
理科,困難,"這個生物學過程是DNA轉錄為RNA的過程，由RNA聚合酶催化，是蛋白質合成的第一步。請問這個過程是？",轉錄
理科,困難,"這個物理學原理指出，不可能同時精確地測量一個粒子的位置和動量，是量子力學的基本原理之一。請問這個原理是？",海森堡不確定性原理
理科,困難,"這種數學方法用於解決涉及多個變量最優化問題，使用拉格朗日乘數來尋找極值。請問這種方法是？",拉格朗日乘數法
理科,困難,"這個化學現象是指一些元素能夠以多種同素異形體存在，如碳的同素異形體包括鑽石、石墨和富勒烯。請問這個現象是？",同素異形現象
理科,困難,"這個物理學概念是描述粒子在量子力學中的行為的數學函數，其平方表示找到粒子的概率密度。請問這個概念是？",波函數
理科,困難,"這種生物學現象是指不同物種間的相互作用，其中一方受益而另一方不受影響，如某些鳥類和大型哺乳動物之間的關係。請問這種現象是？",偏利共生
理科,困難,"這個數學分支研究空間中的性質，如距離、角度和曲率，是愛因斯坦廣義相對論的數學基礎。請問這個數學分支是？",微分幾何
理科,困難,"這個化學原理指出，在一個系統中，粒子總是自發地從高濃度區域擴散到低濃度區域，直到濃度均勻。請問這個原理是？",擴散原理
理科,困難,"這個物理學現象是指某些材料在特定溫度以下失去電阻的現象，允許電流無阻力地流動。請問這個現象是？",超導現象
理科,困難,"這種生物學現象是指生物通過感知日照時間的變化來調整其行為和生理過程，如植物的開花和動物的遷徙。請問這種現象是？",光周期反應
理科,困難,"這個化學概念是指原子核中質子數相同但中子數不同的元素，具有相同的化學性質但不同的物理性質。請問這個概念是？",同位素
理科,困難,"這個物理學原理指出，封閉系統中的熵總是增加的，是熱力學第二定律的一種表述。請問這個原理是？",熵增原理
理科,困難,"這種地質現象是指地球表面的大型板塊緩慢移動，導致大陸漂移、海洋形成和山脈隆起。請問這種現象是？",板塊構造學說
理科,困難,"這個數學概念用於描述複數的幾何表示，將複數視為二維平面上的點，實部為x軸，虛部為y軸。請問這個概念是？",複數平面/阿基米德平面
理科,困難,"這個生物學原理指出，每個生物的形態和功能都與其生存環境密切相關，是達爾文進化論的基礎之一。請問這個原理是？",適者生存原理
理科,困難,"這個化學概念是指物質的化學性質與原子電子層的填充情況有關，使得元素可以按照週期性規律排列。請問這個概念是？",週期律
理科,困難,"這個物理學理論將引力解釋為時空曲率導致的現象，是愛因斯坦在1915年提出的。請問這個理論是？",廣義相對論
理科,困難,"這個數學概念是研究幾何體在連續變形下保持不變的性質，如拓撲學中一個圓和一個正方形被認為是同一類型。請問這個概念是？",同胚
社會,簡單,"這種在香港的選舉制度中，市民透過投票選出立法會議員、區議員等公職人員的過程。請問這種制度是？",普選/普通選舉
社會,簡單,"這是一種組織形式，由一群志同道合的人自願組成，為社會公益服務而不謀取利潤，如綠色和平、樂施會等。請問這種組織是？",非政府組織/NGO
社會,簡單,"這是一種經濟制度，強調私有財產、市場競爭和利潤驅動，與計劃經濟相對。請問這種經濟制度是？",資本主義
社會,簡單,"這是香港的法定最低工資制度，規定僱主必須支付僱員的最低時薪。請問2023年5月起，香港的最低工資是每小時多少港幣？",40港元
社會,簡單,"這種制度要求公民在一定年齡後必須服一段時間的軍事訓練和服務，如韓國、新加坡等國家實行。請問這種制度是？",徵兵制/義務兵役制
社會,簡單,"這是一種社會現象，指人口從農村向城市集中，導致城市規模擴大和人口增加。請問這種現象是？",城市化
社會,簡單,"這是指民眾通過集會、遊行等方式表達意見和訴求的權利，是民主社會中公民的基本權利之一。請問這種權利是？",集會自由/示威權利
社會,簡單,"這個機構是國際上最大的多邊組織，成立於1945年，總部位於紐約，旨在維護世界和平與安全。請問這個機構是？",聯合國
社會,簡單,"這個社會問題指的是社會財富和資源分配不均，導致不同群體間的經濟狀況差距擴大。請問這個問題是？",貧富差距/社會不平等
社會,簡單,"這個概念指的是保護自然環境和生態系統，確保資源的可持續利用，以滿足當代人需求的同時不損害後代人的利益。請問這個概念是？",環境保護/可持續發展
社會,簡單,"這種社會保障制度由政府提供，保證老年人退休後的基本生活需求，如香港的強積金制度。請問這種制度是？",退休保障/養老金制度
社會,簡單,"這種制度允許人們自由選擇信仰的宗教，並保護不同宗教信仰者的權利。請問這種制度是？",宗教自由
社會,簡單,"這個概念是指媒體能夠不受政府或其他權力機構的控制和干預，自由報導新聞和表達觀點。請問這個概念是？",新聞自由/媒體獨立
社會,簡單,"這是指同一工作崗位上，不同性別的員工獲得相同的工資待遇。請問這個概念是？",同工同酬
社會,簡單,"這是一種犯罪行為，指利用網絡技術非法侵入他人計算機系統，竊取數據或造成破壞。請問這種行為是？",網絡犯罪/黑客攻擊
社會,中等,"這個政治理念強調個人自由、市場經濟和有限政府，被認為是現代民主制度的基礎之一。請問這個政治理念是？",自由主義
社會,中等,"這個概念指的是一個國家或社會中不同的文化、種族、宗教等群體能夠和平共處，相互尊重，不因差異而產生衝突。請問這個概念是？",多元文化主義
社會,中等,"這種社會現象指的是出生率下降、壽命延長導致的人口年齡結構變化，使得老年人口比例增加。請問這種現象是？",人口老齡化
社會,中等,"這個制度是指一國兩制中的「一國」部分，強調香港和澳門是中國不可分割的一部分。請問這個制度是？",主權
社會,中等,"這個概念指的是政府限制市場中的壟斷行為，確保市場競爭的公平性，如反壟斷法等政策。請問這個概念是？",反壟斷/競爭政策
社會,中等,"這個制度允許人民通過選舉代表來行使權力，代表們代表選民的意願制定法律和政策。請問這個制度是？",代議制民主
社會,中等,"這個概念指的是對商品和服務征收的稅款，由消費者在購買時支付，如香港的煙酒稅。請問這個概念是？",消費稅
社會,中等,"這個理論認為社會進步是通過階級鬥爭實現的，最終達到沒有剝削和壓迫的共產主義社會。請問這個理論是？",馬克思主義
社會,中等,"這個概念指的是社會公權力對個人私領域的侵犯，如未經授權監控公民的通訊或活動。請問這個概念是？",侵犯隱私
社會,中等,"這個制度是指政府對媒體內容進行審查和控制，限制某些資訊的傳播，如戰時的新聞管制。請問這個制度是？",媒體審查
社會,中等,"這個社會問題指的是因為性別、種族、年齡等因素導致的不公平待遇，如職場中的性別歧視。請問這個問題是？",社會歧視
社會,中等,"這個經濟概念指的是物價持續上漲，貨幣購買力下降的現象，通常由貨幣供應過多或生產成本上升等因素導致。請問這個概念是？",通貨膨脹
社會,中等,"這個原則是指政府的權力應該被分散到不同部門，以防止權力過度集中導致濫用，通常分為立法、行政和司法三個部門。請問這個原則是？",三權分立
社會,中等,"這個概念指的是一個國家內部含有多個民族，且國家認可多個民族的文化和語言權利。請問這個概念是？",多民族國家
社會,中等,"這個理論認為國際關係主要由國家之間的權力平衡決定，強調國家安全和自身利益的最大化。請問這個理論是？",現實主義
社會,困難,"這個政治哲學概念主張政府的合法性來源於被統治者的同意，強調社會契約的重要性，由洛克、盧梭等人提出。請問這個概念是？",社會契約論
社會,困難,"這個經濟學理論認為市場會自然達到均衡，政府干預反而會導致市場扭曲，由亞當·斯密等人提出。請問這個理論是？",自由市場理論/古典經濟學
社會,困難,"這個社會學概念指的是一個人的社會地位和角色可能與其實際能力和貢獻不符，導致資源分配不合理，由韋伯提出。請問這個概念是？",社會分層/階級固化
社會,困難,"這個法律原則是指被告在未被證明有罪前應被視為無罪，舉證責任在於控方，是現代法治社會的基本原則。請問這個原則是？",無罪推定原則
社會,困難,"這個政治制度是指權力高度集中於一個人或一小群人手中，通常通過強制和威懾來維持統治，與民主制度相對。請問這個制度是？",威權主義/獨裁制度
社會,困難,"這個經濟理論提出，政府應該在經濟衰退時增加公共支出和減稅，在經濟過熱時減少支出和增稅，以平衡經濟週期。請問這個理論是？",凱恩斯主義/宏觀經濟調控
社會,困難,"這個社會現象指的是一個地區或國家的人口數量下降，可能由低出生率、高死亡率或大規模移民等因素導致。請問這個現象是？",人口負增長/人口萎縮
社會,困難,"這個政治哲學概念主張政府應當通過稅收、福利和公共服務等手段重新分配財富，減少社會不平等。請問這個概念是？",再分配政策/福利國家
社會,困難,"這個國際關係理論認為國際機構、非政府組織和跨國公司等非國家行為體在全球政治中扮演重要角色。請問這個理論是？",自由制度主義/多元主義
社會,困難,"這個社會學概念指的是個體在社會中通過學習和內化社會價值觀和行為規範的過程，由家庭、學校和媒體等機構影響。請問這個概念是？",社會化
社會,困難,"這個經濟學概念指的是個體在追求自身利益最大化時可能導致對整體不利的結果，如環境污染或過度捕撈。請問這個概念是？",公地悲劇/集體行動困境
社會,困難,"這個法律原則指的是法律必須清晰、穩定和可預測，使公民能夠理解法律並據此安排行為，是法治社會的基本要求。請問這個原則是？",法律確定性原則
社會,困難,"這個社會理論認為社會結構和制度對個體行為有決定性影響，而非個體的自由意志，由涂爾幹等人提出。請問這個理論是？",結構功能主義
社會,困難,"這個政治哲學概念強調公民積極參與公共事務，通過討論和辯論形成公共意見，而不僅僅是投票選舉，由哈貝馬斯等人提出。請問這個概念是？",審議民主/公共領域
社會,困難,"這個經濟學概念指的是經濟體系中生產者和消費者之間的資訊不對稱，可能導致市場失靈，如二手車市場的「檸檬問題」。請問這個概念是？",信息不對稱
社會,困難,"這個國際關係理論認為國家間的合作是可能的，通過建立國際制度和規範可以克服權力政治的困境，與現實主義相對。請問這個理論是？",新自由制度主義
社會,困難,"這個社會學概念指的是一個人的社會關係網絡可以轉化為其他形式的資本，如經濟資本或文化資本，由布爾迪厄提出。請問這個概念是？",社會資本
社會,困難,"這個政治學概念指的是政府機構為了追求自身利益而擴大規模和預算，可能背離公共利益，由尼斯卡南等人提出。請問這個概念是？",公共選擇理論/官僚制增長
社會,困難,"這個經濟學概念指的是因為一方行為而影響第三方福利的情況，如工廠排放污染物影響周邊居民健康。請問這個概念是？",外部性/外溢效應
社會,困難,"這個社會學概念指的是社會群體內部形成的非正式規範和價值觀，通過群體壓力來強制成員遵守，由默頓等人研究。請問這個概念是？",社會控制/群體規範
生活,簡單,"這種常見的香港早餐食品，由蛋、麵粉、牛奶和糖製成，通常配以黃油、花生醬或煉乳。請問這種食品是？",西多士
生活,簡單,"這種健康生活方式包括規律作息、均衡飲食和適量運動，能幫助預防慢性疾病。請問這種生活方式是？",健康生活/養生
生活,簡單,"這種常見的中式點心是由豬肉、蝦仁等餡料包在薄皮中蒸熟，通常放在竹製蒸籠中。請問這種點心是？",餃子/燒賣
生活,簡單,"這種家務活動是用吸塵器、拖把、抹布等工具清潔室內環境，去除灰塵和污垢。請問這種活動是？",打掃/清潔
生活,簡單,"這種交通工具在香港很常見，車身為紅色，可以在路邊或的士站招手截停。請問這種交通工具是？",的士/計程車
生活,簡單,"這種日常生活技能是將針線穿過布料，修補破損或製作衣物。請問這種技能是？",縫紉
生活,簡單,"這是一種香港特色飲品，以茶和奶為主要材料，通常在茶餐廳供應。請問這種飲品是？",港式奶茶
生活,簡單,"這種家用電器用於洗滌衣物，減輕家務勞動，現代家庭幾乎必備。請問這種電器是？",洗衣機
生活,簡單,"這種活動是將蔬菜、水果、肉類等食材切成小塊，加上調味料烹飪成菜餚。請問這種活動是？",烹飪/做飯
生活,簡單,"這種公共交通工具在香港非常普及，有上層和下層，車身為紅色，是香港的標誌之一。請問這種交通工具是？",雙層巴士
生活,簡單,"這種日常用品用於清潔身體，通常為固體方形，使用時會產生泡沫。請問這種用品是？",肥皂
生活,簡單,"這種活動是將衣物浸泡在水中，加入洗衣粉或洗衣液，去除污漬和異味。請問這種活動是？",洗衣服
生活,簡單,"這種電器用於儲存和冷藏食物，防止食物變質，幾乎每個家庭都有。請問這種電器是？",冰箱
生活,簡單,"這種活動是將床單、被套、枕套等寢具更換並清洗，保持床鋪的乾淨和舒適。請問這種活動是？",換床單/整理床鋪
生活,簡單,"這種常見的早餐食品是由麵糰發酵後烤製而成，可以搭配果醬、奶油或夾肉食用。請問這種食品是？",麵包
生活,中等,"這種烹飪方法是將食材放入少量油中快速翻炒，保持食材的鮮味和營養，是中國菜常用的烹飪技巧。請問這種烹飪方法是？",快炒/爆炒
生活,中等,"這種家居裝飾風格強調簡約、功能性和自然材料，減少不必要的裝飾，源自北歐國家。請問這種裝飾風格是？",北歐風格/簡約風格
生活,中等,"這種日本飲食文化概念強調食物的新鮮和季節性，尊重食材的原味，最大化展現食材的風味。請問這種概念是？",旬味/食物鮮度
生活,中等,"這種茶葉經過特殊的發酵過程製成，茶湯呈紅色，風味醇厚，如大紅袍、鐵觀音等。請問這種茶是？",烏龍茶
生活,中等,"這種服裝保養方法是根據衣物標籤上的指示選擇適當的洗滌方式，如水洗、乾洗或手洗。請問這種方法是？",根據衣物標籤護理
生活,中等,"這種居家整理方法由日本作家近藤麻理惠提出，強調只保留「帶來快樂」的物品，簡化生活。請問這種方法是？",斷捨離/KonMari整理法
生活,中等,"這種調味料由大豆和小麥發酵製成，是日本料理中常用的調味品，如拉麵、壽司等。請問這種調味料是？",醬油
生活,中等,"這種植物護理方法是將盆栽中的植物轉移到更大的盆中，給植物根系更多的生長空間。請問這種方法是？",換盆
生活,中等,"這種烹飪工具由鑄鐵製成，可以均勻分散熱量，適合慢火烹飪和燉煮，使用壽命長。請問這種工具是？",鑄鐵鍋
生活,中等,"這種運動方式結合了呼吸控制、冥想和身體姿勢，有助於增強身體靈活性和心靈平靜。請問這種運動是？",瑜伽
生活,中等,"這種家務管理方法是制定每日、每週和每月的清潔計劃，確保家居環境的整潔和衛生。請問這種方法是？",家務清單/家務規劃
生活,中等,"這種食物保存方法是將食材放在空氣中風乾，以延長保存時間，如風乾香腸、風乾魚等。請問這種方法是？",風乾/曬乾
生活,中等,"這種手工藝活動是用針和線在布料上繡出各種圖案和文字，可以作為裝飾或藝術表達。請問這種活動是？",刺繡
生活,中等,"這種家居植物因為容易養護、耐陰且能淨化空氣而受歡迎，如蘆薈、常春藤等。請問這種植物是？",室內植物/觀葉植物
生活,中等,"這種飲食模式強調新鮮蔬菜、水果、橄欖油和魚類，減少紅肉攝入，被認為有助於心血管健康。請問這種飲食模式是？",地中海飲食
生活,困難,"這種古老的日本修繕藝術是指用金粉或銀粉修復破損的陶器，使修復部分成為裝飾的一部分，體現物品的歷史和美感。請問這種藝術是？",金繕
生活,困難,"這種咖啡沖煮方法使用特殊的濾紙和錐形濾杯，水流通過咖啡粉的方式影響咖啡的風味，需要控制水溫和流速。請問這種方法是？",手沖咖啡
生活,困難,"這種法國菜烹飪技術是指先將肉類快速煎封表面，再慢火煮至嫩熟，保持肉質的多汁和柔嫩。請問這種技術是？",油封/油浸法
生活,困難,"這種服裝面料由棉花、亞麻或其他植物纖維經特殊處理製成，具有防水、防風和耐用的特性，常用於戶外服裝。請問這種面料是？",蠟染布/蠟布
生活,困難,"這種園藝技術是將一種植物的枝條接在另一種植物的莖或根上，使兩者共同生長，常用於果樹培育。請問這種技術是？",嫁接
生活,困難,"這種日本飲食哲學強調食物的五種基本味道（甜、鹹、酸、苦、鮮）和食物的「色、香、味、形、器」的平衡。請問這種哲學是？",和食/日本料理美學
生活,困難,"這種皮革護理方法需要使用特殊的皮革油或乳霜，按照皮革紋理方向塗抹，保持皮革的柔軟和光澤。請問這種方法是？",皮革上油/皮革護理
生活,困難,"這種中式烹飪技術要求火候精準控制，食材快速下鍋翻炒後立即出鍋，保持食材的脆嫩口感。請問這種技術是？",急火快炒/滑炒
生活,困難,"這種家居空間設計理念源自中國古代，強調空間的流動性和連續性，注重自然光線和通風，如四合院設計。請問這種理念是？",中式風水/中式空間設計
生活,困難,"這種高端廚房烹飪技術使用真空密封袋和精確控溫的水浴，在低溫下長時間烹調食材，保持營養和風味。請問這種技術是？",低溫慢煮/舒肥法
生活,困難,"這種北歐生活概念強調舒適、溫馨和滿足感，包括享用熱巧克力、點蠟燭和穿舒適衣物等元素，特別流行於冬季。請問這種概念是？",丹麥的Hygge（舒適）生活
生活,困難,"這種日本整理哲學強調只保留必需品和真正喜愛的物品，減少物質佔據的空間，提高生活質量。請問這種哲學是？",極簡主義/極簡生活
生活,困難,"這種服裝設計理念強調服裝的多功能性和耐用性，通過模塊化設計使一件衣物可以有多種穿法，減少消費。請問這種理念是？",可持續時尚/模塊化設計
生活,困難,"這種中國傳統建築理念注重建築與自然環境的和諧，強調建築朝向、高度和佈局對居住者運勢的影響。請問這種理念是？",風水學
生活,困難,"這種烘焙技術要求對麵團的發酵過程有精確控制，使用天然酵母而非商業酵母，發酵時間通常長達24小時以上。請問這種技術是？",天然酵種麵包製作/酵母培養
生活,困難,"這種中國茶藝技術注重水溫、泡茶時間和茶具選擇，通過特定的程序展示茶的香氣、味道和色澤。請問這種技術是？",功夫茶藝
生活,困難,"這種日本傳統家居整理方法強調物品的垂直收納，使用特定的摺疊技術讓衣物可以直立放置，增加收納空間。請問這種方法是？",立式收納法
生活,困難,"這種廚房管理系統源自法國專業廚房，將工作區域分為不同站位，每個廚師負責特定的烹飪任務，提高效率。請問這種系統是？",廚房站位制/法式廚房管理
生活,困難,"這種服裝護理技術針對特定面料如羊絨、真絲等高級面料，需要使用特殊的洗滌劑和技巧，避免縮水和變形。請問這種技術是？",精細面料護理
生活,困難,"這種日本花藝藝術注重空間感和季節性，通過最少的花材表達深刻的意境，強調自然美和簡約。請問這種藝術是？",池坊插花/日本花道
語言,簡單,"這種語言現象是指一個詞在不同語境下有不同含義，如「蘋果」可以指水果也可以指科技公司。請問這種語言現象叫？",多義詞
語言,簡單,"這種漢字結構是指字的上下結構，如「草」、「苗」、「花」等。請問這種結構叫？",上下結構
語言,簡單,"這種英語詞類用來代替名詞，避免重複，如「he」、「she」、「it」等。請問這種詞類是？",代詞
語言,簡單,"這種語言修辭手法通過誇張的描述來強調某一特點，如「餓得能吃下一頭牛」。請問這種修辭手法是？",誇張
語言,簡單,"這個漢字部首表示與水相關的事物，如「海」、「河」、「湖」等。請問這個部首是？",水部
語言,簡單,"這種詞語能夠模仿自然界的聲音，如「嘩啦啦」、「叮噹」、「喵喵」等。請問這種詞語叫？",擬聲詞
語言,簡單,"這種語言現象是指兩個詞的發音相同但意義和寫法不同，如「雨/語」、「二/耳」。請問這種語言現象叫？",同音詞
語言,簡單,"這種英語時態用來表示過去發生的動作或狀態，如「I went to school yesterday.」。請問這種時態是？",過去式
語言,簡單,"這種修辭手法通過比較兩個不同事物的相似之處，如「他像一頭獅子一樣勇猛」。請問這種修辭手法是？",比喻
語言,簡單,"這種漢字筆順規則是指書寫漢字時橫畫先於豎畫書寫。請問這種規則叫？",先橫後豎
語言,簡單,"這種語法現象是指主語和謂語在數量上的一致，如「He goes」而非「He go」。請問這種現象叫？",主謂一致
語言,簡單,"這種英語詞類用來描述動作或狀態，是句子的核心成分，如「run」、「eat」、「sleep」等。請問這種詞類是？",動詞
語言,簡單,"這種漢字結構是指字的左右結構，如「好」、「明」、「林」等。請問這種結構叫？",左右結構
語言,簡單,"這個英語字母在字母表中排第五位，發音為/e/，如在「elephant」、「egg」中。請問這個字母是？",E
語言,簡單,"這種語言現象是指一個詞的意思與另一個詞相反，如「大/小」、「長/短」、「好/壞」等。請問這種語言現象叫？",反義詞
語言,中等,"這種語言現象是指一個詞的發音和另一個詞相似但意義不同，容易混淆，如「affect/effect」、「accept/except」。請問這種現象叫？",形近詞
語言,中等,"這種修辭手法是通過使用與字面意思相反的表達來表達真實意思，如「這真是個好消息啊」（實際上是壞消息）。請問這種修辭手法是？",反諷
語言,中等,"這種詞語結構是由四個漢字組成，結構嚴謹，多表達一個完整的含義，如「一日千里」、「萬紫千紅」。請問這種詞語結構叫？",成語
語言,中等,"這種英語詞類用來連接句子中的其他部分，如「and」、「but」、「because」等。請問這種詞類是？",連接詞
語言,中等,"這種語言現象是將抽象概念人格化，使其具有生命和情感，如「春天來了」、「時間在流逝」。請問這種語言現象叫？",擬人
語言,中等,"這種漢字演變過程是指從甲骨文、金文到小篆、隸書再到楷書的過程。請問這種演變過程叫？",漢字演變
語言,中等,"這種修辭手法通過並列相似結構的短語或句子來強調，如「不是不報，時候未到」。請問這種修辭手法是？",排比
語言,中等,"這種語言學概念是指語言使用者根據語境和社會文化背景理解語言含義的能力。請問這種概念叫？",語用學
語言,中等,"這種英語句子結構是指主語、謂語動詞和賓語的基本排列，如「I love you」。請問這種結構叫？",主謂賓結構
語言,中等,"這種詞匯現象是指一個詞在使用過程中意義逐漸變化，如「gay」一詞從「快樂的」變為指「同性戀者」。請問這種現象叫？",語義變化
語言,中等,"這種書寫系統是根據發音來拼寫詞語，如漢語拼音或英語拼寫。請問這種系統叫？",音素文字/拼音文字
語言,中等,"這種修辭手法通過使用表示整體的詞來代指部分，或用部分代指整體，如「全國歡騰」（部分人歡騰）。請問這種修辭手法是？",提喻/轉喻
語言,中等,"這種語言特性是指一種語言能夠創造無限多的句子，是人類語言區別於動物溝通的重要特徵。請問這種特性叫？",創造性/生成性
語言,中等,"這種英語句型用來表達條件關係，通常包含「if」子句，如「If it rains, I will stay at home」。請問這種句型叫？",條件句
語言,中等,"這種語言現象是指詞語的字面意義與實際表達意義之間的差距，如諷刺、反諷等。請問這種現象叫？",語義偏離
語言,困難,"這種語言學概念是指不同語言對同一事物的分類和概念化方式不同，影響人們的思維方式，由薩丕爾和沃爾夫提出。請問這種概念叫？",薩丕爾-沃爾夫假說
語言,困難,"這種語音現象是指人說話時不自覺地模仿對方的口音、語調、語速等特徵。請問這種現象叫？",語音適應/語音融合
語言,困難,"這種語法結構是指句子中的一個成分（通常是名詞短語）被移到句首，以強調該成分，如「這本書，我已經讀過了」。請問這種結構叫？",話題化/前置
語言,困難,"這種語言學研究方法關注語言在實際使用環境中的功能和效果，而非僅關注語言的形式結構。請問這種方法叫？",功能語言學
語言,困難,"這種語言現象是指一個詞在不同歷史時期或不同社會群體中有不同的含義，如「gay」一詞的演變。請問這種現象叫？",語義演變
語言,困難,"這種語法概念是指句子成分之間的依存關係，如主語和動詞、動詞和賓語之間的關係。請問這種概念叫？",句法關係
語言,困難,"這種修辭手法是通過使用明顯矛盾的詞語組合來表達深層含義，如「雄辯的沉默」。請問這種修辭手法是？",矛盾修辭法
語言,困難,"這種語言現象是指一個詞或短語在特定語境中獲得的臨時意義，如「你真是個天才」可能是褒義也可能是反諷。請問這種現象叫？",語境義
語言,困難,"這種語音變化現象是指發音位置相近的音在連續發音時相互影響，如「in book」中的/n/會受到後面/b/的影響變成/m/。請問這種現象叫？",同化作用
語言,困難,"這種語法結構允許在不改變句子基本意義的情況下，將賓語轉變為主語，如「蘋果被我吃了」。請問這種結構叫？",被動結構/被動語態
語言,困難,"這種語言學分支研究語言的歷史演變和語言之間的親緣關係，如印歐語系的研究。請問這種語言學分支叫？",歷史語言學
語言,困難,"這種語言現象是指一個詞或短語的字面意義與實際使用意義之間的固定化差距，如「踢桶」表示「死亡」。請問這種現象叫？",固定搭配/熟語
語言,困難,"這種語法概念是指語言中表達時間、體貌和情態的系統，如英語中的「完成時」、「進行時」等。請問這種概念叫？",時體系統
語言,困難,"這種語言使用策略是說話者通過使用較模糊的表達來避免直接表明立場或冒犯他人，如「這個方案可能需要再考慮」。請問這種策略叫？",語言委婉/模糊語言
語言,困難,"這種語言學理論關注語言的普遍性和人類大腦中可能存在的「語言獲得裝置」，由諾姆·喬姆斯基提出。請問這種理論叫？",普遍語法理論
語言,困難,"這種語音現象是指某些音在特定環境中的消失，如英語中「listen」的/t/不發音。請問這種現象叫？",音消失/音脫落
語言,困難,"這種語法概念是指在一個句子中嵌入另一個句子，如「我知道他來了」中的「他來了」是嵌入的句子。請問這種概念叫？",嵌入句/從句
語言,困難,"這種語言變體是指在特定社會群體或專業領域中使用的特殊詞彙和表達方式，如醫學術語、法律用語等。請問這種變體叫？",專業語言/行話
語言,困難,"這種語言學研究方法關注語言的社會背景和使用者的社會特徵，如性別、年齡、社會階層等對語言使用的影響。請問這種方法叫？",社會語言學
語言,困難,"這種語言現象是指詞語的意義隨著使用頻率的增加而逐漸減弱，如「非常」、「超級」等詞。請問這種現象叫？",語義淡化/語義磨損