主分類,子分類,難度,題目,答案
文學,0,1,"「詩仙」是對他的美譽，其詩風豪邁奔放，富有浪漫主義色彩，代表作有《靜夜思》、《將進酒》等。請問這位唐代偉大詩人是誰？",李白
文學,0,2,"這部儒家經典據傳由孔子編訂，是中國最早的詩歌總集，分為風、雅、頌三個部分。請問這是哪一部典籍？",詩經
文學,0,3,"這部元雜劇由王實甫創作，講述了張生與崔鶯鶯在普救寺相遇，最終衝破封建禮教束縛而結合的愛情故事。請問這是哪部作品？",西廂記
文學,0,2,"這位宋代女詞人，以其婉約細膩的詞風著稱，前期作品多寫閨怨閒愁，後期則寄寓家國之痛與身世之感，名句有「尋尋覓覓，冷冷清清，悽悽慘慘戚戚」。請問她是誰？",李清照
文學,0,1,"這部小說是中國四大名著之一，相傳由施耐庵所著，描寫了北宋末年以宋江為首的108位好漢在梁山聚義的故事。請問這是哪部小說？",水滸傳
文學,1,1,"他是新文化運動的重要旗手，以小說《狂人日記》、《阿Q正傳》等作品深刻批判封建禮教和國民劣根性。請問這位近代文學巨匠是誰？",魯迅
文學,1,2,"這套系列小說由巴金創作，包括《家》、《春》、《秋》三部，描寫了一個封建大家庭的衰落和青年一代的覺醒與反抗。請問這套系列小說合稱什麼？",激流三部曲
文學,1,1,"這位台灣女作家以其遊歷經歷和充滿異域風情的散文集《撒哈拉的故事》聞名，她與荷西的愛情故事也廣為流傳，並創作了《橄欖樹》的歌詞。請問她是誰？",三毛
文學,1,1,"這位香港著名作家，以其創作的《射鵰英雄傳》、《神鵰俠侶》、《倚天屠龍記》等多部武俠小說聞名於世，被譽為「有華人的地方，就有他的小說」。請問這位作家是誰？",金庸 (查良鏞)
文學,1,2,"這首現代詩由徐志摩創作於1928年，表達了詩人對劍橋大學的眷戀之情，其中「輕輕的我走了，正如我輕輕的來」成為膾炙人口的名句。請問這首詩的名稱是什麼？",再別康橋
文學,2,2,"這位英國劇作家被譽為「莎翁」，創作出《哈姆雷特》、《羅密歐與茱麗葉》等多部經典悲劇和喜劇，對英語文學影響深遠。請問他是誰？",威廉·莎士比亞
文學,2,3,"這部法國小說由維克多·雨果創作，以1832年巴黎共和黨人起義為背景，描寫了主人公尚萬強的悲慘遭遇和人性的光輝。請問這部小說是什麼？",孤星淚 (悲慘世界)
文學,2,3,"這位美國作家以其簡潔的「冰山理論」寫作風格著稱，作品有《老人與海》、《戰地春夢》等，並獲得諾貝爾文學獎。請問他是誰？",歐內斯特·海明威
文學,2,4,"這部俄國小說由列夫·托爾斯泰創作，以拿破崙侵俄戰爭為背景，描寫了四大貴族家庭的生活，展現了宏大的歷史畫卷。請問這部小說是什麼？",戰爭與和平
文學,2,2,"這位英國女作家以創作偵探小說聞名，塑造了大偵探赫丘勒·白羅和瑪波小姐等角色，代表作有《東方快車謀殺案》、《無人生還》。請問她是誰？",阿嘉莎·克莉絲蒂
文學,3,2,"這位日本作家以《挪威的森林》、《海邊的卡夫卡》等作品聞名國際，其作品融合現實與超現實元素，深受年輕讀者喜愛。請問他是誰？",村上春樹
文學,3,3,"這部日本古典小說被譽為世界上最早的長篇寫實小說，由紫式部創作，描寫了平安時代貴族光源氏的生平與愛情故事。請問這部作品是什麼？",源氏物語
文學,3,4,"這位印度詩人是首位獲得諾貝爾文學獎的亞洲人，其詩集《吉檀迦利》充滿哲理與宗教色彩，代表作還有《飛鳥集》。請問他是誰？",羅賓德拉納特·泰戈爾
文學,3,4,"這部阿拉伯民間故事集，以山魯佐德王妃每夜講故事來拖延被處決的故事為框架，收錄了《阿拉丁神燈》、《阿里巴巴與四十大盜》等故事。請問這部故事集是什麼？",一千零一夜 (天方夜譚)
文學,3,3,"這位日本作家以《羅生門》、《竹林中》等短篇小說聞名，其作品探索人性幽暗面，後來設立的純文學獎項即以他的名字命名。請問他是誰？",芥川龍之介
文學,4,1,"這個家喻戶曉的歐洲童話故事，講述一位小女孩穿著紅色的兜帽斗篷去看望生病的祖母，卻在途中遇到了偽裝成祖母的大野狼。請問這個童話故事的名稱是什麼？",小紅帽
文學,4,2,"這部由安徒生創作的童話，講述一位人魚公主為了追求人類王子而犧牲自己的聲音，最終化為泡沫的故事。請問這個童話故事是什麼？",美人魚 (海的女兒)
文學,4,1,"這個童話故事講述一個貧窮的少年，意外獲得一個神燈，燈中有個能實現願望的精靈，幫助他娶得公主。請問這個童話故事的名稱是什麼？",阿拉丁神燈
文學,4,2,"這位繪本作家兼插畫家創作了《好餓的毛毛蟲》、《棕色的熊，棕色的熊，你在看什麼？》等深受兒童喜愛的繪本，以其獨特的拼貼畫風聞名。請問他是誰？",艾瑞·卡爾
文學,4,3,"這個中國民間傳說講述了一對戀人因家庭反對而殉情，死後化為蝴蝶雙宿雙飛的故事，是中國古代四大民間愛情故事之一。請問這個傳說的名稱是什麼？",梁山伯與祝英台
文學,5,2,"在中國神話中，這位女神煉五色石以補蒼天，並摶土造人，被尊為人類始祖。請問這位女神是誰？",女媧
文學,5,3,"這位中國神話中的英雄人物，因治水有功，受舜禪讓而繼承帝位，建立了夏朝。他治水時「三過家門而不入」的故事廣為流傳。請問他是誰？",大禹
文學,5,3,"根據《山海經》記載，這位神祇曾與黃帝爭奪神位失敗，怒觸不周山，導致天柱折斷，天地傾斜。請問這位神祇是誰？",共工
文學,5,2,"這個中國神話故事講述一位射手射下九個太陽，解救了地上生靈，後來其妻子偷吃了西王母的不死藥飛向月宮。請問這位射手是誰？",后羿
文學,5,4,"這位道教中的最高神祇，又稱「玉皇大天尊玄穹高上帝」，在民間信仰中被視為主宰三界、統領眾神的天帝。請問他是誰？",玉皇大帝
文學,6,2,"在希臘神話中，這位眾神之王以閃電為武器，統治奧林匹斯山，其羅馬名字是朱庇特。請問這位神祇是誰？",宙斯 (Zeus)
文學,6,3,"在埃及神話中，這位長著胡狼頭的神祇負責引導亡靈，並在審判時秤量心臟，是墓地和木乃伊製作之神。請問這位神祇是誰？",阿努比斯 (Anubis)
文學,6,3,"在北歐神話中，這位獨眼的主神是阿斯嘉特的統治者，掌管戰爭、智慧和詩歌，身邊常伴有兩隻烏鴉福金和霧尼。請問這位神祇是誰？",奧丁 (Odin)
文學,6,2,"這位希臘神話中的智慧與戰爭女神，從其父親宙斯的頭顱中誕生，雅典城以她的名字命名。請問這位女神是誰？",雅典娜 (Athena)
文學,6,4,"在印度教神話中，這位長著象頭的神祇是濕婆與雪山神女的兒子，被視為智慧、成功和幸運之神，能排除障礙。請問這位神祇是誰？",象頭神 (Ganesha)
文學,7,2,"這部猶太教和基督教的經典，分為舊約和新約兩部分，記載了上帝創世、以色列人歷史、耶穌生平等內容。請問這部經典是什麼？",聖經
文學,7,3,"這部伊斯蘭教的根本經典，穆斯林相信是真主阿拉透過天使吉卜利里降示給先知穆罕默德的啟示。請問這部經典是什麼？",古蘭經
文學,7,3,"在佛教故事中，這位王子出身貴族，後捨棄世俗生活尋求解脫之道，最終在菩提樹下悟道成佛。請問他是誰？",釋迦牟尼 (喬達摩·悉達多)
文學,7,4,"這部印度史詩記載了般度族與俱盧族之間的戰爭，其中包含了著名的哲理對話《薄伽梵歌》。請問這部史詩是什麼？",摩訶婆羅多
文學,7,2,"根據《聖經·創世記》記載，上帝用自己的形象造了第一個人，並將他安置在伊甸園中。請問這個人的名字是什麼？",亞當
文學,8,3,"這是一種源於日本的短詩形式，通常由三句共十七個音節組成 (5-7-5)，內容多描寫自然或表達瞬間感悟。請問這種詩歌形式是什麼？",俳句
文學,8,2,"這個文學獎項被認為是英語小說界的最高榮譽之一，每年頒發給在英國或愛爾蘭出版的最佳原創長篇小說。請問這個獎項是什麼？",布克獎 (The Booker Prize)
文學,8,4,"這個術語指文學或藝術作品中，透過諷刺、誇張或模仿等手法，對現實或特定對象進行批判或嘲笑。請問這個術語是什麼？",諷刺 (Satire)
文學,8,3,"這個文學概念指故事的敘述者，可以是故事中的角色（第一人稱），也可以是故事外的旁觀者（第三人稱）。請問這個概念是什麼？",敘事視角 (Narrative perspective)
文學,8,2,"這個文學獎項是根據瑞典化學家阿爾弗雷德·諾貝爾的遺囑所設立的五個獎項之一，旨在表彰在文學領域做出最傑出貢獻的人。請問這個獎項是什麼？",諾貝爾文學獎
理科,0,3,"這個由愛因斯坦提出的理論，將引力描述為時空因質量和能量存在而發生的彎曲，成功解釋了水星近日點的進動現象。請問這是什麼理論？",廣義相對論
理科,0,4,"這是自然界的四種基本相互作用之一，作用範圍極短，主要負責將質子和中子束縛在原子核內，強度遠超電磁力。請問這是哪種力？",強核力 (強相互作用)
理科,0,2,"這個物理學原理指出，浸在流體中的物體所受的向上浮力，其大小等於物體排開流體的重量。相傳發現者是在浴缸中悟得此理。請問這是什麼定律？",阿基米德定律 (浮力定律)
理科,0,1,"這個物理常數是指光波或電磁波在真空或介質中的傳播速度，其在真空中的數值約為每秒三十萬公里，常用符號c表示。請問這是什麼？",光速
理科,0,2,"牛頓提出的其中一條運動定律，指出當兩個物體互相作用時，彼此施加於對方的力，其大小相等、方向相反。火箭升空就是此定律的應用實例。請問這是牛頓第幾運動定律？",牛頓第三運動定律 (作用力與反作用力定律)
理科,1,1,"這個化學元素符號是H，是宇宙中最豐富的元素，也是構成水分子(H₂O)的重要成分。請問這是什麼元素？",氫
理科,1,2,"這張由門得列夫等化學家編製的圖表，將已知的化學元素按照原子序數、電子組態和化學性質排列。請問這張圖表是什麼？",元素週期表
理科,1,3,"這種化學反應涉及物質與氧氣快速結合，通常伴隨發光和放熱現象，例如木材燃燒。請問這種反應稱為什麼？",燃燒反應 (Oxidation)
理科,1,2,"這個數值用來表示溶液的酸鹼程度，範圍通常是0到14，7代表中性，小於7為酸性，大於7為鹼性。請問這個數值稱為什麼？",pH值
理科,1,3,"這種由碳原子構成的單質，以其極高的硬度和璀璨的光澤聞名，常用作寶石和工業切割工具。請問這種物質是什麼？",鑽石 (金剛石)
理科,2,2,"這個數學常數約等於3.14159，代表圓的周長與其直徑之比，常用希臘字母π表示。請問這個常數是什麼？",圓周率
理科,2,3,"這是一種排序演算法，重複地走訪過要排序的數列，一次比較兩個元素，如果他們的順序錯誤就把他們交換過來，因其過程像氣泡上升而得名。請問這是什麼演算法？",冒泡排序 (Bubble Sort)
理科,2,1,"在電腦科學中，這是構成數位資訊的基本單位，只有0和1兩種狀態。請問這個單位是什麼？",位元 (Bit)
理科,2,3,"這個數學定理指出，在一個直角三角形中，斜邊的平方等於兩條直角邊的平方和（a²+b²=c²）。請問這個定理是什麼？",畢氏定理 (勾股定理)
理科,2,4,"這是一種常用的程式設計語言，由昇陽電腦（Sun Microsystems）開發，以其「一次編寫，到處運行」的跨平台特性聞名。請問這是什麼程式語言？",Java
理科,3,1,"這種由病毒引起的傳染病，主要透過飛沫傳播，常見症狀包括發燒、咳嗽、喉嚨痛和肌肉酸痛，每年秋冬季較為流行。請問這是什麼疾病？",流行性感冒 (流感)
理科,3,2,"這是一種人體必需的維生素，有助於維持視力、皮膚和黏膜健康，缺乏時可能導致夜盲症。胡蘿蔔富含其前驅物。請問這是什麼維生素？",維生素A
理科,3,3,"這是人體內負責輸送氧氣的血液細胞，因含有血紅素而呈紅色。請問這種細胞是什麼？",紅血球 (紅細胞)
理科,3,2,"這種藥物具有解熱鎮痛作用，常用於緩解頭痛、肌肉痛和發燒，是許多非處方感冒藥的常見成分。請問這種藥物是什麼？",撲熱息痛 (對乙醯氨基酚 / Paracetamol)
理科,3,4,"這是一種慢性代謝性疾病，特徵是長期血糖水平過高，主要分為第一型和第二型，可能導致多種併發症。請問這是什麼疾病？",糖尿病
理科,4,2,"這個生物學過程是指植物利用光能，將二氧化碳和水轉化為葡萄糖（養分）和氧氣的過程。請問這個過程是什麼？",光合作用
理科,4,3,"這是生物體內遺傳訊息的載體，由脫氧核糖核苷酸組成雙螺旋結構，決定了生物的性狀。請問這個分子是什麼？",DNA (去氧核糖核酸)
理科,4,3,"這個生物學理論由達爾文提出，解釋了生物演化的主要機制，認為能適應環境的個體更容易生存和繁殖。請問這個理論是什麼？",天擇 (自然選擇 / Natural selection)
理科,4,1,"生物體結構和功能的基本單位，可以是原核或真核，所有生命活動都在其內或其周圍進行。請問這個單位是什麼？",細胞
理科,4,4,"這個生物分類階層位於界之下、綱之上，例如脊索動物門、節肢動物門等。請問這個分類階層是什麼？",門 (Phylum)
理科,5,1,"這種大型貓科動物以其身上的黑色條紋和強大的力量著稱，是亞洲的特有物種，也是現存體型最大的貓科動物。請問這是什麼動物？",老虎 (虎)
理科,5,1,"這種產於澳洲的有袋類動物，以其強而有力的後腿進行跳躍移動，並將幼崽放在育兒袋中撫養。請問這是什麼動物？",袋鼠
理科,5,2,"這種植物能透過特化的葉片捕捉昆蟲或其他小動物，以補充氮素等養分，生長在貧瘠的土壤中。豬籠草是其中一個例子。請問這類植物稱為什麼？",食蟲植物
理科,5,3,"這個生物分類階層是對具有相似特徵的一群生物的總稱，位於屬之上、目之下，例如貓科、犬科、豆科等。請問這個分類階層是什麼？",科 (Family)
理科,5,2,"這種鳥類雖然有翅膀但不會飛行，是現存體型最大的鳥類，以奔跑速度快和產下巨大的蛋而聞名。請問這是什麼動物？",鴕鳥
理科,6,3,"這個地質年代介於古生代和新生代之間，被稱為「爬行動物時代」，恐龍是這個時代最具代表性的陸地動物。請問這個地質年代是什麼？",中生代
理科,6,1,"地球表面一層薄薄的氣體，主要由氮氣和氧氣組成，保護地球免受紫外線輻射，並維持生命所需。請問這層氣體稱為什麼？",大氣層
理科,6,2,"這種由高溫熔融岩石形成的物質，在地表下稱為岩漿，噴出地表後稱為熔岩。請問這種物質是什麼？",岩漿/熔岩
理科,6,4,"指環繞太平洋的地震活躍帶，火山活動和地震頻繁，世界上大多數的地震和火山爆發都發生在此區域。請問這個地帶稱為什麼？",環太平洋火山帶 (Ring of Fire)
理科,6,2,"地球內部構造的最外層，由岩石組成，包括地殼和上部地函的一部分，漂浮在軟流圈之上。請問這個圈層稱為什麼？",岩石圈
理科,7,1,"以北極星為中心，形狀像勺子的這個星座組合，在北半球大部分地區四季可見，常被用來尋找北極星。請問這是什麼星座/星群？",北斗七星
理科,7,2,"我們所在的行星系統，由一顆恆星（太陽）以及圍繞它運行的行星、矮行星、衛星、小行星和彗星等組成。請問這個系統稱為什麼？",太陽系
理科,7,3,"由大量恆星、星際氣體、塵埃和暗物質等組成的巨大天體系統，我們所在的稱為銀河系。請問這種天體系統稱為什麼？",星系 (Galaxy)
理科,7,4,"天文學中用來量度天體光度的單位，數值越小表示天體越亮。織女星的視星等約為0。請問這個單位是什麼？",星等 (Magnitude)
理科,7,2,"一種密度極大、引力極強的天體，連光線也無法逃逸其引力範圍，通常由大質量恆星塌縮形成。請問這種天體是什麼？",黑洞
理科,8,2,"這種通訊技術允許電子裝置在短距離內進行無線數據交換，常用於連接手機、耳機、鍵盤等周邊設備。請問這是什麼技術？",藍牙 (Bluetooth)
理科,8,1,"指透過網際網路連接的全球資訊系統，使用者可以透過瀏覽器存取網頁、圖片、影片等資源。請問這個系統是什麼？",全球資訊網 (World Wide Web / WWW)
理科,8,3,"這種利用電腦模擬產生三維虛擬世界的技術，讓使用者能夠沉浸其中並進行互動，常用於遊戲、訓練和設計等領域。請問這是什麼技術？",虛擬實境 (Virtual Reality / VR)
理科,8,4,"這是一種電腦程式，能夠在使用者不知情或未同意的情況下，損害電腦系統、竊取資料或進行其他惡意活動。病毒、蠕蟲、木馬都屬於此類。請問這類程式統稱為什麼？",惡意軟體 (Malware)
理科,8,2,"由Google公司開發的行動作業系統，廣泛應用於智慧型手機和平板電腦，以其開放原始碼和綠色機器人標誌聞名。請問這是什麼作業系統？",Android
理科,9,3,"這個國際獎項旨在表彰對人類做出卓越貢獻的人物，涵蓋物理學、化學、生理學或醫學、文學、和平及經濟學等多個領域。請問這個獎項是什麼？",諾貝爾獎
理科,9,2,"指在烹飪過程中，利用物理和化學原理來理解和改進食物製備的技術與科學，例如真空低溫烹調法。請問這個領域稱為什麼？",分子料理 (Molecular gastronomy)
理科,9,4,"這是一門研究和應用生物體（尤其是微生物）或其組成部分，來製造或改良產品、改善植物或動物品種的技術。基因工程是其核心技術之一。請問這門技術稱為什麼？",生物科技 (Biotechnology)
理科,9,3,"這個科學獎項被譽為「數學界的諾貝爾獎」，每四年頒發一次，授予四十歲以下的年輕數學家。請問這個獎項是什麼？",菲爾茲獎 (Fields Medal)
理科,9,2,"指開發能夠模仿人類智能行為的電腦系統，例如學習、解決問題、模式識別和自然語言處理等能力。請問這個研究領域是什麼？",人工智能 (Artificial Intelligence / AI)
地理,0,1,"位於香港島南區，以其海灘、市集和異國風情餐廳而聞名，是香港一個受歡迎的旅遊和居住地點。請問這個地方是哪裡？",赤柱
地理,0,2,"這座橫跨香港維多利亞港的懸索吊橋，連接青衣島和馬灣，是全球最長的行車鐵路雙用懸索吊橋之一。請問這座橋的名稱是什麼？",青馬大橋
地理,0,1,"位於九龍半島南端，是香港著名的商業、購物和旅遊中心，以其維多利亞港景色、星光大道和眾多酒店商場聞名。請問這個區域是哪裡？",尖沙咀
地理,0,3,"這是香港面積最大的島嶼，擁有香港國際機場、香港迪士尼樂園以及大澳漁村等景點。請問這個島嶼是哪裡？",大嶼山
地理,0,2,"這條海底隧道是香港第一條連接香港島和九龍半島的過海行車隧道，於1972年通車。請問這條隧道的名稱是什麼？",紅磡海底隧道 (Cross-Harbour Tunnel)
地理,1,1,"這條河流是中國長度最長、水量最大的河流，流經多個省市，最終注入東海，三峽大壩建於其上。請問這條河流是什麼？",長江
地理,1,2,"這座位於中國首都北京的古代宮殿建築群，曾是明清兩代的皇宮，現為故宮博物院。請問這個建築群的名稱是什麼？",紫禁城
地理,1,1,"這是台灣最高的山脈，也是東亞第一高峰，海拔近4000米，是登山愛好者的熱門地點。請問這座山脈是什麼？",玉山
地理,1,3,"這條人工運河連接中國北京和杭州，是世界上最長的人工水道，在古代是重要的漕運通道。請問這條運河是什麼？",京杭大運河
地理,1,2,"這個位於中國陝西省西安市的考古發現，包含了數千個與真人大小相似的兵馬俑，是秦始皇陵的陪葬坑。請問這個遺址稱為什麼？",秦始皇陵兵馬俑
地理,2,1,"這座山是日本最高的山峰，也是一座活躍的層狀火山，外形優美對稱，是日本的國家象徵之一。請問這座山是什麼？",富士山
地理,2,2,"這個位於日本關西地區的城市，曾是日本的首都（平安京），以其眾多的古老寺廟、神社和傳統庭園而聞名。請問這個城市是哪裡？",京都
地理,2,3,"這是日本北部最大的島嶼，以其涼爽的氣候、壯麗的自然風光（如富良野花田）和冬季的冰雪節而聞名。請問這個島嶼是哪裡？",北海道
地理,2,2,"這個位於東京都心的繁忙十字路口，以其巨大的行人流量和周圍的霓虹燈廣告牌而聞名於世。請問這個十字路口是哪裡？",澀谷十字路口 (Shibuya Crossing)
地理,2,3,"這座城堡位於日本兵庫縣，以其白色外牆和優雅的建築形態被譽為「白鷺城」，是日本保存最完好的城堡之一，也是世界文化遺產。請問這座城堡是什麼？",姬路城
地理,3,2,"這個由多個島嶼組成的東南亞國家，首都是雅加達，擁有世界最多的穆斯林人口，峇里島是其著名旅遊勝地。請問這個國家是哪裡？",印尼 (印度尼西亞)
地理,3,1,"這個東南亞國家的首都是曼谷，以其佛教寺廟、繁華的市集和美味的街頭小吃聞名，旅遊業發達。請問這個國家是哪裡？",泰國
地理,3,3,"這條河流是東南亞最長的河流，發源於中國，流經緬甸、老撾、泰國、柬埔寨和越南，是該地區重要的水源和交通要道。請問這條河流是什麼？",湄公河
地理,3,2,"這個位於中南半島東岸的國家，首都是河內，國土形狀狹長，下龍灣是其著名的世界自然遺產。請問這個國家是哪裡？",越南
地理,3,2,"這個位於馬來半島南端的城市國家，是一個重要的國際金融和航運中心，以其高效的治理和魚尾獅像聞名。請問這個國家是哪裡？",新加坡
地理,4,2,"這條山脈是亞洲最高、最雄偉的山脈，橫亙於中國與南亞次大陸之間，擁有世界最高峰珠穆朗瑪峰。請問這條山脈是什麼？",喜馬拉雅山脈
地理,4,3,"這個位於西亞的半島，是伊斯蘭教的發源地，大部分地區為沙漠氣候，沙特阿拉伯是其面積最大的國家。請問這個半島是哪裡？",阿拉伯半島
地理,4,2,"這個位於中亞的內陸鹹水湖，曾是世界第四大湖泊，但因注入河流被大量引水灌溉而急劇萎縮。請問這個湖泊是什麼？",鹹海
地理,4,4,"這條鐵路連接俄羅斯莫斯科和遠東地區，是世界上最長的鐵路線，橫跨歐亞大陸。請問這條鐵路是什麼？",西伯利亞鐵路
地理,4,3,"這個海峽位於亞洲大陸與庫頁島之間，連接鄂霍次克海與日本海。請問這個海峽是什麼？",韃靼海峽
地理,5,1,"這條河流是歐洲第二長河，流經德國、奧地利、匈牙利等多個國家，最終注入黑海，被譽為「藍色的多瑙河」。請問這條河流是什麼？",多瑙河
地理,5,2,"這座位於法國巴黎的鐵塔，是為1889年世界博覽會而建，現已成為法國乃至全球的文化象徵。請問這座鐵塔是什麼？",艾菲爾鐵塔
地理,5,2,"這個位於義大利羅馬的古代圓形競技場，曾是古羅馬舉行角鬥士比賽和表演的場所，現為世界著名遺址。請問這個建築是什麼？",羅馬競技場
地理,5,3,"這條分隔英國與歐洲大陸的海底隧道，連接英國的多佛和法國的加萊，是世界上最長的海底隧道之一。請問這條隧道是什麼？",英法海底隧道
地理,5,1,"這個位於歐洲南部的半島，包含了西班牙和葡萄牙兩個國家，東臨地中海，西瀕大西洋。請問這個半島是哪裡？",伊比利半島
地理,6,2,"這條河流是美國最長的河流之一（若包含密蘇里河則為最長），流域面積廣闊，對美國的經濟和文化發展有重要影響。請問這條河流是什麼？",密西西比河
地理,6,1,"這個位於美國亞利桑那州的巨大峽谷，由科羅拉多河經過數百萬年侵蝕而成，景色壯觀，是世界自然奇觀之一。請問這個峽谷是什麼？",大峽谷 (Grand Canyon)
地理,6,3,"這五個相互連接的大型淡水湖泊群，位於加拿大和美國邊境，是世界上最大的淡水湖群。請問這個湖泊群稱為什麼？",五大湖
地理,6,2,"這座位於美國紐約市的雕像，是法國贈送給美國的禮物，象徵自由與民主，手持火炬和獨立宣言。請問這座雕像的名稱是什麼？",自由女神像
地理,6,3,"這條運河位於中美洲，連接大西洋和太平洋，縮短了船隻的航行距離，是重要的國際航運水道。請問這條運河是什麼？",巴拿馬運河
地理,7,1,"這條河流是非洲最長的河流，自南向北流經多個國家，最終注入地中海，古埃及文明在其流域誕生。請問這條河流是什麼？",尼羅河
地理,7,2,"這片位於非洲北部的廣闊沙漠，是世界上最大的熱帶沙漠，氣候極端乾燥炎熱。請問這片沙漠是什麼？",撒哈拉沙漠
地理,7,3,"這座位於坦桑尼亞的火山是非洲最高的山峰，山頂覆蓋冰川，是著名的登山地點。請問這座山是什麼？",吉力馬札羅山
地理,7,2,"這片位於南美洲的廣闊熱帶雨林，擁有極其豐富的生物多樣性，亞馬遜河流經其中。請問這片雨林是什麼？",亞馬遜雨林
地理,7,4,"這個位於智利復活節島上的巨大石像群，由古代玻里尼西亞人雕刻而成，其建造和搬運方式至今仍是謎團。請問這些石像稱為什麼？",摩艾石像 (Moai)
地理,8,1,"地球上最大的大陸，東臨太平洋，西接歐洲，南瀕印度洋，北靠北冰洋。請問這個大陸是哪裡？",亞洲 (Asia)
地理,8,2,"在地圖上用來表示實際距離與圖上距離比例的標尺或文字說明。請問這個要素稱為什麼？",比例尺
地理,8,3,"這種地圖投影法，將地球表面投影到一個圓柱體上再展開，經線和緯線都是互相平行的直線，但在高緯度地區面積變形嚴重。請問這是什麼投影法？",麥卡托投影法 (Mercator projection)
地理,8,1,"地球表面假想的線，連接南北兩極，是計算經度的基準線，通過英國格林威治天文台舊址。請問這條線稱為什麼？",本初子午線 (Prime Meridian)
地理,8,2,"地球表面假想的、與地軸垂直的大圓圈，將地球分為北半球和南半球，是計算緯度的基準線，緯度為0度。請問這條線稱為什麼？",赤道
地理,9,2,"這種以電力驅動，在固定軌道上運行的城市公共交通工具，通常在地面鋪設軌道，是香港島的特色交通之一。請問這是什麼交通工具？",電車 (Tram)
地理,9,3,"由萊特兄弟發明並成功試飛，利用引擎產生推力或拉力，通過機翼產生升力在大氣中飛行的交通工具。請問這是什麼交通工具？",飛機
地理,9,1,"連接香港、珠海、澳門三地的大型跨海通道，包含橋樑和海底隧道，是世界上最長的橋隧組合公路。請問這座大橋的名稱是什麼？",港珠澳大橋
地理,9,4,"這條高速鐵路系統連接日本多個主要城市，以其高速、準時和安全聞名，首條線路於1964年通車。請問這個高鐵系統稱為什麼？",新幹線
地理,9,3,"這種主要在水面或水下航行的大型交通工具，用於客運、貨運或軍事目的。鐵達尼號是歷史上著名的例子。請問這是什麼交通工具？",船 (船舶/輪船)
地理,a,1,"這個北歐國家的國旗是紅白藍三色十字旗，其中白色十字代表基督教，紅色和藍色則與其歷史和地理相關。請問這是哪個國家的國旗？",挪威
地理,a,2,"這個南美國家的國旗由黃、藍、紅三橫條組成，黃色象徵財富，藍色代表海洋，紅色代表獨立戰爭中流灑的鮮血。請問這是哪個國家的國旗？",哥倫比亞 / 委內瑞拉 / 厄瓜多爾 (三者國旗相似，需更明確線索或接受其中之一) -> 改問加拿大
地理,a,1,"這個北美洲國家的國旗以紅白兩色為主，中間有一片紅色的楓葉，象徵該國的自然風光和民族精神。請問這是哪個國家的國旗？",加拿大
地理,a,2,"指地球表面某個特定地點的海拔高度，通常以平均海平面作為基準。請問這個地理概念是什麼？",海拔
地理,a,3,"這個歐洲國家的國旗由綠、白、紅三色垂直條紋組成，顏色分別象徵希望、信仰和仁愛。請問這是哪個國家的國旗？",意大利
地理,a,3,"這個國際組織的旗幟以藍色為底，中間是一個白色的世界地圖，周圍環繞著橄欖枝，象徵世界和平。請問這是哪個組織的旗幟？",聯合國 (United Nations)
社會,0,2,"這是政府系統的一種形式，國家元首由世襲產生，例如國王或女王。英國和日本是現存的例子。請問這種政體稱為什麼？",君主制
社會,0,1,"這是民主制度的核心原則之一，指國家權力應分立為立法、行政、司法三個部分，互相制衡，以防止權力濫用。請問這個原則是什麼？",三權分立
社會,0,3,"這位南非前總統是著名的反種族隔離革命家、政治家和慈善家，曾因反對種族隔離制度入獄27年，後獲釋並領導南非走向民主。請問他是誰？",納爾遜·曼德拉
社會,0,2,"這個國際組織成立於第二次世界大戰後，旨在促進國際和平與安全、發展國際間友好關係及合作解決國際問題。其總部位於美國紐約。請問這個組織是什麼？",聯合國 (United Nations)
社會,0,3,"這是一種政治意識形態和經濟體系，主張生產資料應由社會（通常指國家或公眾）共同擁有和控制，目標是建立一個無階級的社會。請問這種意識形態是什麼？",社會主義 / 共產主義 (兩者密切相關，視乎語境，社會主義更廣泛) -> 改問更明確的
社會,0,3,"這是一種政治和經濟理論，主張透過革命手段推翻資本主義，建立一個由無產階級專政的、最終達至無階級、無國家的社會。馬克思是其主要奠基人。請問這種理論是什麼？",共產主義
社會,1,2,"在法律體系中，這是指一個人被指控犯罪後，在被法庭證明有罪之前，應被推定為無罪。請問這項原則是什麼？",無罪推定原則
社會,1,3,"這是由國家最高立法機關制定，規定國家根本制度和根本任務、公民基本權利和義務的具有最高法律效力的法律。請問這部法律稱為什麼？",憲法
社會,1,4,"這個國際法庭設在荷蘭海牙，負責審理國家之間的法律爭端，並就聯合國機構提交的法律問題提供諮詢意見。請問這個法庭是什麼？",國際法院 (International Court of Justice)
社會,1,3,"指版權持有人授予他人在一定條件下使用其作品的權利，例如在註明出處後允許非商業性使用和修改。請問這種授權方式通常稱為什麼？",創用CC (Creative Commons / CC授權)
社會,1,2,"在香港法律體系中，這是指由過往案例中法官的判決所確立的法律原則，對之後的類似案件具有約束力。請問這種法律來源稱為什麼？",判例法 (Case Law / 普通法原則)
社會,2,1,"這個經濟學概念指生產商品或服務所需的各種資源，通常包括土地、勞動力、資本和企業家才能。請問這個概念是什麼？",生產要素
社會,2,2,"這個經濟學指數用來衡量一個經濟體內生產的所有最終商品和服務的市場價值總和，是衡量國家經濟活動規模的重要指標。請問這個指數是什麼？",國內生產總值 (Gross Domestic Product / GDP)
社會,2,3,"指市場上商品或服務的供應量超過需求量，導致價格下跌或商品積壓的現象。請問這種市場狀況稱為什麼？",供過於求 (Surplus)
社會,2,4,"這位經濟學家被譽為「現代經濟學之父」，他在著作《國富論》中提出了「看不見的手」等理論，主張自由市場經濟。請問他是誰？",亞當·斯密 (Adam Smith)
社會,2,3,"指一個國家或地區在一定時期內（通常為一年）進口商品和服務的總值超過出口商品和服務的總值。請問這種貿易狀況稱為什麼？",貿易逆差 (Trade Deficit)
社會,3,2,"在股票市場中，這個指數反映香港股票市場表現的主要指標，由恒生指數有限公司編製。請問這個指數是什麼？",恒生指數
社會,3,3,"指企業為了提升品牌形象、促進產品銷售而進行的各種宣傳推廣活動，例如廣告、公關、促銷等。請問這個商業概念是什麼？",市場營銷 (Marketing)
社會,3,1,"指個人或機構借入資金，並承諾在未來償還本金和利息。銀行貸款、發行債券都屬於此類。請問這個金融概念是什麼？",借貸 / 債務 (Debt)
社會,3,4,"這是一份記錄企業在特定時期內經營成果（收入、支出和利潤）的財務報表。請問這份報表稱為什麼？",損益表 (Income Statement / Profit and Loss Statement)
社會,3,2,"指投資者購買公司發行的股票，成為公司的股東，享有分享利潤和參與決策的權利。請問這種投資方式是什麼？",股權投資 (Equity Investment)
社會,4,2,"這位古希臘哲學家是蘇格拉底的學生，柏拉圖學院的創辦者，其著作《理想國》探討了正義、理想城邦等哲學問題。請問他是誰？",柏拉圖 (Plato)
社會,4,3,"這個倫理學概念指行為的道德價值取決於其後果，主張應追求能為最多數人帶來最大幸福的行為。邊沁和彌爾是其代表人物。請問這個倫理學理論是什麼？",功利主義 (Utilitarianism)
社會,4,1,"這是儒家思想的核心概念之一，指內心真誠、待人忠厚、處事正直的品質，是孔子提倡的重要道德規範。請問這個概念是什麼？",仁
社會,4,4,"這位德國哲學家以其批判哲學聞名，代表作有《純粹理性批判》、《實踐理性批判》等，對後世哲學產生深遠影響。請問他是誰？",伊曼努爾·康德 (Immanuel Kant)
社會,4,3,"這個哲學分支探討知識的來源、本質和範圍，研究我們如何知道我們所知道的事物。請問這個哲學分支是什麼？",知識論 (Epistemology)
社會,5,2,"這位奧地利心理學家創立了精神分析學派，提出了潛意識、本我、自我、超我等概念，對理解人類心理和行為產生了深遠影響。請問他是誰？",西格蒙德·佛洛伊德 (Sigmund Freud)
社會,5,3,"在社會學中，指個人在一生中社會地位的變化，可以是向上流動（地位提升），也可以是向下流動（地位下降）。請問這個概念是什麼？",社會流動 (Social Mobility)
社會,5,4,"這個心理學實驗由斯坦利·米爾格拉姆進行，測試人們在權威壓力下服從命令的程度，即使命令可能傷害他人。請問這個著名實驗是什麼？",米爾格拉姆實驗 (Milgram experiment)
社會,5,2,"指社會成員共同接受和遵循的行為規範和價值觀念，對維持社會秩序和凝聚力至關重要。請問這個社會學概念是什麼？",社會規範 (Social Norms)
社會,5,3,"根據馬斯洛的需求層次理論，這是人類最高層次的需求，指個人潛能的充分實現和自我價值的追求。請問這個需求層次是什麼？",自我實現 (Self-actualization)
社會,6,1,"這是伊斯蘭教穆斯林每年必須履行的五功之一，指在齋戒月期間，從日出到日落禁食、禁飲及禁止其他特定行為。請問這項宗教功課是什麼？",齋戒 (Sawm)
社會,6,2,"在佛教中，指眾生因過去的行為（業）而在生死世界中不斷輪迴轉世的過程。請問這個概念是什麼？",輪迴 (Samsara)
社會,6,3,"這是一種古老的占卜方式，透過觀察和解釋天空中星體的位置和運動來預測個人命運或事件發展。請問這種占卜方式是什麼？",占星術 (Astrology)
社會,6,2,"這是基督宗教的重要節日，紀念耶穌基督的誕生，通常在每年的12月25日慶祝。請問這個節日是什麼？",聖誕節
社會,6,4,"指相信超自然力量或神秘現象存在的觀念體系，常涉及魔法、占卜、通靈等實踐，與主流科學和宗教有所區別。請問這類觀念體系統稱為什麼？",神秘學 (Occultism)
社會,7,2,"指媒體在報導新聞時，未經查證便發布，或刻意扭曲事實以達到特定目的，可能造成公眾誤解。請問這種不實報導被稱為什麼？",假新聞 / 虛假訊息
社會,7,3,"這個國際協議旨在應對全球氣候變化問題，目標是將全球平均氣溫升幅控制在工業化前水平以上低於2°C之內，並努力限制在1.5°C。請問這個協議是什麼？",巴黎協定 (Paris Agreement)
社會,7,1,"指在全球範圍內爆發並廣泛傳播的傳染病，例如2019年底開始的COVID-19。請問這種規模的疫情稱為什麼？",大流行病 (Pandemic)
社會,7,4,"指一國政府為保護本國產業，對進口商品設置關稅壁壘、配額限制等措施，以限制外國商品進入國內市場。請問這種政策取向稱為什麼？",貿易保護主義 (Trade Protectionism)
社會,7,3,"每年在瑞士達沃斯舉行的世界經濟論壇，聚集全球政商領袖探討經濟問題。請問這個年度會議通常被簡稱作什麼？",達沃斯論壇 (Davos Forum)
社會,8,2,"這是一種以偽裝融入周圍環境為主要手段的軍事戰術，士兵穿著迷彩服、車輛塗上迷彩圖案都屬於此類。請問這種戰術稱為什麼？",偽裝 (Camouflage)
社會,8,1,"這是一種大規模殺傷性武器，利用核反應釋放的巨大能量造成毀滅性打擊。廣島和長崎曾遭受其攻擊。請問這種武器是什麼？",原子彈 / 核武器
社會,8,3,"這個軍事聯盟成立於冷戰初期，由北美和歐洲國家組成，旨在集體防禦任何成員國受到的攻擊。請問這個組織是什麼？",北大西洋公約組織 (NATO)
社會,8,4,"指一個國家維持的常備武裝力量，包括陸軍、海軍、空軍等軍種，負責國防和執行軍事任務。請問這個總稱是什麼？",軍隊
社會,8,3,"在海軍中，這種大型水面戰艦以搭載和起降飛機為主要作戰方式，是現代海軍的核心力量。請問這種戰艦是什麼？",航空母艦
社會,9,3,"這門社會科學研究人類社會的起源、發展、文化、信仰、社會結構和行為。請問這門學科是什麼？",人類學 (Anthropology)
社會,9,2,"在日本，指因工作過度而導致死亡的現象，反映了某些職場文化中的極端壓力。請問這個現象的日文詞彙是什麼？",過勞死 (Karoshi)
社會,9,4,"這是一種社會福利制度，由政府向符合資格的國民（如退休人士、失業者、殘疾人士）提供定期的金錢援助。請問這種制度稱為什麼？",社會保障 (Social Security)
社會,9,3,"這個概念指全球各國在經濟、政治、文化等方面日益緊密聯繫、相互依存的過程。請問這個概念是什麼？",全球化 (Globalization)
社會,9,2,"指一個社會中不同文化群體共同存在，並保持各自文化特色的狀態，強調對多元文化的尊重和包容。請問這個概念是什麼？",多元文化主義 (Multiculturalism)
生活,0,1,"這種由發酵的黃豆製成的調味料，在日本料理中用途廣泛，用於製作湯、醃漬物和調味醬等。請問這是什麼？",味噌
生活,0,2,"這是一種意大利麵食，通常呈細長圓柱形，是最常見和廣受歡迎的麵條種類之一。請問這是什麼麵食？",意粉 (Spaghetti)
生活,0,1,"這種起源於廣東順德的甜點，以牛奶、糖和蛋白混合後燉製而成，口感滑嫩。請問這是什麼甜點？",雙皮奶
生活,0,3,"這種烹調方法是將食材放入密閉的真空袋中，然後置於恆定溫度的水中長時間慢煮，以達到精確的熟度和保持食材水分。請問這種烹調方法是什麼？",真空低溫烹調法 (Sous-vide)
生活,0,2,"這種黑色的發酵茶，經過完全氧化過程，是世界上最受歡迎的茶類之一，例如錫蘭茶、阿薩姆茶等。請問這是什麼茶？",紅茶
生活,1,2,"這種起源於美國的藍色斜紋布褲，最初是工人的工作服，現已成為全球流行的休閒服飾。請問這是什麼褲子？",牛仔褲
生活,1,3,"這個法國奢侈品牌以其雙C標誌、菱格紋手袋和小黑裙而聞名，創始人是可可·香奈兒。請問這個品牌是什麼？",香奈兒 (Chanel)
生活,1,1,"指穿著打扮的風格和品味，涵蓋服裝、髮型、化妝、配飾等方面，通常隨時間和文化而變化。請問這個詞語是什麼？",時尚 (Fashion)
生活,1,4,"這是一種主要由碳元素組成的珍貴寶石，以其極高的硬度和璀璨的光澤聞名，常用於製作戒指等首飾。請問這是什麼寶石？",鑽石
生活,1,2,"這種傳統的日本服裝，通常有寬袖和腰帶，在特殊場合如婚禮、祭典時穿著。請問這是什麼服裝？",和服
生活,2,1,"這是香港一種常見的儲值卡，可用於支付公共交通費用、在便利店和快餐店購物等，使日常生活更加便捷。請問這張卡是什麼？",八達通卡
生活,2,2,"在香港，指政府興建並以低於市值的價格或租金提供給符合資格市民居住的房屋。請問這類房屋統稱為什麼？",公共房屋 (公屋)
生活,2,3,"香港法定最低時薪是指僱主須支付給僱員的最低工資標準，請問釐定和檢討這個標準的委員會叫甚麼名稱?",最低工資委員會
生活,2,1,"這是香港市民身份證明文件的名稱，由入境事務處簽發，是市民日常生活中重要的身份證明。請問這份文件是什麼？",香港身份證
生活,2,3,"這個設於香港國際機場旁的展覽及活動場館，是亞洲規模最大的展覽館之一，經常舉辦大型展覽、會議和演唱會。請問這個場館是什麼？",亞洲國際博覽館
生活,3,2,"指在戶外搭建帳篷過夜，並進行野餐、遠足、觀察自然等活動的休閒方式。請問這種興趣活動是什麼？",露營 (Camping)
生活,3,1,"指種植和照料花卉、蔬菜、樹木等植物的興趣或專業活動，可以在花園、陽台或室內進行。請問這種興趣活動是什麼？",園藝 (Gardening)
生活,3,3,"這種使用彩色毛線或棉線，透過鉤針編織出各種物品（如玩偶、圍巾、杯墊）的手工藝。請問這種手藝是什麼？",鉤織 (Crocheting)
生活,3,2,"指收集特定種類物品的興趣愛好，例如郵票、硬幣、模型、古董等。請問這種興趣愛好是什麼？",收藏 (Collecting)
生活,3,4,"這是一種桌面角色扮演遊戲，玩家扮演虛構角色，在一位主持人的引導下，根據規則共同創造故事和冒險經歷。請問這種遊戲類型是什麼？",龍與地下城 (Dungeons & Dragons / D&D) (雖然是特定遊戲，但已成類型代表)
生活,4,1,"這家美國公司是全球最大的咖啡連鎖店，以其綠色美人魚標誌和各種咖啡飲品聞名。請問這家公司是什麼？",星巴克 (Starbucks)
生活,4,2,"這家瑞典公司是全球最大的傢具零售商，以其簡約設計、平板包裝和自行組裝的傢具聞名。請問這家公司是什麼？",宜家家居 (IKEA)
生活,4,3,"這個國際非牟利組織致力於在全球範圍內保護瀕危物種及其棲息地，其標誌是一隻大熊貓。請問這個組織是什麼？",世界自然基金會 (WWF)
生活,4,1,"這家美國公司以其搜索引擎服務聞名，並提供地圖、電子郵件、雲端儲存等多種網絡服務和產品。請問這家公司是什麼？",Google (谷歌)
生活,4,2,"這家韓國電子公司是全球主要的智能手機、電視和半導體製造商之一，旗下Galaxy系列手機廣受歡迎。請問這家公司是什麼？",三星 (Samsung)
生活,5,2,"指為了健康而攝取均衡的食物，包含適量的蛋白質、碳水化合物、脂肪、維生素和礦物質。請問這個概念是什麼？",均衡飲食
生活,5,1,"為了節省能源和保護環境，將廢棄物分類回收，以便循環再造或妥善處理。請問這個環保行為是什麼？",垃圾分類 / 廢物回收
生活,5,3,"指在發生火災、地震等緊急情況時，應採取的安全疏散和自救措施。請問這個概念是什麼？",應急避難 / 緊急應變
生活,5,2,"指個人資料和網上活動記錄等私密信息不被非法獲取或濫用的權利。請問這個權利是什麼？",私隱 (Privacy)
生活,5,4,"指透過網路平台進行的詐騙行為，例如假冒身份騙取金錢、網絡釣魚盜取個人資料等。請問這類行為統稱為什麼？",網絡詐騙 (Online scam)
歷史,0,2,"這位被譽為「香港電影之父」的人物，對香港早期電影發展有重要貢獻，創辦了華美製片公司，並編導了多部電影。請問他是誰？",黎民偉
歷史,0,3,"這位香港商人是匯豐銀行的主要創辦人之一，並曾擔任立法局非官守議員，對香港早期的經濟和社會發展有影響力。請問他是誰？",湯瑪士·修打蘭 (Thomas Sutherland)
歷史,0,4,"這位醫生在19世紀末至20世紀初在香港行醫，是香港西醫書院（香港大學醫學院前身）的首任教務長，孫中山是其學生之一。請問他是誰？",康德黎 (James Cantlie)
歷史,0,2,"這位第25任香港總督在任期間推行了政改方案，設立了部分直選議席，並見證了香港主權移交前的過渡時期。請問他是誰？",彭定康 (Chris Patten)
歷史,0,3,"這位慈善家對香港的教育和醫療貢獻良多，創辦了東華三院和保良局，是19世紀末香港華人社會的領袖人物。請問他是誰？",何啟
歷史,1,2,"這位皇帝是中國歷史上第一個統一全國的君主，推行書同文、車同軌、統一度量衡等措施，並修建了長城。請問他是誰？",秦始皇
歷史,1,3,"這位思想家是儒家學派的創始人，其思想以「仁」、「禮」為核心，對中國及東亞文化產生了深遠影響，被尊為「至聖先師」。請問他是誰？",孔子
歷史,1,4,"這個時期是中國歷史上思想文化空前繁榮的時代，儒家、道家、法家、墨家等各種思想流派湧現，互相辯論爭鳴。請問這個時期稱為什麼？",春秋戰國 / 百家爭鳴
歷史,1,2,"這位漢朝皇帝在位期間，採取休養生息政策，使社會經濟得以恢復發展，開創了「文景之治」的盛世局面。請問他是誰？",漢文帝 (劉恆) 或 漢景帝 (劉啟) (文景之治通常指兩位皇帝，可接受其一) -> 改問更明確的漢武帝
歷史,1,2,"這位漢朝皇帝在位期間，採取「罷黜百家，獨尊儒術」的政策，並對外征伐匈奴，擴張了漢朝的疆域，開通了絲綢之路。請問他是誰？",漢武帝 (劉徹)
歷史,1,3,"這位三國時期蜀漢的丞相，以其智慧和忠誠著稱，輔佐劉備建立蜀漢政權，並多次北伐曹魏，「鞠躬盡瘁，死而後已」。請問他是誰？",諸葛亮
歷史,2,2,"這位唐朝皇帝在位期間開創了「貞觀之治」的盛世局面，以虛心納諫、輕徭薄賦聞名。請問他是誰？",唐太宗 (李世民)
歷史,2,3,"這位女皇帝是中國歷史上唯一得到普遍承認的女皇帝，改國號為周，統治期間社會較為穩定，經濟有所發展。請問她是誰？",武則天
歷史,2,1,"這位北宋時期的政治家、文學家推行變法，試圖富國強兵，但變法引發了巨大爭議並最終失敗。請問他是誰？",王安石
歷史,2,4,"這位航海家在明朝永樂年間，率領龐大船隊七次下西洋，遠航至東南亞、印度洋乃至非洲東岸，促進了中外交流。請問他是誰？",鄭和
歷史,2,3,"這位清朝皇帝在位長達61年，是中國歷史上在位時間最長的皇帝，他在位期間平定了多處叛亂，鞏固了清朝的統治。請問他是誰？",康熙帝
歷史,3,2,"這位晚清重臣是洋務運動的主要領導人之一，創辦了江南製造總局、輪船招商局等，並組建了北洋水師。請問他是誰？",李鴻章
歷史,3,1,"這位革命家被尊稱為「中華民國國父」，領導辛亥革命推翻了清朝統治，建立了中華民國。請問他是誰？",孫中山 (孫文)
歷史,3,3,"指1919年在中國北京爆發的一場以青年學生為主的愛國運動，抗議巴黎和會對山東問題的處理，並引發了全國性的反帝反封建浪潮。請問這場運動是什麼？",五四運動
歷史,3,2,"這位中華人民共和國的主要締造者和第一代最高領導人，領導中國共產黨取得了革命勝利，並對中國的政治、經濟和社會產生了深遠影響。請問他是誰？",毛澤東
歷史,3,4,"指1937年至1945年期間，中華民國抵抗日本全面侵略的戰爭，是第二次世界大戰的重要組成部分。請問這場戰爭稱為什麼？",中國抗日戰爭 (八年抗戰)
歷史,4,2,"這位馬其頓國王是亞里士多德的學生，繼承王位後東征西討，建立了橫跨歐亞非的龐大帝國，促進了希臘文化的傳播。請問他是誰？",亞歷山大大帝
歷史,4,1,"這是古埃及國王（法老）為自己修建的陵墓，外形呈金字塔狀，是古埃及文明的象徵。請問這種建築是什麼？",金字塔
歷史,4,3,"這位羅馬共和國末期的軍事家、政治家，曾與龐培、克拉蘇組成「前三頭同盟」，後成為獨裁官，最終被刺殺。請問他是誰？",尤利烏斯·凱撒 (Julius Caesar)
歷史,4,4,"指公元5世紀至15世紀的歐洲歷史時期，介於西羅馬帝國滅亡與文藝復興之間，封建制度和基督教是其重要特徵。請問這個時期稱為什麼？",中世紀 (Middle Ages)
歷史,4,3,"這位法蘭克王國的國王統一了西歐大部分地區，並由教宗加冕為「羅馬人的皇帝」，對歐洲的形成有重要影響。請問他是誰？",查理曼大帝 (Charlemagne)
歷史,5,2,"這場始於意大利，後擴展至歐洲各地的思想文化運動，旨在復興古希臘羅馬的文化藝術，湧現了達文西、米開朗基羅等巨匠。請問這場運動是什麼？",文藝復興 (Renaissance)
歷史,5,3,"這位航海家在西班牙王室支持下，於1492年率領船隊向西航行，意外到達美洲大陸，開啟了歐洲人探索和殖民美洲的時代。請問他是誰？",克里斯多福·哥倫布 (Christopher Columbus)
歷史,5,1,"這位德國神學家發起了宗教改革運動，反對羅馬天主教會的贖罪券等做法，創立了新教（路德宗）。請問他是誰？",馬丁·路德 (Martin Luther)
歷史,5,4,"這位英國女王在位期間，英國擊敗了西班牙無敵艦隊，國力達到鼎盛，文化藝術也空前繁榮，被稱為「黃金時代」。請問她是誰？",伊莉莎白一世 (Elizabeth I)
歷史,5,3,"這位法國國王以「朕即國家」而聞名，在位期間大力加強中央集權，修建了凡爾賽宮，使法國成為歐洲強國。請問他是誰？",路易十四 (Louis XIV)
歷史,6,2,"這位法蘭西第一帝國的皇帝，是傑出的軍事家和政治家，透過戰爭擴張法國版圖，頒布了《民法典》，但最終兵敗滑鐵盧。請問他是誰？",拿破崙·波拿巴 (Napoleon Bonaparte)
歷史,6,1,"指18世紀下半葉始於英國，後擴展至全球的技術革新和社會經濟轉型，以蒸汽機的發明和應用為標誌。請問這場變革是什麼？",工業革命
歷史,6,3,"這位美國總統領導了南北戰爭，維護了國家統一，並頒布了《解放奴隸宣言》，廢除了奴隸制度。請問他是誰？",亞伯拉罕·林肯 (Abraham Lincoln)
歷史,6,4,"指1914年至1918年間爆發的全球性戰爭，主要戰場在歐洲，同盟國與協約國兩大陣營對抗，造成巨大傷亡。請問這場戰爭是什麼？",第一次世界大戰
歷史,6,2,"這位英國首相在第二次世界大戰期間領導英國抵抗納粹德國的侵略，以其堅定的意志和鼓舞人心的演講而聞名。請問他是誰？",溫斯頓·邱吉爾 (Winston Churchill)
歷史,7,2,"這門學科研究人類過去遺留下來的物質文化，透過發掘、分析遺址和遺物來了解古代社會。請問這門學科是什麼？",考古學
歷史,7,3,"指保存在博物館、圖書館或檔案館中的古代書籍、手稿、器物等具有歷史價值的物品。請問這些物品統稱為什麼？",文物 / 古物 (Artifact)
歷史,7,1,"在歷史研究中，指由事件親歷者或與事件同時代的人所記錄或製作的原始資料，例如書信、日記、官方文件等。請問這類資料稱為什麼？",第一手資料 (Primary source)
歷史,7,4,"這個位於埃及尼羅河三角洲的石碑，刻有古埃及象形文字、世俗體和古希臘文三種文字，為解讀古埃及文字提供了關鍵線索。請問這個石碑是什麼？",羅塞塔石碑 (Rosetta Stone)
歷史,7,3,"指根據年代順序記述歷史事件的史書體裁，例如《資治通鑑》。請問這種體裁稱為什麼？",編年體
語言,0,1,"這句廣東話俗語形容一個人做事馬虎、敷衍了事，好像鬼畫的符咒一樣難以辨認。請問這句俗語是什麼？",鬼畫符
語言,0,2,"這句廣東話歇後語用來形容假仁假義、貓哭老鼠的行為。請問這句歇後語是什麼？",貓哭老鼠——假慈悲
語言,0,3,"這句廣東話俗語比喻白費心機、徒勞無功，好像竹籃打水一樣。請問這句俗語是什麼？",竹籃打水——一場空
語言,0,1,"這句廣東話形容一個人非常吝嗇、一毛不拔。請問這句俗語是什麼？",孤寒
語言,0,2,"這句廣東話俗語指占別人小便宜，或者順手拿走不屬於自己的東西。請問這句俗語是什麼？",順手牽羊
語言,1,2,"這句英語諺語的意思是「熟能生巧」，強調反覆練習的重要性。請問這句諺語是什麼？",Practice makes perfect.
語言,1,1,"這句俗語比喻自欺欺人，不敢面對現實，源自一個寓言故事。請問這句俗語是什麼？",掩耳盜鈴
語言,1,3,"這句諺語的意思是不要以貌取人，不能單憑外表判斷人或事物的價值。請問這句諺語是什麼？",人不可貌相 / 不能以貌取人 (Don't judge a book by its cover)
語言,1,2,"這句俗語比喻多此一舉，做了不必要或重複的事情。請問這句俗語是什麼？",畫蛇添足
語言,1,3,"這句諺語提醒人們在下結論或採取行動前要仔細思考、觀察清楚。請問這句諺語是什麼？",三思而後行 (Look before you leap)
語言,2,1,"這個成語比喻技術或技藝非常純熟、精湛，就像庖丁解剖牛一樣。請問這個成語是什麼？",庖丁解牛
語言,2,2,"這個成語形容景色美麗、引人入勝，讓人不想離開。請問這個成語是什麼？",流連忘返
語言,2,1,"這個成語比喻說話、做事前後矛盾，無法自圓其說。請問這個成語是什麼？",自相矛盾
語言,2,3,"這個成語形容軍隊紀律嚴明，秋天時連百姓的毫毛都不會侵犯。請問這個成語是什麼？",秋毫無犯
語言,2,2,"這個成語比喻學習或做事沒有恆心，不能堅持到底。請問這個成語是什麼？",半途而廢
語言,3,1,"現代漢語書寫系統中用來標示字音的符號系統，基於拉丁字母。請問這個系統是什麼？",漢語拼音
語言,3,2,"在漢字中，這類字由兩個或多個意符組合而成，表示一個新的意義，例如「休」（人依傍樹木休息）。請問這類字稱為什麼？",會意字
語言,3,3,"這種修辭手法是將兩個意思相反或相對的詞語或句子並列，以形成對比，增強表達效果。請問這種修辭手法是什麼？",對比 / 對照
語言,3,1,"指詞語除了字面意思之外，所蘊含的深層或引申的意義。請問這個概念是什麼？",涵義 / 言外之意 (Connotation)
語言,3,2,"漢語語法中，用來修飾或限制名詞、代詞的詞語，說明事物的性質、狀態、數量等。請問這類詞語稱為什麼？",定語
語言,4,1,"英文中用來表示名詞單數或複數、特定或非特定概念的詞，例如 a, an, the。請問這類詞稱為什麼？",冠詞 (Article)
語言,4,2,"英文句子中，表示動作或狀態的詞語，通常有人稱、時態、語態等變化。請問這類詞稱為什麼？",動詞 (Verb)
語言,4,3,"這個英文縮寫詞代表「常見問題解答」，通常用於網站或文件中，解答使用者可能遇到的常見疑問。請問這個縮寫詞是什麼？",FAQ (Frequently Asked Questions)
語言,4,1,"指兩個或多個單字組成，具有特定意義的固定詞組，其意義往往不能從字面推斷，例如 "kick the bucket"。請問這類詞組稱為什麼？",習語 / 成語 (Idiom)
語言,4,2,"英文語法中，用來連接單字、片語或子句的詞語，例如 and, but, or, because。請問這類詞稱為什麼？",連接詞 (Conjunction)
語言,5,2,"這種源於古印度的語言，是印度教、佛教和耆那教的古典語言，也是現代多種印度語言的基礎。請問這是什麼語言？",梵語 (Sanskrit)
語言,5,1,"這是世界上最多人使用的輔助人造語言，由波蘭眼科醫生柴門霍夫於19世紀末創立，旨在促進國際交流。請問這是什麼語言？",世界語 (Esperanto)
語言,5,3,"這種羅曼語族的語言是法國、比利時、瑞士、加拿大等多個國家的官方語言，以其發音優美著稱。請問這是什麼語言？",法語 (French)
語言,5,2,"這種在西班牙和拉丁美洲廣泛使用的羅曼語族語言，是世界上母語使用者第二多的語言。請問這是什麼語言？",西班牙語 (Spanish)
語言,5,4,"這種字母系統主要用於書寫俄語、保加利亞語等斯拉夫語族語言，由希臘字母發展而來。請問這是什麼字母系統？",西里爾字母 (Cyrillic alphabet)
語言,6,2,"這門語言學分支研究詞語的內部結構和形成規則，例如詞根、詞綴、屈折變化等。請問這門分支是什麼？",構詞學 / 形態學 (Morphology)
語言,6,3,"這門語言學分支研究語音的物理屬性和發聲機制，分析聲音的產生、傳播和感知。請問這門分支是什麼？",語音學 (Phonetics)
語言,6,1,"指一種語言在特定地區或社會群體中形成的變體，在語音、詞彙、語法等方面可能與標準語有所不同。請問這個概念是什麼？",方言 (Dialect)
語言,6,4,"這位瑞士語言學家被譽為「現代語言學之父」，提出了語言是符號系統、區分語言和言語等重要理論。請問他是誰？",費迪南·德·索緒爾 (Ferdinand de Saussure)
語言,6,3,"這門語言學分支研究句子結構和語法規則，分析詞語如何組合成合乎語法的句子。請問這門分支是什麼？",句法學 (Syntax)
語言,7,2,"指同一個詞語擁有多個相關或不相關的意義，例如「花」可以指植物的花朵，也可以指花費。請問這個語言現象是什麼？",多義詞 (Polysemy)
語言,7,1,"指為盲人設計，透過觸摸凸起的點來閱讀和書寫的文字系統。請問這個系統是什麼？",盲文 / 點字 (Braille)
語言,7,3,"指在對話或寫作中，根據聽者、讀者或場合的不同，而調整使用的語言風格和詞彙。請問這個概念是什麼？",語域 (Register)
語言,7,4,"指語言隨著時間推移而發生的語音、詞彙、語法等方面的變化。請問這個過程是什麼？",語言演變 (Language change)
語言,7,2,"指一種語言中，發音相同但意義和寫法不同的詞語，例如中文的「晴」和「情」。請問這類詞語稱為什麼？",同音詞 (Homophone)
運動,0,2,"這項運動使用長方形球桌，中間有球網，運動員用球拍擊打輕巧的空心球，可以是單打或雙打。請問這項運動是什麼？",乒乓球 (Table Tennis)
運動,0,1,"這項運動在一片由球網分隔的場地上進行，運動員用球拍將球擊過網，目標是讓對手無法回擊。溫布頓網球錦標賽是其著名賽事。請問這項運動是什麼？",網球 (Tennis)
運動,0,3,"這項運動在設有18個洞的場地上進行，參與者使用不同類型的球桿，將一個小球打入指定的洞中，桿數越少越好。請問這項運動是什麼？",高爾夫球 (Golf)
運動,0,2,"這項運動在一個有球道的場地上進行，參與者將一個重球滾向排列成三角形的十個球瓶，目標是擊倒盡可能多的球瓶。請問這項運動是什麼？",保齡球 (Bowling)
運動,0,3,"這項運動使用帶羽毛的球，運動員用球拍將球擊過網，羽毛球的飛行軌跡與其他球類不同。請問這項運動是什麼？",羽毛球 (Badminton)
運動,1,1,"這項團體運動在長方形場地上進行，兩隊各11名球員，主要用腳踢一個球，目標是將球射入對方球門。世界盃是其最高級別賽事。請問這項運動是什麼？",足球 (Football / Soccer)
運動,1,1,"這項團體運動在長方形場地上進行，兩隊各5名球員，用手拍運一個球，目標是將球投入對方籃框得分。NBA是其著名職業聯賽。請問這項運動是什麼？",籃球 (Basketball)
運動,1,2,"這項團體運動在室內場地進行，兩隊各6名球員，用手擊打一個球過網，目標是讓球落在對方場地內得分。請問這項運動是什麼？",排球 (Volleyball)
運動,1,3,"這項團體運動起源於美國，兩隊各9名球員，使用球棒擊打投手投來的球，並在四個壘包之間跑壘得分。請問這項運動是什麼？",棒球 (Baseball)
運動,1,4,"這項團體運動在冰面上進行，兩隊球員穿著冰鞋，用球桿擊打一個硬質橡膠圓盤（冰球），目標是將其射入對方球門。請問這項運動是什麼？",冰上曲棍球 (Ice Hockey)
運動,2,1,"這項水上運動是運動員從不同高度的跳台或跳板上，以特定姿勢躍入水中，評分根據動作的美觀和難度。請問這項運動是什麼？",跳水 (Diving)
運動,2,2,"這項運動包含多種以跑、跳、擲為基礎的項目，例如短跑、長跑、跳高、跳遠、標槍等，是奧運會的基礎大項。請問這類運動統稱為什麼？",田徑 (Athletics)
運動,2,1,"這項運動是運動員利用雙腳踩踏自行車前進，可以是在公路、山地或室內場地進行競速或技巧表演。環法自行車賽是其著名賽事。請問這項運動是什麼？",單車 / 自行車 (Cycling)
運動,2,3,"這項運動是運動員在規定的器械上完成一系列體操動作，展現力量、柔韌性、協調性和平衡感，分為競技體操、藝術體操等。請問這項運動是什麼？",體操 (Gymnastics)
運動,2,2,"這項水上運動是運動員在水中依靠自身動作前進，有自由式、蛙式、蝶式、仰式等多種泳姿。請問這項運動是什麼？",游泳 (Swimming)
運動,3,3,"這項運動挑戰攀登高海拔山峰，需要專業的裝備、技能和體能，面對嚴峻的自然環境。請問這項運動是什麼？",登山 (Mountaineering)
運動,3,2,"這項運動是利用繩索和保護裝備，在天然岩壁或人工岩牆上攀爬。請問這項運動是什麼？",攀岩 (Rock Climbing)
運動,3,1,"這項水下活動是穿戴潛水裝備（如氣瓶、面鏡），潛入水中觀察海洋生物或進行水下探索。請問這項活動是什麼？",水肺潛水 (Scuba Diving)
運動,3,4,"這項運動起源於法國，強調利用跑、跳、攀爬等動作，快速有效地穿越城市或自然環境中的障礙物。請問這項運動是什麼？",跑酷 / 飛躍道 (Parkour)
運動,3,3,"這項水上運動是站在衝浪板上，利用海浪的力量滑行。請問這項運動是什麼？",衝浪 (Surfing)
運動,4,1,"這項格鬥運動是兩名選手戴著拳套，在方形拳擊台中，主要運用拳頭互相攻擊，目標是擊倒對方或贏得點數。請問這項運動是什麼？",拳擊 (Boxing)
運動,4,2,"這項格鬥運動起源於日本，選手穿著道服，利用投技、寢技和絞技等制服對手，分為柔道、巴西柔術等流派。請問這項運動是什麼？",柔術 (Judo / Jiu-Jitsu) (柔道是其中一種) -> 改問劍擊
運動,4,2,"這項格鬥運動是兩名選手穿著保護服，使用鈍劍、配劍或花劍三種不同的劍進行刺擊或劈刺得分。請問這項運動是什麼？",劍擊 (Fencing)
運動,4,3,"這項格鬥運動允許使用多種搏擊技術，包括拳擊、踢擊、摔跤、地面技等，規則較為開放。UFC是其著名賽事。請問這項運動是什麼？",綜合格鬥 (Mixed Martial Arts / MMA)
運動,4,2,"這項起源於韓國的格鬥運動，以腿法為主，強調踢擊的速度和力量，是奧運會正式項目。請問這項運動是什麼？",跆拳道 (Taekwondo)
運動,5,1,"這項源於古印度的身心修煉方法，結合了姿勢（體位法）、呼吸控制和冥想，旨在促進身心健康與平衡。請問這是什麼？",瑜伽 (Yoga)
運動,5,2,"指透過各種器械或徒手訓練，增強肌肉力量、耐力、體能和改善身體組成的活動。請問這類活動統稱為什麼？",健身 (Fitness Training)
運動,5,3,"這項運動是透過特定的負重訓練和飲食控制，刻意增大肌肉體積和雕塑肌肉線條，以達到健美的體態。請問這項運動是什麼？",健美 (Bodybuilding)
運動,5,4,"這是一種中國傳統的養生方法，透過調整呼吸、身體活動和意識，來增強體質、防治疾病。太極拳是其中一種形式。請問這類方法統稱為什麼？",氣功
運動,5,2,"這是一種結合了音樂和舞蹈的有氧運動，通常在教練帶領下進行，能有效提升心肺功能和燃燒脂肪。請問這項運動是什麼？",健美操 / 有氧舞蹈 (Aerobics)
運動,6,2,"這款由Valve開發的多人線上戰術競技遊戲（MOBA），玩家控制擁有獨特技能的「英雄」，與隊友合作摧毀對方基地。請問這款遊戲是什麼？",Dota 2
運動,6,1,"這款由拳頭遊戲（Riot Games）開發的多人線上戰術競技遊戲（MOBA），是全球最受歡迎的電子競技項目之一，每年舉辦世界大賽。請問這款遊戲是什麼？",英雄聯盟 (League of Legends / LoL)
運動,6,3,"這款由暴雪娛樂開發的即時戰略遊戲，以星際三個種族（人類、蟲族、神族）之間的戰爭為背景，在韓國尤其流行。請問這款遊戲是什麼？",星際爭霸 (StarCraft)
運動,6,1,"這款經典的方塊消除遊戲，由蘇聯設計師阿列克謝·帕基特諾夫發明，玩家需要移動和旋轉下落的方塊，以填滿水平行消除得分。請問這款遊戲是什麼？",俄羅斯方塊 (Tetris)
運動,6,4,"這款由Valve開發的第一人稱射擊遊戲，是經典射擊遊戲的反恐精英系列的續作，兩隊扮演恐怖分子與反恐部隊進行對抗。請問這款遊戲是什麼？",絕對武力：全球攻勢 (Counter-Strike: Global Offensive / CS:GO)
運動,7,1,"這項運動是駕駛經過特殊改裝的汽車，在賽道或公路上競速，一級方程式（F1）是其最高級別賽事。請問這項運動是什麼？",賽車 (Auto Racing)
運動,7,2,"這項運動是騎師策騎馬匹，在賽道上競跑爭奪名次，在香港是一項非常受歡迎的博彩活動。請問這項運動是什麼？",賽馬 (Horse Racing)
運動,7,3,"這項運動是騎手駕馭馬匹，完成跳躍障礙、盛裝舞步或越野等項目，考驗人馬合作的技巧和默契。請問這項運動是什麼？",馬術 (Equestrianism)
運動,7,4,"這是一種利用經過訓練的鴿子進行競速的比賽，鴿子被帶到遠離鴿舍的地方釋放，以最快速度飛回者獲勝。請問這項運動是什麼？",賽鴿 (Pigeon Racing)
運動,7,2,"這項運動是駕駛小型、結構簡單的四輪賽車，在專用的小型賽道上競速，是許多賽車手的起點。請問這項運動是什麼？",小型賽車 / 高卡車 (Kart Racing / Go-Karting)
運動,8,1,"這是全球規模最大、最具影響力的綜合性運動會，每四年舉辦一次（夏季和冬季交替），匯集世界各國的頂尖運動員。請問這個運動會是什麼？",奧林匹克運動會 (奧運會 / Olympics)
運動,8,2,"這是國際足球總會（FIFA）主辦的國家級男子足球隊最高級別賽事，每四年舉辦一次，是全球最受關注的體育盛事之一。請問這個賽事是什麼？",世界盃足球賽 (FIFA World Cup)
運動,8,3,"這是歐洲足球協會聯盟（UEFA）主辦的國家級男子足球隊最高級別賽事，每四年舉辦一次，是歐洲最具聲望的足球比賽。請問這個賽事是什麼？",歐洲國家盃 (UEFA European Championship / 歐國盃)
運動,8,4,"這是亞洲奧林匹克理事會主辦的亞洲規模最大的綜合性運動會，每四年舉辦一次。請問這個運動會是什麼？",亞洲運動會 (亞運會 / Asian Games)
運動,8,3,"這是由拳頭遊戲（Riot Games）為其遊戲《英雄聯盟》舉辦的年度國際性電子競技賽事，是該項目最高榮譽、最高含金量的比賽。請問這個賽事是什麼？",英雄聯盟全球總決賽 (League of Legends World Championship / LoL世界大賽)
運動,9,2,"這是一項古老的策略性棋盤遊戲，兩位玩家在黑白相間的棋盤上移動不同功能的棋子，目標是將死對方的王。請問這項遊戲是什麼？",國際象棋 (Chess)
運動,9,1,"指運動員為了提高成績而使用國際體育組織禁用藥物或方法的行為，嚴重違反體育道德和公平競賽原則。請問這種行為稱為什麼？",使用禁藥 / 興奮劑 (Doping)
運動,9,3,"這是一項在冰上投擲和擦拭石壺的團體運動，目標是讓己方的石壺比對方更接近營壘中心。請問這項運動是什麼？",冰壺 (Curling)
運動,9,4,"指為殘疾運動員舉辦的國際綜合性運動會，緊隨奧運會之後在同一城市舉行。請問這個運動會是什麼？",殘疾人奧林匹克運動會 (帕運會 / Paralympics)
運動,9,2,"在許多體育比賽中，由公正的第三方人員負責執行比賽規則、控制比賽進程和裁決爭議。請問這個角色稱為什麼？",裁判 / 球證 (Referee / Umpire)
文化,0,1,"在農曆新年期間，長輩給予晚輩用紅色封套裝著的錢，寓意祝福和好運。請問這個習俗稱為什麼？",派利是 / 發紅包
文化,0,2,"這是中國傳統曆法中最重要的節日之一，通常在農曆正月十五日慶祝，人們會吃湯圓、賞花燈、猜燈謎。請問這個節日是什麼？",元宵節
文化,0,3,"指根據死者去世的日期，每年進行祭祀的傳統習俗，以表達對先人的懷念。請問這個習俗稱為什麼？",祭日 / 死忌
文化,0,1,"在傳統婚禮中，新娘穿著的紅色中式嫁衣，通常繡有龍鳳圖案，象徵吉祥如意。請問這件嫁衣稱為什麼？",裙褂
文化,0,2,"這是中國及東亞地區用來計算年份的傳統方法，以十天干和十二地支循環組合，六十年為一個週期。請問這個紀年法稱為什麼？",干支紀年 / 天干地支
文化,1,2,"在西方文化中，這個節日是每年十月的最後一天，小孩會裝扮成鬼怪，挨家挨戶討糖果，有雕刻南瓜燈的習俗。請問這個節日是什麼？",萬聖節 (Halloween)
文化,1,1,"在日本，觀賞櫻花盛開是一項重要的傳統活動，人們會在櫻花樹下聚會、野餐。請問這個活動稱為什麼？",花見 (Hanami) / 賞櫻
文化,1,3,"在泰國，人們在潑水節期間互相潑水，寓意洗去厄運、帶來祝福，是泰國新年慶祝活動的一部分。請問這個節日是什麼？",潑水節 (Songkran)
文化,1,4,"在印度教傳統中，這是一種在婦女前額點上紅點的裝飾，象徵吉祥和婚姻狀況。請問這個紅點稱為什麼？",賓迪 (Bindi)
文化,1,2,"在西方餐桌禮儀中，通常將叉子放在餐盤的左側，刀子放在右側，刀刃朝向餐盤。請問這種擺放方式遵循什麼原則？",左叉右刀
文化,2,1,"這個詞語最初指網路上惡意攻擊、騷擾他人的行為，後泛指發表挑釁、煽動性言論的行為。請問這個詞語是什麼？",引戰 / Trolling
文化,2,2,"指在網路上迅速傳播並被大量模仿、修改的圖片、影片、文字或概念，通常帶有幽默或諷刺意味。請問這個現象稱為什麼？",網絡迷因 / 梗圖 (Internet Meme)
文化,2,3,"這個詞語形容一個人對某個領域（尤其是動漫、遊戲等）極度熱愛和沉迷，甚至到了不顧一切的程度。請問這個詞語是什麼？",宅 / 御宅族 (Otaku 的衍生用法)
文化,2,1,"這個表情符號是由冒號、連字號和右括號組成，看起來像一個笑臉，是早期網際網路常用的表達方式。請問這個表情符號是什麼？",:) / 笑臉符號
文化,2,4,"指在社交媒體上擁有大量追隨者，並對其粉絲的觀點和行為產生影響力的人物。請問這類人物稱為什麼？",網絡紅人 / 網紅 / KOL (Key Opinion Leader)
文化,3,1,"在五線譜中，位於開頭用來確定音高的符號，常見的有高音譜號和低音譜號。請問這個符號稱為什麼？",譜號 (Clef)
文化,3,2,"這種由木材製成，有六根弦的撥弦樂器，廣泛應用於流行音樂、民謠、搖滾樂等。請問這是什麼樂器？",結他 / 吉他 (Guitar)
文化,3,3,"指音樂中聲音的強弱程度，例如 p 代表弱（piano），f 代表強（forte）。請問這個音樂要素是什麼？",力度 / 強弱法 (Dynamics)
文化,3,1,"由不同音高的音符按照一定關係疊加而成的組合，是構成音樂和聲的基礎。請問這個組合稱為什麼？",和弦 (Chord)
文化,3,2,"這種大型鍵盤樂器，透過敲擊琴槌使琴弦振動發聲，音域寬廣，表現力豐富。請問這是什麼樂器？",鋼琴 (Piano)
文化,4,2,"這位奧地利作曲家被譽為「音樂神童」，創作出大量交響曲、協奏曲、歌劇等作品，代表作有《魔笛》、《費加洛的婚禮》等。請問他是誰？",沃夫岡·阿瑪迪斯·莫札特 (Wolfgang Amadeus Mozart)
文化,4,1,"這位德國作曲家被譽為「樂聖」，雖然晚年失聰，但仍創作出《命運交響曲》、《英雄交響曲》、《月光奏鳴曲》等不朽名作。請問他是誰？",路德維希·范·貝多芬 (Ludwig van Beethoven)
文化,4,3,"指由管弦樂隊演奏的大型、多樂章的器樂套曲，是西方古典音樂的重要體裁。請問這種體裁是什麼？",交響曲 (Symphony)
文化,4,2,"這位波蘭作曲家兼鋼琴家，以其充滿詩意的夜曲、瑪祖卡舞曲和波蘭舞曲等鋼琴作品聞名。請問他是誰？",弗雷德里克·蕭邦 (Frédéric Chopin)
文化,4,4,"這種起源於意大利的戲劇藝術形式，結合了音樂、歌唱、表演和舞台設計，例如《卡門》、《茶花女》。請問這種藝術形式是什麼？",歌劇 (Opera)
文化,5,2,"這首廣泛流傳的英文生日歌曲，旋律簡單易記，通常在慶祝生日時演唱。請問這首歌是什麼？",Happy Birthday to You (生日快樂歌)
文化,5,1,"每個國家法定的代表歌曲，通常在重要場合演奏或演唱，體現國家精神和民族情感。請問這類歌曲稱為什麼？",國歌 (National Anthem)
文化,5,3,"指在民間流傳、作者不詳的傳統歌曲，通常反映了勞動生活、風土人情或歷史故事。請問這類歌曲稱為什麼？",民謠 / 民歌 (Folk Song)
文化,5,4,"這種起源於美國南方非裔族群的音樂形式，通常表達憂鬱、苦悶的情感，對爵士樂、搖滾樂產生了重要影響。請問這種音樂形式是什麼？",藍調 / 藍調 (Blues)
文化,5,2,"指專為兒童創作或適合兒童演唱的歌曲，旋律簡單、歌詞易懂，例如《Twinkle, Twinkle, Little Star》。請問這類歌曲稱為什麼？",兒歌 / 童謠 (Children's song / Nursery rhyme)
文化,6,1,"指使用相機捕捉影像，並將其記錄在底片或數位感光元件上的藝術或技術。請問這是什麼？",攝影 (Photography)
文化,6,2,"使用毛筆、墨水在紙或絹上書寫漢字或其他文字的傳統藝術形式，講究線條、結構和意境。請問這是什麼藝術？",書法 (Calligraphy)
文化,6,3,"這位荷蘭後印象派畫家以其充滿激情、筆觸粗獷的作品聞名，代表作有《星夜》、《向日葵》等，生前窮困潦倒。請問他是誰？",文森·梵谷 (Vincent van Gogh)
文化,6,4,"這種在公共場所（如牆壁、地鐵）進行的非法或未經許可的繪畫或文字塗寫行為，現也發展為一種視覺藝術形式。請問這是什麼？",街頭塗鴉 (Graffiti)
文化,6,1,"這幅由李奧納多·達文西創作的肖像畫，以其神秘的微笑和高超的繪畫技巧聞名於世，現藏於法國羅浮宮。請問這幅畫是什麼？",蒙娜麗莎 (Mona Lisa)
文化,7,2,"這位意大利文藝復興時期的藝術家，不僅是畫家，也是雕塑家、建築師，創作了《大衛像》、《聖母慟子像》以及西斯汀禮拜堂的壁畫。請問他是誰？",米開朗基羅 (Michelangelo)
文化,7,1,"指使用石頭、木材、金屬、黏土等材料，透過雕刻、塑造等手法創作的三維藝術品。請問這種藝術形式是什麼？",雕塑 (Sculpture)
文化,7,3,"這座位於西班牙巴塞隆納的未完成教堂，由建築師安東尼·高第設計，以其獨特、充滿自然元素的有機形態和複雜結構聞名。請問這座教堂是什麼？",聖家堂 (Sagrada Família)
文化,7,4,"這種建築風格盛行於中世紀晚期的歐洲，以高聳的尖塔、尖形拱門、肋狀拱頂和大型花窗玻璃為主要特徵。巴黎聖母院是其代表作。請問這種建築風格是什麼？",哥德式建築 (Gothic architecture)
文化,7,2,"這座位於印度阿格拉的白色大理石陵墓，是蒙兀兒王朝皇帝沙賈汗為紀念其亡妻而建，被譽為世界建築奇蹟之一。請問這座陵墓是什麼？",泰姬瑪哈陵 (Taj Mahal)
文化,8,2,"這個聯合國機構致力於透過教育、科學、文化促進國際合作與和平，並負責評定世界遺產。請問這個機構是什麼？",聯合國教科文組織 (UNESCO)
文化,8,1,"指一個社會群體共同擁有的信仰、價值觀、習俗、藝術、知識和行為模式的總和，代代相傳。請問這個概念是什麼？",文化 (Culture)
文化,8,3,"指在特定文化背景下，被認為不吉利或應避免提及、接觸的人事物或話題。請問這個概念是什麼？",禁忌 (Taboo)
文化,8,4,"這個詞語指不同文化之間相互接觸、交流、影響和融合的過程。請問這個詞語是什麼？",文化交流 (Cultural exchange)
文化,8,2,"指將一種文化（通常是強勢文化）的元素強加於另一種文化，可能導致後者原有特徵的喪失。請問這個現象稱為什麼？",文化侵略 / 文化同化 (Cultural assimilation/imperialism)
娛樂,0,1,"這部由宮崎駿執導的動畫電影，講述兩姐妹在鄉下遇到神秘的森林守護者「多多龍」的故事，充滿童趣和想像力。請問這部電影是什麼？",龍貓 (My Neighbor Totoro)
娛樂,0,1,"這部日本漫畫由鳥山明創作，講述主角孫悟空尋找七顆龍珠，並不斷修煉、保衛地球的故事，風靡全球。請問這部漫畫是什麼？",龍珠 (Dragon Ball)
娛樂,0,2,"這位日本漫畫家以《ONE PIECE》（海賊王）聞名，該作品描寫主角魯夫立志成為海賊王，與夥伴們展開冒險的故事。請問這位漫畫家是誰？",尾田榮一郎
娛樂,0,3,"這類源自日本的影視作品，通常以大量特效描繪變身英雄、巨大怪獸或機器人戰鬥的故事，例如《超人力霸王》（鹹蛋超人）。請問這類作品稱為什麼？",特攝 (Tokusatsu)
娛樂,0,2,"這部由諫山創創作的日本漫畫，描寫人類為了生存，對抗會吃人的巨大生物「巨人」的故事，劇情黑暗且充滿懸疑。請問這部漫畫是什麼？",進擊的巨人 (Attack on Titan)
娛樂,1,1,"這款由任天堂開發的冒險遊戲系列，玩家扮演主角林克，在虛構的海拉魯王國展開冒險，拯救薩爾達公主。請問這個遊戲系列是什麼？",薩爾達傳說 (The Legend of Zelda)
娛樂,1,2,"這款由 Mojang Studios 開發的沙盒遊戲，玩家可以在一個由方塊組成的三維世界中自由探索、採集資源、建造和生存。請問這款遊戲是什麼？",Minecraft (我的世界)
娛樂,1,3,"這款由卡普空開發的狩獵動作遊戲系列，玩家扮演獵人，在豐富的生態環境中討伐各種巨大魔物。請問這個遊戲系列是什麼？",魔物獵人 / 怪物獵人 (Monster Hunter)
娛樂,1,1,"這是任天堂公司推出的家用遊戲機，以其創新的體感控制器和紅白機風格設計廣受歡迎，代表遊戲有《Wii Sports》。請問這款遊戲機是什麼？",Wii
娛樂,1,2,"這款由 Rockstar Games 開發的開放世界動作冒險遊戲系列，以其高度自由度、諷刺性的劇情和暴力內容而聞名。請問這個遊戲系列是什麼？",俠盜獵車手 / 橫行霸道 (Grand Theft Auto / GTA)
娛樂,2,1,"這款經典的棋盤遊戲，玩家透過擲骰子移動棋子，在棋盤上買賣地產、收取租金，目標是讓其他玩家破產。請問這款遊戲是什麼？",大富翁 / 地產大亨 (Monopoly)
娛樂,2,2,"這款抽象策略棋盤遊戲，兩位玩家在有格點的棋盤上輪流放置黑白棋子，目標是包圍並吃掉對方的棋子，佔據更多地盤。請問這款遊戲是什麼？",圍棋 (Go)
娛樂,2,3,"這是一種集換式卡牌遊戲，玩家扮演使用魔法的「鵬洛客」，利用生物、咒語等卡牌擊敗對手。請問這款遊戲是什麼？",魔法風雲會 (Magic: The Gathering)
娛樂,2,1,"這是一種常見的紙牌遊戲，目標是盡快出完手中的牌，當只剩下一張牌時要喊出遊戲名稱。請問這款遊戲是什麼？",UNO
娛樂,2,3,"這種推理遊戲通常在聚會中進行，玩家扮演不同角色（如狼人、村民、預言家），透過發言和投票找出隱藏的狼人。請問這款遊戲是什麼？",狼人殺 (Werewolf)
娛樂,3,1,"這部美國情境喜劇講述了六位住在紐約曼哈頓的好友的生活故事，播出長達十年，深受全球觀眾喜愛。請問這部劇集是什麼？",老友記 / 六人行 (Friends)
娛樂,3,2,"這部由香港無線電視（TVB）製作的長篇處境喜劇，圍繞一個大家庭的生活點滴展開，多年來深受香港觀眾歡迎。請問這部劇集是什麼？",愛·回家系列 (Come Home Love series)
娛樂,3,3,"這部英國廣播公司（BBC）製作的紀錄片系列，以其壯觀的地球自然風光和珍稀動植物影像而聞名，由大衛·艾登堡主持。請問這個紀錄片系列是什麼？",地球脈動 / 行星地球 (Planet Earth)
娛樂,3,4,"這部韓國電視劇講述了一位外星男子與一位頂級女演員之間的愛情故事，在亞洲掀起熱潮。請問這部劇集是什麼？",來自星星的你
娛樂,3,2,"指電視台或串流平台在特定時間段播出的電視節目，例如新聞報導、綜藝節目、電視劇等。請問這個總稱是什麼？",電視節目 (Television Program)
娛樂,4,1,"這位香港演員兼導演，以其自編自導自演的無厘頭喜劇電影聞名，代表作有《喜劇之王》、《少林足球》、《功夫》等。請問他是誰？",周星馳
娛樂,4,2,"這部由劉偉強、麥兆輝執導的香港警匪電影，講述警方臥底與黑幫臥底之間的鬥智鬥勇，後被好萊塢翻拍。請問這部電影是什麼？",無間道
娛樂,4,3,"這位香港導演以其獨特的暴力美學和江湖片聞名，代表作有《英雄本色》、《喋血雙雄》等。請問他是誰？",吳宇森
娛樂,4,1,"這位香港演員是國際知名的功夫巨星，以其融合了武術與喜劇的表演風格著稱，代表作有《警察故事》、《醉拳》等。請問他是誰？",成龍
娛樂,4,4,"這個香港電影獎項被譽為「香港奧斯卡」，旨在表彰香港電影界的傑出成就。請問這個獎項是什麼？",香港電影金像獎
娛樂,5,1,"這部由詹姆斯·卡麥隆執導的科幻電影，以其創新的3D技術和描繪潘朵拉星球的壯麗景象，打破了全球票房紀錄。請問這部電影是什麼？",阿凡達 (Avatar)
娛樂,5,2,"這個位於美國加州的電影製作中心，是許多大型電影公司和製片廠的所在地，被視為美國電影工業的代名詞。請問這個地方是哪裡？",好萊塢 (Hollywood)
娛樂,5,3,"這家美國動畫工作室以其電腦動畫電影聞名，創作出《玩具總動員》、《海底總動員》、《超人特攻隊》等經典作品。請問這家工作室是什麼？",彼思動畫製作室 / 皮克斯 (Pixar Animation Studios)
娛樂,5,1,"這個由漫威漫畫改編的電影系列宇宙，集結了鋼鐵人、美國隊長、雷神索爾等超級英雄，在全球範圍內取得了巨大成功。請問這個電影宇宙是什麼？",漫威電影宇宙 (Marvel Cinematic Universe / MCU)
娛樂,5,2,"這位美國導演以其史詩般的科幻電影和對技術創新的追求而聞名，執導了《鐵達尼號》、《阿凡達》、《未來戰士》等影片。請問他是誰？",詹姆斯·卡麥隆 (James Cameron)
娛樂,6,2,"這位日本動畫導演以其細膩的情感描寫和唯美的畫面風格著稱，執導了《你的名字。》、《天氣之子》等動畫電影。請問他是誰？",新海誠
娛樂,6,3,"這部韓國電影由奉俊昊執導，講述一個貧困家庭寄生於富裕家庭的故事，獲得了奧斯卡最佳影片等多項大獎。請問這部電影是什麼？",上流寄生族 / 寄生上流 (Parasite)
娛樂,6,1,"這個法國電影獎項被認為是法國國內電影的最高榮譽，相當於法國的奧斯卡獎。請問這個獎項是什麼？",凱薩獎 (César Award)
娛樂,6,4,"這部印度電影由阿米爾·罕主演，講述一位父親訓練女兒成為摔跤選手的故事，情節勵志感人。請問這部電影是什麼？",打死不離3父女 / 我和我的冠軍女兒 (Dangal)
娛樂,6,2,"這個每年在法國南部城市舉辦的國際電影節，是世界上最具影響力的電影節之一，最高獎項是金棕櫚獎。請問這個電影節是什麼？",康城影展 / 坎城影展 (Cannes Film Festival)
娛樂,7,1,"這位香港歌手被譽為「歌神」，以其精湛的唱功和深情的演繹聞名，擁有《吻別》、《每天愛你多一些》等眾多經典歌曲。請問他是誰？",張學友
娛樂,7,2,"這個香港女子音樂組合由蔡卓妍和鍾欣潼組成，在2000年代初紅極一時，代表作有《下一站天后》、《戀愛大過天》等。請問這個組合是什麼？",Twins
娛樂,7,1,"這位已故香港歌手和演員被譽為「哥哥」，是香港樂壇和影壇的巨星，代表歌曲有《風繼續吹》、《Monica》等。請問他是誰？",張國榮
娛樂,7,3,"這位香港填詞人以其充滿哲理和文學性的歌詞著稱，為許多歌手創作了大量經典作品，與林夕並稱為香港詞壇的兩大支柱。請問他是誰？",黃偉文 (Wyman Wong)
娛樂,7,2,"這個香港男子組合由12名成員組成，透過選秀節目《全民造星》出道，近年來在香港掀起熱潮。請問這個組合是什麼？",MIRROR
娛樂,8,1,"這位美國女歌手被譽為「流行天后」，以其多變的音樂風格和視覺形象、以及《Like a Virgin》、《Vogue》等歌曲聞名。請問她是誰？",麥當娜 (Madonna)
娛樂,8,2,"這個韓國男子音樂團體在全球範圍內取得了巨大成功，以其高質量的音樂、精彩的表演和積極的社會信息聞名。請問這個團體是什麼？",防彈少年團 (BTS)
娛樂,8,1,"這位已故美國男歌手被譽為「流行音樂之王」，以其獨特的歌聲、舞步（如月球漫步）和《Thriller》、《Billie Jean》等歌曲風靡全球。請問他是誰？",米高·積遜 / 麥可·傑克森 (Michael Jackson)
娛樂,8,3,"這個源自美國紐約市布朗克斯區的音樂和文化形式，包含饒舌（MCing）、唱片騎師（DJing）、霹靂舞（B-boying）和塗鴉（Graffiti）四大元素。請問這是什麼文化？",嘻哈 / Hip-hop
娛樂,8,2,"這位美國創作女歌手以其鄉村音樂起家，後轉型為流行音樂，創作了《Love Story》、《Shake It Off》等大量熱門歌曲，擁有極高的全球知名度。請問她是誰？",泰勒·斯威夫特 (Taylor Swift)
娛樂,9,2,"這種結合了歌唱、對白、表演和舞蹈的舞台藝術形式，通常有連貫的故事情節，例如《歌劇魅影》、《貓》。請問這種藝術形式是什麼？",音樂劇 (Musical Theatre)
娛樂,9,1,"指現場觀看歌手或樂隊表演的音樂活動，通常在體育館、劇院或戶外場地舉行。請問這種活動稱為什麼？",演唱會 / 音樂會 (Concert)
娛樂,9,3,"這個美國頒獎典禮被認為是美國乃至全球音樂界的最高榮譽，旨在表彰音樂產業的傑出成就。請問這個獎項是什麼？",格林美獎 / 葛萊美獎 (Grammy Award)
娛樂,9,4,"這個詞語指透過模仿著名歌手或其他名人的聲音、外貌或表演風格來進行娛樂表演。請問這種表演稱為什麼？",模仿秀 (Impersonation / Impression)
娛樂,9,2,"指錄製好的音樂專輯或單曲，透過實體（如CD、黑膠）或數位（如下載、串流）形式發行供聽眾欣賞。請問這個總稱是什麼？",唱片 / 音樂專輯 (Album / Record)
