question,answer,difficulty,topic,subtopic
這部作品描寫了梁山好漢的聚義和英雄事蹟，是中國古典四大名著之一。書中以「替天行道」為口號，主要敘述了一百零八條好漢的故事。請問這部作品是什麼？,水滸傳,4,文學,中文文學（古典）
唐朝時期的這位詩人被稱為「詩仙」，他的詩歌豪放不羈，充滿浪漫主義色彩。據說他能「一斗詩百篇」，其代表作包括《將進酒》和《早發白帝城》。請問這位詩人是誰？,李白,3,文學,中文文學（古典）
這部中國古典小說是四大名著之一，描述了一個大家族的興衰，以賈、史、王、薛四大家族為背景，主角賈寶玉與林黛玉的愛情故事為主線。請問這部小說是什麼？,紅樓夢,3,文學,中文文學（古典）
唐朝這位被稱為「詩聖」的詩人，其作品充滿了對國家命運和人民疾苦的深切關懷，代表作有《三吏》、《三別》等。他與李白並稱「李杜」，是唐詩的代表人物之一。請問這位詩人是誰？,杜甫,3,文學,中文文學（古典）
這部四大名著之一以三國時期魏、蜀、吳三國的歷史爭鬥為背景，劉備、關羽、張飛的桃園三結義是其中著名的開篇情節。請問這部小說是什麼？,三國演義,3,文學,中文文學（古典）
這位作家被譽為中國現代文學的奠基人，於1918年發表了中國第一篇白話文小說《狂人日記》，另著有《阿Q正傳》等作品。他是新文化運動的領導者之一，積極倡導白話文運動。請問這位作家是誰？,魯迅,3,文學,中文文學（近代、現代）
這部作品是現代文學家巴金的代表作，描述了封建大家庭高家三代人的生活，以及青年一代與舊制度的鬥爭。它是「激流三部曲」中的第一部，反映了中國社會從封建走向現代的轉變過程。請問這部作品是什麼？,家,4,文學,中文文學（近代、現代）
這位作家以筆名「茅盾」聞名，是中國現代文學史上的重要人物，其代表作《子夜》描繪了20世紀30年代中國半殖民地半封建社會的圖景。請問這位作家的本名是什麼？,沈德鴻,5,文學,中文文學（近代、現代）
這位香港作家創作了多部膾炙人口的武俠小說，本名是查良鏞，作品有《碧血劍》、《鹿鼎記》、《射鵰英雄傳》等。請問這位作家的筆名是什麼？,金庸,4,文學,中文文學（近代、現代）
這部現代文學作品描寫了一個農村青年的成長故事，以20世紀80年代的農村為背景，講述了主人公高加林在城鄉之間的徘徊與掙扎。作者是路遙。請問這部作品是什麼？,人生,4,文學,中文文學（近代、現代）
這位英國劇作家被譽為「世界文壇第一人」，其作品包括「四大悲劇」：《哈姆雷特》、《奧賽羅》、《李爾王》和《麥克白》。請問這位作家是誰？,莎士比亞,3,文學,西方文學
這部法國文學名著描述了一位前科犯人尚萬強的贖罪與救贖之路，同時刻畫了芳汀、珂賽特等悲慘角色的命運。這部作品後來被改編成音樂劇和電影。請問這部小說是什麼？,悲慘世界,4,文學,西方文學
這部愛爾蘭作家喬伊斯的著名小說以都柏林為背景，以利奧波德·布魯姆一天的經歷為主線，並參照荷馬史詩《奧德賽》的結構。請問這部現代主義文學經典是什麼？,尤利西斯,5,文學,西方文學
這位俄國文學家創作了《罪與罰》、《卡拉馬佐夫兄弟》等作品，以深刻的心理描寫和對人性的剖析聞名，被認為是俄國最偉大的小說家之一。請問這位作家是誰？,陀思妥耶夫斯基,4,文學,西方文學
這部美國文學名著描述了第一次世界大戰期間的一段悲劇愛情故事，男主角是一名美國義務兵擔任救護車司機，女主角是一名英國護士。故事背景設定在義大利戰場。請問這部海明威的代表作是什麼？,戰地春夢,5,文學,西方文學
這位日本作家是第一位獲得諾貝爾文學獎的亞洲人，其作品《雪國》、《千鳥》、《古都》等充滿日本傳統美學和禪意。請問這位作家是誰？,川端康成,4,文學,東方文學
這位當代日本作家的作品風格獨特，充滿超現實和魔幻色彩，代表作有《挪威的森林》、《1Q84》等。他的小說常被翻譯成多國語言，在全球範圍內擁有廣泛讀者。請問這位作家是誰？,村上春樹,3,文學,東方文學
這部印度史詩是世界上最長的史詩之一，講述了俱盧族的般度家族與持國家族之間的戰爭，同時包含了大量的哲學、宗教和倫理教導。請問這部史詩是什麼？,摩訶婆羅多,5,文學,東方文學
這位土耳其作家於2006年獲得諾貝爾文學獎，作品《我的名字叫紅》《雪》等被翻譯成多種語言。他的作品常探討東西方文化衝突以及土耳其的現代化歷程。請問這位作家是誰？,奧爾罕·帕慕克,5,文學,東方文學
這部日本古典文學作品被認為是世界上第一部長篇小說，描述了平安時代宮廷生活和一位美男子的情史。作品由女作家紫式部創作於11世紀初。請問這部作品是什麼？,源氏物語,4,文學,東方文學
這部童話集由德國兩兄弟於19世紀編纂，收錄了《小紅帽》、《白雪公主》、《灰姑娘》等經典童話故事。請問這部童話集是什麼？,格林童話,3,文學,繪本、童話、傳說
這位丹麥童話作家創作了《賣火柴的小女孩》、《醜小鴨》、《小美人魚》等膾炙人口的童話故事，被譽為世界童話之王。請問這位作家是誰？,安徒生,3,文學,繪本、童話、傳說
這部中東童話集包含了許多著名的故事，如《阿拉丁神燈》、《阿里巴巴與四十大盜》等，故事框架是一位國王的妻子每晚講述故事以拖延自己的死刑。請問這部童話集是什麼？,一千零一夜,4,文學,繪本、童話、傳說
這部兒童文學作品講述了一個小男孩與一隻狐狸的友誼故事，包含了許多對人生哲理的思考。作品中有名言「最重要的東西是用眼睛看不見的，要用心去感受」。請問這部作品是什麼？,小王子,3,文學,繪本、童話、傳說
這位英國兒童文學作家創作了《查理與巧克力工廠》、《了不起的狐狸爸爸》等作品，其故事常常充滿奇思妙想和黑色幽默。請問這位作家是誰？,羅爾德·達爾,4,文學,繪本、童話、傳說
這個中華神話故事講述了一位神射手為了解決天上出現多個太陽導致地上乾旱的問題，用神箭射下了九個太陽，只留下一個。請問這個神話故事的主角是誰？,后羿,3,文學,中華神話
這個中華創世神話描述了一位巨人用斧頭劈開混沌，創造了天地。他死後，他的身體各部分化為自然界的各種元素。請問這位創世神是誰？,盤古,3,文學,中華神話
這位女神在中華神話中因為偷吃了丈夫后羿從西王母處求得的長生不老藥，而飛到月亮上永遠居住。她的故事與中秋節有密切關聯。請問這位神話人物是誰？,嫦娥,3,文學,中華神話
這位女神在中華神話中用五色石補好了被共工撞破的天，又創造了人類。她被視為人類的創造者和保護神。請問這位神話人物是誰？,女媧,3,文學,中華神話
這位神話人物在失去父親后發誓要為父報仇，他每天用嘴含水往東海噴去，希望最終能將東海填平。這個故事比喻了堅持不懈的精神。請問這位神話人物是誰？,精衛,4,文學,中華神話
這位希臘神話中的主神統治著奧林匹斯山，是眾神之王，掌管天空和雷電。他的兄弟波塞冬和哈迪斯分別掌管海洋和冥界。請問這位神是誰？,宙斯,3,文學,世界神話
這位北歐神話中的主神被稱為眾神之父，擁有兩隻烏鴉為他收集世界各地的情報。為了獲取智慧，他曾犧牲一隻眼睛並在世界樹上吊了九天九夜。請問這位神是誰？,奧丁,4,文學,世界神話
這位希臘神話中的英雄完成了十二項不可能的任務，包括打敗尼美亞獅子、捕獲刻耳柏洛斯等。他因非凡的力量和勇氣而聞名，死後成為了奧林匹斯山上的神。請問這位英雄是誰？,赫拉克勒斯,4,文學,世界神話
這部北歐神話中描述的末日之戰將導致眾神與巨人的大戰，最終導致世界的毀滅與重生。在這場戰鬥中，奧丁、托爾等主要神明都將陣亡。請問這場末日之戰被稱為什麼？,諸神黃昏,5,文學,世界神話
這個埃及神話中的故事講述了一位神被其兄弟殺害並分屍，後被妻子尋回屍體碎片並重新組合復活。這位神後來成為冥界之王，象徵生命的循環。請問這位神是誰？,奧西里斯,5,文學,世界神話
這部佛教經典記載了釋迦牟尼的得道弟子惠能與神秀在五祖弘忍面前的偈語比試，以及惠能後來成為六祖的經歷。請問這部經典是什麼？,六祖壇經,5,文學,宗教經典
這部伊斯蘭教的核心經典被信徒認為是真主通過天使加百列直接啟示給先知穆罕默德的話語，全書共114章。請問這部經典是什麼？,古蘭經,4,文學,宗教經典
這部基督教經典中記載了一位先知帶領以色列人出埃及，並在西奈山上接受了十誡。這個故事是猶太教、基督教中重要的歷史事件。請問這位帶領以色列人出埃及的先知是誰？,摩西,3,文學,宗教經典
這部佛教經典中有著名的「色即是空，空即是色」的教導，是大乘佛教最重要的經典之一，被認為包含了佛教智慧的精髓。請問這部經典是什麼？,心經,4,文學,宗教經典
這位聖經人物被視為基督教信仰的核心，根據《新約》記載，他是上帝之子，為救贖人類的罪而死在十字架上，第三天復活。請問這位人物是誰？,耶穌,3,文學,宗教經典
這位科學家提出了三大運動定律，其中第一定律指出物體若不受外力作用或所受外力的合力為零時，物體的運動狀態保持不變。他也發明了微積分，請問這位科學家是誰？,牛頓,3.0,理科,物理學
這位物理學家於1915年提出廣義相對論，他認為重力會使光線彎曲，並於1919年經英國天文學家的日全蝕觀測證實。他也提出了著名的質能方程式 E=mc²。請問這位物理學家是誰？,愛因斯坦,2.5,理科,物理學
這是一種物理現象，當物體浸入流體中時，會受到一個向上的浮力，這個浮力的大小等於該物體排開的流體重量。這個原理是由古希臘科學家在洗澡時發現的，據說他發現後激動地裸奔喊著「尤里卡」。請問這是什麼原理？,阿基米德原理,4.0,理科,物理學
這種電磁波是由德國物理學家亨利希·赫茲於1888年首次產生和接收，現在被廣泛應用於無線通訊，包括手機、WiFi和藍牙等技術。請問這是什麼波？,無線電波,3.5,理科,物理學
這位法國物理學家對電磁學有重大貢獻，他提出了電流的磁效應定律，並以他的名字作為電流單位。請問這位科學家是誰？,安培,4.0,理科,物理學
這位俄國化學家於1869年創立了元素週期表，依據元素的原子量排列，並成功預測了當時未被發現的元素。請問這位化學家是誰？,門得列夫,4.0,理科,化學
這個化學常數代表一摩爾物質所含的分子或原子數量，數值約為6.022×10²³，是根據12克碳-12所含的原子數。請問這是什麼常數？,亞佛加厥常數（阿佛加德羅常數）,5.0,理科,化學
這是一種強烈的氧化劑，分子式為H₂O₂，常被用作消毒劑、漂白劑，遇到血液時會產生氧氣泡沫。請問這是什麼物質？,雙氧水（過氧化氫）,3.0,理科,化學
這種元素在室溫下是液態，常用於溫度計，化學符號為Hg，長期接觸可能導致神經系統損傷。請問這是什麼元素？,汞（水銀）,2.5,理科,化學
這種氣體在室溫下無色無味，分子式為CO，結合血紅蛋白的能力比氧氣強210倍，是一種常見的致命氣體。請問這是什麼物質？,一氧化碳,3.0,理科,化學
這位數學家是歷史上最偉大的數學家之一，他提出了著名的恆等式 e^(iπ)+1=0，被稱為「最優美的數學定理」，他的名字也被用作自然對數的底數。請問這位數學家是誰？,歐拉,4.5,理科,數學、電腦科學
這位英國數學家被譽為「計算機科學之父」，他在二戰期間破解納粹德國的密碼「恩尼格碼」，後來提出了著名的圖靈測試來判斷機器是否具有智能。請問這位數學家是誰？,圖靈,3.5,理科,數學、電腦科學
這個數學概念是無窮小變化量的累積，可以用來計算曲線下的面積或變化率，由牛頓和萊布尼茲獨立發明。請問這是什麼數學工具？,微積分,3.0,理科,數學、電腦科學
"這個數列從0和1開始，之後的每一項都是前兩項的和，如：0, 1, 1, 2, 3, 5, 8...，在自然界中常見，如向日葵的種子排列和松果的螺旋。請問這是什麼數列？",斐波那契數列,3.0,理科,數學、電腦科學
這種程式語言由丹麥電腦科學家 Bjarne Stroustrup 於1979年開始開發，是C語言的擴展，支援物件導向程式設計。請問這是什麼程式語言？,C++,3.5,理科,數學、電腦科學
這位英國細菌學家於1928年意外發現了第一種抗生素，它能夠殺死葡萄球菌。這種藥物在第二次世界大戰期間拯救了無數士兵的生命。請問這位科學家是誰？,佛萊明（弗萊明）,4.0,理科,醫學、衛生
這種疾病由一種RNA病毒引起，主要透過蚊子傳播，症狀包括高燒、頭痛、關節痛，嚴重時可引起出血和休克，在熱帶和亞熱帶地區常見。請問這是什麼疾病？,登革熱,4.5,理科,醫學、衛生
這個人體最大的器官覆蓋全身，具有保護、感覺、調節體溫等功能，由表皮、真皮和皮下組織三層構成。請問這是什麼器官？,皮膚,2.0,理科,醫學、衛生
這項手術是將一個人的器官或組織移植到另一個人體內，以取代受損或功能不全的器官。第一例成功的此類手術是1954年在美國進行的腎臟移植。請問這是什麼醫療程序？,器官移植,2.5,理科,醫學、衛生
這種醫學掃描技術利用強大的磁場和無線電波產生人體內部的詳細圖像，特別適合觀察軟組織，沒有X光的輻射風險。請問這是什麼掃描技術？,磁共振成像（核磁共振）,3.5,理科,醫學、衛生
這兩位科學家於1953年提出了DNA的雙螺旋結構模型，為之後的分子生物學和遺傳學研究奠定基礎，並因此獲得1962年諾貝爾獎。請問這兩位科學家的姓氏是什麼？,沃森和克里克,4.0,理科,生物學
這位奧地利修道院院長被稱為「遺傳學之父」，他通過豌豆雜交實驗發現了基因遺傳的規律，包括顯性和隱性特徵。請問這位科學家是誰？,孟德爾,4.0,理科,生物學
這個生物學過程是植物、藻類和某些細菌利用光能將二氧化碳和水轉化為葡萄糖和氧氣，是地球上大多數生命存在的基礎。請問這是什麼過程？,光合作用,2.0,理科,生物學
這個生物學理論由查爾斯·達爾文在1859年提出，核心概念是物種通過自然選擇和適者生存逐漸變化，解釋了生物多樣性的形成。請問這是什麼理論？,進化論,2.5,理科,生物學
這種細胞器被稱為「細胞的動力工廠」，負責產生細胞活動所需的能量，通過氧化分解葡萄糖產生ATP。請問這是什麼細胞器？,粒線體,3.5,理科,生物學
這種鳥類用直而尖銳的喙在樹皮上鑿洞，然後用帶鉤的舌頭鉤出樹木的蛀蟲進食，因此有「樹木醫生」的稱號。請問這是什麼鳥？,啄木鳥,2.5,理科,動植物
這種海洋哺乳動物是地球上最大的動物，可長達30米，重達180噸，以磷蝦為食，通過濾食方式進食。請問這是什麼動物？,藍鯨,3.0,理科,動植物
這種植物屬於食蟲植物，有著像捕蠅夾一樣的葉子，當昆蟲觸碰到葉子上的感應毛時，葉子會迅速閉合捕捉獵物。請問這是什麼植物？,捕蠅草,3.5,理科,動植物
這種昆蟲是完全變態的代表，經過卵、幼蟲、蛹、成蟲四個階段，其幼蟲以植物為食，成蟲有鱗粉覆蓋的翅膀，是重要的授粉者。請問這是什麼昆蟲？,蝴蝶,2.0,理科,動植物
這種爬行動物的特點是有一個堅硬的殼保護身體，可以把頭和四肢縮進殼內，壽命極長，有些種類可以活到100多歲。請問這是什麼動物？,烏龜,2.0,理科,動植物
這個地質學說認為地球的岩石圈是由若干板塊構成，這些板塊漂浮在軟流圈上，彼此之間的運動導致了地震、火山等地質現象。請問這是什麼學說？,板塊構造學說,4.0,理科,地球科學
這位德國氣象學家於1912年提出大陸漂移說，他認為所有大陸原本是連在一起的，後來分裂並漂移到現在的位置，證據包括海岸線吻合和化石分布等。請問這位科學家是誰？,魏格納,4.5,理科,地球科學
這種洞穴中常見的石灰岩沉積物，從洞穴頂部垂下，由溶解在水中的碳酸鈣沉積形成，生長非常緩慢。請問這是什麼地質結構？,鍾乳石,2.5,理科,地球科學
這種地質現象指湖泊、海洋等水體中氮、磷等營養物質含量過多，導致藻類大量繁殖，引起水質污染，甚至形成紅潮。請問這是什麼現象？,富營養化,5.0,理科,地球科學
這種地質時期是恐龍繁盛的時代，持續約1.8億年，分為三疊紀、侏羅紀和白堊紀，在白堊紀末期因小行星撞擊導致恐龍滅絕。請問這是什麼地質時期？,中生代,4.0,理科,地球科學
這位德國天文學家提出了三大行星運動定律，包括行星沿橢圓軌道運行、面積定律和週期平方與軌道半長軸立方成正比的關係。請問這位天文學家是誰？,開普勒,4.0,理科,天文學
這個天體是太陽系中最大的行星，有一個著名的大紅斑，是一場持續了數百年的風暴，還有至少79顆衛星。請問這是什麼行星？,木星,2.5,理科,天文學
這種天文現象是恆星生命的終結方式之一，當大質量恆星耗盡核燃料後，其核心突然塌縮，外層物質被猛烈拋出，產生巨大的爆炸。請問這是什麼現象？,超新星爆炸,4.0,理科,天文學
這個天文學術語指的是宇宙138億年前的一次劇烈膨脹，被認為是宇宙的起源，支持的證據包括宇宙微波背景輻射和宇宙膨脹。請問這是什麼理論？,大爆炸理論,3.5,理科,天文學
這種天體是由冰、塵埃和岩石組成，當接近太陽時，部分物質氣化形成彗髮和彗尾，最著名的是每76年回歸一次的哈雷彗星。請問這是什麼天體？,彗星,2.5,理科,天文學
這個功能是給有肢體障礙的用戶使用電腦的輔助，可以避免要求用戶同時按下多個功能鍵，在Windows系統中按Shift鍵5次可以打開。請問這個功能是什麼？,粘滯鍵,5.0,理科,科技、資訊科技
這種通訊技術使用2.4GHz頻段的無線電波進行短距離數據傳輸，名稱來源於10世紀丹麥國王的綽號，藍牙標誌結合了北歐兩個盧恩字母。請問這是什麼技術？,藍牙,3.0,理科,科技、資訊科技
這種程式被設計用來在未經授權的情況下收集用戶資訊或破壞電腦系統，通常透過電子郵件附件或網站下載傳播，名稱來源於希臘神話中的木馬。請問這是什麼惡意軟件？,特洛伊木馬,3.5,理科,科技、資訊科技
這種網絡協議是萬維網的基礎，用於在網絡上傳輸超文本，客戶端和服務器之間通過交換請求和響應來通信。請問這是什麼協議？,超文本傳輸協議（HTTP）,4.0,理科,科技、資訊科技
這種電腦儲存技術使用閃存儲存數據，沒有活動部件，比傳統硬盤更快、更耐用，現代電腦和手機多採用這種儲存裝置。請問這是什麼儲存技術？,固態硬盤（SSD）,3.0,理科,科技、資訊科技
這個單位用於測量聲音的強度，以0為人類聽覺閾值，以對數刻度增加，每增加10表示聲音強度增加10倍，一般認為85以上長期暴露可能導致聽力損傷。請問這是什麼單位？,分貝,3.0,理科,理科（其他）
這個科學原理解釋為什麼飛機能夠飛行，當空氣流過機翼時，機翼上方的空氣流動較快，壓力較低，從而產生向上的升力。請問這是什麼原理？,伯努利原理,4.0,理科,理科（其他）
這種現象是光的色散導致的，當陽光穿過空氣中的水滴時，不同波長的光被折射的角度不同，形成七種顏色的弧形光帶。請問這是什麼光學現象？,彩虹,2.0,理科,理科（其他）
這是一種常見的物理現象，當兩個頻率接近但不同的波相遇時，產生的聲音強度會周期性地變強和變弱，在音樂調音中非常有用。請問這是什麼現象？,拍頻,5.0,理科,理科（其他）
這個效應描述了運動物體發出的波對觀察者的頻率變化，當聲源靠近觀察者時，頻率增高；當遠離時，頻率降低，如救護車警笛經過時的聲音變化。請問這是什麼效應？,多普勒效應,4.0,理科,理科（其他）
這位科學家既是物理學家也是化學家，發現了放射性元素鐳和釙，是首位獲得兩次諾貝爾獎的人，一次化學獎一次物理獎。請問這位科學家是誰？,居里夫人,3.5,理科,理科Crossover
這個技術結合了物理學和醫學，利用放射性同位素示蹤劑在體內的分布來診斷疾病，產生人體器官的功能性圖像。請問這是什麼醫學成像技術？,正電子斷層掃描（PET）,4.5,理科,理科Crossover
這種現象涉及生物學和物理學，是指某些生物體能夠產生光，如螢火蟲和某些深海魚類，這是通過生物體內的化學反應將化學能轉化為光能。請問這是什麼現象？,生物發光,3.5,理科,理科Crossover
這個領域結合了電腦科學和生物學，使用計算機技術處理和分析生物數據，如基因序列、蛋白質結構等，在人類基因組計劃中發揮了關鍵作用。請問這是什麼學科？,生物信息學,4.5,理科,理科Crossover
這種技術結合了化學和物理學原理，用於分析物質的化學成分，通過測量樣品吸收或發射的電磁輻射，常用於環境監測、藥物分析等領域。請問這是什麼分析技術？,光譜分析,4.0,理科,理科Crossover
"這座山峰位於新界中部，海拔957米，比第二高峰高出23米，請問這個有「白霧纏繞」之稱的香港最高山峰是？",大帽山,5,地理,香港
"這條被稱為香港最長河流，全長37公里，流域面積約312平方公里，作為香港與中國大陸的天然邊界，請問這條河流是？",深圳河,5,地理,香港
"這個地區佔香港特區總面積約40%，共有24個，包括了大帽山、城門和獅子山等，請問這些保育及休閒之地是？",郊野公園,4.5,地理,香港
"它橫跨香港島與九龍半島之間，是香港的象徵之一，每晚8點都有「幻彩詠香江」燈光表演，請問這個被譽為世界三大夜景之一的港灣是？",維多利亞港,4,地理,香港
"香港第二高的山峰高934米，位於大嶼山，是觀賞日出日落的勝地，被選為「香港十大勝景」之一，請問這座山峰是？",鳳凰山,5,地理,香港
"這個全球最長的跨海大橋全長55公里，連接香港、珠海和澳門三地，被譽為「世界七大工程奇蹟」之一，請問這座於2018年通車的大橋是？",港珠澳大橋,4.5,地理,大中華地區
"這個被稱為「中國最美麗的城市」之一，因西湖而聞名，有著「上有天堂，下有蘇杭」的美譽，請問這個江南著名城市是？",杭州,5,地理,大中華地區
"這個中國第一長河流全長約6300公里，流經青海、四川、雲南等省份，最後流入東海，有着「黃金水道」的美譽，請問這條長江下游的重要港口城市是？",上海,4.5,地理,大中華地區
"這個位於中國大陸最南端的省份，是中國唯一的熱帶島嶼省份，被稱為「東方夏威夷」，請問這個著名的旅遊勝地是？",海南,4,地理,大中華地區
"這座山脈橫跨中國多個省份，總長約2500公里，被稱為「中華文明的搖籃」，孕育了黃河和長江兩大水系，請問這座中國南北分界線的山脈是？",秦嶺,5.5,地理,大中華地區
"這個日本最高的山，海拔3776米，是日本國家象徵，也是世界文化遺產，每年吸引數十萬遊客登頂，請問這座著名的活火山是？",富士山,4,地理,日本
"這個日本第二大島嶼，面積約83000平方公里，以雪景和溫泉著稱，曾舉辦冬季奧運會，請問這個位於日本最北端的島嶼是？",北海道,4,地理,日本
"這個日本古都曾是日本的首都長達千年之久，擁有多達17處世界文化遺產，以金閣寺和清水寺等古蹟聞名，請問這個保存了日本傳統文化的城市是？",京都,4.5,地理,日本
"這個日本第三大島是日本最南端的主要島嶼，面積約36000平方公里，以阿蘇火山和「仙人之鄉」高千穗峽等自然景觀聞名，請問這個島嶼是？",九州,5,地理,日本
"這條日本最長的河流，全長367公里，流經新潟縣和山形縣，自古以來對日本文化有重要影響，請問這條被譽為「母親之河」的河流是？",信濃川,5.5,地理,日本
"這個東南亞國家由上萬個島嶼組成，是世界上最大的群島國家，也是東南亞面積最大的國家，請問這個擁有「萬島之國」美譽的國家是？",印尼,4,地理,東南亞
"這個東南亞國家的首都曼谷，是唯一從未被歐洲國家殖民的東南亞國家，其國名在1939年前被稱為「暹羅」，請問這個佛教國家是？",泰國,4,地理,東南亞
"這個東南亞島國位於赤道上，全國由63個島嶼組成，面積僅700平方公里，卻是全球金融中心之一，請問這個被稱為「花園城市」的國家是？",新加坡,4,地理,東南亞
"這個東南亞國家擁有世界最大的佛教建築群，被譽為「千塔之國」，其著名的吳哥窟是世界七大奇蹟之一，請問這個東南亞國家是？",柬埔寨,4.5,地理,東南亞
"這條東南亞最長的河流，全長約4350公里，流經中國、緬甸、泰國、老撾、柬埔寨和越南六個國家，被稱為「東方多瑙河」，請問這條河流是？",湄公河,5,地理,東南亞
"這個國家擁有世界最高峰，平均海拔超過4000米，被稱為「世界屋脊」，其首都拉薩有「日光城」之稱，請問這個位於喜馬拉雅山脈的地區是？",西藏,4.5,地理,亞洲
"這個亞洲最大的湖泊，面積約3.7萬平方公里，也是世界最大的內陸湖，位於哈薩克斯坦和烏茲別克斯坦之間，請問這個鹹水湖是？",咸海,5.5,地理,亞洲
"這個亞洲國家擁有世界上第二高的山峰「K2」，是世界上唯一為伊斯蘭教而建立的國家，請問這個南亞國家是？",巴基斯坦,5,地理,亞洲
"這座亞洲最高的山峰，海拔8848米，被尼泊爾人稱為「聖母峰」，由英國登山家艾德蒙·希拉里和夏爾巴嚮導丹增·諾蓋首次成功登頂，請問這座山峰是？",珠穆朗瑪峰,4,地理,亞洲
"這個中亞國家是世界上最大的內陸國，擁有豐富的石油和天然氣資源，首都曾從阿拉木圖遷至阿斯塔納，請問這個亞洲國家是？",哈薩克斯坦,5,地理,亞洲
"這個歐洲最小的國家，面積僅0.44平方公里，由一位宗教領袖統治，是全球天主教會的中心，請問這個被意大利羅馬包圍的國家是？",梵蒂岡,4,地理,歐洲
"這條歐洲最長的河流，全長約3530公里，流經10個國家，從德國黑森林發源，注入黑海，請問這條河流是？",多瑙河,4.5,地理,歐洲
"這個歐洲山脈橫跨法國、瑞士、意大利、德國和奧地利等國，是歐洲最高的山脈，最高峰為白朗峰，請問這個山脈是？",阿爾卑斯山,4,地理,歐洲
"這個斯堪的納維亞半島國家，擁有超過5萬個湖泊和眾多峽灣，被譽為「千湖之國」，首都為赫爾辛基，請問這個北歐國家是？",芬蘭,4.5,地理,歐洲
"這個歐洲國家由英格蘭、蘇格蘭、威爾士和北愛爾蘭組成，是歐洲最大的島國，請問這個以泰晤士河和「大笨鐘」著稱的國家是？",英國,4,地理,歐洲
"這個國家由50個州組成，面積約963萬平方公里，是世界第三大國，其國旗有13條紅白相間的條紋和50顆星星，請問這個國家是？",美國,4,地理,美加
"這個北美洲最大的湖泊，也是世界最大的淡水湖之一，面積約8.2萬平方公里，位於美國和加拿大邊境，請問這個五大湖中最大的湖是？",蘇必利爾湖,5,地理,美加
"這座山脈縱貫北美洲西部，全長約7200公里，從阿拉斯加一直延伸到墨西哥，請問這個北美最長的山脈是？",落基山脈,4.5,地理,美加
"這個美國西南部的大峽谷，由科羅拉多河切割形成，深達1800米，長446公里，是世界七大自然奇觀之一，請問這個國家公園是？",大峽谷,4,地理,美加
"這個世界著名的瀑布位於美國和加拿大邊境，由尼亞加拉河形成，每分鐘水流量超過168000立方米，請問這個北美最大的瀑布是？",尼亞加拉瀑布,4,地理,美加
"這個位於南美洲的國家擁有世界上最長的海岸線，是世界上最細長的國家，東臨安第斯山脈，西瀕太平洋，請問這個國家是？",智利,5,地理,其他地區
"這個位於印度洋的島國由1200多個珊瑚島組成，是世界上最低窪的國家，平均海拔僅1.5米，面臨海平面上升的威脅，請問這個國家是？",馬爾代夫,4.5,地理,其他地區
"這座位於非洲的山峰，海拔5895米，是非洲最高峰，也是世界最高的獨立山峰，請問這座被白雪覆蓋的山是？",乞力馬扎羅山,5,地理,其他地區
"這個國家是南半球面積最大的國家，也是世界第六大國，以悉尼歌劇院和大堡礁等景觀聞名，請問這個國家是？",澳洲,4,地理,其他地區
"這條南美洲最長的河流，全長約6400公里，流域面積佔南美洲面積的40%，是世界上水量最豐富的河流，請問這條河流是？",亞馬遜河,4,地理,其他地區
"這幅以圓柱投影法繪製的世界地圖，保持了方位的正確性，但面積和形狀會有變形，被廣泛用於航海導航，請問這種地圖投影法是？",麥卡托投影,5.5,地理,地圖
"在國際標準地圖製作中，以本初子午線為基準劃分東西，以赤道為基準劃分南北，請問這個被公認為本初子午線的經線是？",格林威治子午線,5,地理,地圖
"這種圓柱投影法繪製的地圖會將地球兩極區域面積誇大，而保持方向角度正確，請問這種主要用於航海的地圖投影法是？",麥卡托投影,5.5,地理,地圖
"在地圖上，通常以不同顏色表示不同的海拔高度，請問在實體地形圖上表示平原區域最常用的顏色是？",綠色,4,地理,地圖
"這條全長118公里的高速鐵路連接香港和中國內地，於2018年啟用，最高時速可達每小時350公里，請問這條鐵路是？",廣深港高速鐵路,4.5,地理,交通
"這座長約1377米的懸索橋連接青衣島和馬灣，是香港最長的行車及鐵路雙用橋，請問這座橋樑是？",汀九橋,5,地理,交通
"這條連接香港國際機場和香港市區的鐵路，全長35.3公里，於1998年啟用，行車時間約24分鐘，請問這條鐵路是？",機場快線,4,地理,交通
"這座位於香港新界的海底隧道連接沙田和將軍澳，全長約4.2公里，是香港最長的行車隧道，請問這條隧道是？",將軍澳隧道,5,地理,交通
"這個香港重要交通樞紐連接香港島、九龍和新界，每日服務逾50萬人次，是全球最繁忙的鐵路車站之一，請問這個車站是？",中環站,4.5,地理,交通
"這種現象發生於熱帶氣旋中心氣壓低導致海水湧升，加上風力和地形等因素，使海水水位大幅上升，請問這種現象是？",風暴潮,5,地理,地理（其他）
"這種地形多見於熱帶和亞熱帶地區，由於生態系統豐富，被稱為「海洋中的熱帶雨林」，請問這種由珊瑚蟲遺骸形成的地貌是？",珊瑚礁,4,地理,地理（其他）
"這個位於香港西貢的世界級地質公園，因擁有約1.4億至1.7億年前形成的六角形岩柱而聞名，請問這個地質公園是？",香港聯合國世界地質公園,4.5,地理,地理（其他）
"這種風景區主要由喀斯特地貌構成，以石灰岩峰林、溶洞、暗河等地質特徵著稱，最著名的例子在中國廣西，請問這種地貌是？",喀斯特地貌,5,地理,地理（其他）
"這種自然現象會使低緯度地區的日照時間較為均衡，而高緯度地區則會出現極晝或極夜現象，請問這種與地球自轉軸傾角有關的現象是？",晝夜長短變化,4.5,地理,地理（其他）
"這個建築群結合了中國傳統建築和西方設計元素，是香港最著名的主題樂園之一，於2005年在大嶼山開幕，請問這個樂園是？",香港迪士尼樂園,4,地理,地理Crossover
"這個地區橫跨香港和深圳，面積約3.89平方公里，旨在促進兩地科技創新合作，請問這個兩地合作區是？",河套深港科技創新合作區,5,地理,地理Crossover
"這個被稱為「東方之珠」的地區，以其獨特的地理位置和發展歷程成為世界金融中心，回歸中國前曾為英國殖民地，請問這個地方是？",香港,4,地理,地理Crossover
"這個同時位於中國及哈薩克斯坦的湖泊，是中亞最大的內陸湖泊，由於氣候變化導致湖面逐漸萎縮，請問這個湖泊是？",巴爾喀什湖,5.5,地理,地理Crossover
"這個峽谷位於巴拿馬，連接大西洋和太平洋，大大縮短了國際航運路線，請問這個人工開鑿的水道是？",巴拿馬運河,4.5,地理,地理Crossover
題目,答案,難度,主分類,子分類
它是香港特別行政區的憲制性文件，於1990年4月4日由第七屆全國人民代表大會第三次會議通過，並明確闡述國家對香港的基本方針政策，請問這份重要文件是什麼？,基本法,2.0,社會,政治
香港特別行政區的行政長官由選舉委員會選出，然後由這個政府任命，請問是哪個政府？,中央人民政府,2.5,社會,政治
在香港立法會中，議案通常需要分別獲得功能界別和這個界別的過半數議員支持才能通過，這被稱為「分組點票」機制，請問是哪個界別？,地區直選,3.5,社會,政治
它是中國的最高國家權力機關，由全國各省、自治區、直轄市和軍隊選出的代表組成，每年舉行一次會議，請問這個機構的名稱是？,全國人民代表大會,3.0,社會,政治
這個委員會是香港特區政府的最高決策機構，由行政長官擔任主席，成員包括各司長、各局長等主要官員，請問是什麼委員會？,行政會議,3.0,社會,政治
香港特別行政區的法律制度建基於法治和司法獨立的原則，沿用英國的這套法律體系，以法官的判決先例作為裁決依據，請問這套法律體系稱為什麼？,普通法,2.0,社會,法律
在香港的司法體系中，負責審理較嚴重刑事案件和較大金額民事訴訟的法院，同時也是上訴法院所在地，請問是哪一間法院？,高等法院,2.5,社會,法律
根據《基本法》第八十一條，這個機構是香港特別行政區的終審法院，由首席法官和若干名常任法官組成，請問是什麼法院？,終審法院,2.0,社會,法律
在香港的法律體系中，這類律師主要負責接見當事人、提供法律意見和準備法律文件，但通常不直接在法庭上代表當事人，請問這類律師稱為什麼？,事務律師,3.0,社會,法律
在香港的法庭上，這類法律專業人士穿著黑色長袍和戴假髮，主要負責在法庭上代表當事人進行訴訟，請問他們被稱為什麼？,大律師,3.0,社會,法律
香港被評為全球最自由的經濟體系之一，採取低稅率和自由貿易政策，這種經濟體系被稱為什麼？,自由市場經濟,2.5,社會,經濟
香港是亞洲重要的金融中心，這個機構負責維持港元穩定和管理外匯基金，相當於其他地區的中央銀行，請問是什麼機構？,香港金融管理局,2.5,社會,經濟
香港經濟主要依賴第三產業，其中這個行業佔香港本地生產總值比重最大，是香港的四大支柱產業之一，涉及股票、債券等交易，請問是什麼行業？,金融服務業,2.0,社會,經濟
香港實行與美元掛鉤的聯繫匯率制度，由1983年開始實施至今，規定港元兌美元的匯率保持在這個比例，請問是多少？,7.8,3.5,社會,經濟
香港作為國際金融中心，擁有亞洲最大的這種市場之一，主要交易股票、期貨和期權等金融產品，請問是什麼市場？,證券市場,2.0,社會,經濟
這個在香港交易所上市的指數反映了香港股市的整體表現，由恆生銀行於1969年創立，是觀察香港股市最主要的指標，請問是什麼指數？,恆生指數,2.0,社會,商業、金融
在投資領域中，這種策略強調分散投資於不同種類的資產，如股票、債券和現金等，以降低整體風險，請問這種策略稱為什麼？,資產配置,3.0,社會,商業、金融
在企業財務報表中，這份文件反映了企業在特定時間點的財務狀況，包括資產、負債和股東權益，請問是什麼報表？,資產負債表,2.5,社會,商業、金融
在商業領域中，這個英文字母縮寫代表首次公開募股，是公司將股票首次在公開市場上發行和交易的過程，請問這個縮寫是什麼？,IPO,2.5,社會,商業、金融
在銀行業務中，這種存款要求客戶將資金存入銀行一段固定時間，通常利率比活期存款高，提前取款會有罰款，請問這種存款稱為什麼？,定期存款,2.0,社會,商業、金融
這位中國古代哲學家主張「道法自然」，著有《道德經》，是道家學派的創始人，請問他是誰？,老子,2.0,社會,倫理、哲學
這位古希臘哲學家是蘇格拉底的學生，創辦了雅典學院，著有《理想國》等著作，請問他是誰？,柏拉圖,2.5,社會,倫理、哲學
它是中國傳統文化的重要概念，強調人與人之間的互相關愛和尊重，是儒家思想的核心價值之一，也是為人處世的基本準則，請問是什麼？,仁,2.5,社會,倫理、哲學
這位中國古代思想家主張「天人合一」、「齊物論」，著有《莊子》，提倡逍遙自在的生活態度，請問他是誰？,莊子,2.0,社會,倫理、哲學
這位德國哲學家提出「絕對命令」的道德準則，著有《純粹理性批判》等著作，是啟蒙時代最重要的思想家之一，請問他是誰？,康德,3.0,社會,倫理、哲學
這位奧地利心理學家提出「潛意識」的概念，創立精神分析學派，著有《夢的解析》等著作，請問他是誰？,弗洛伊德,2.0,社會,心理學、社會學
在心理學中，這種現象是指人傾向於尋找能夠證實自己已有觀點或假設的資訊，而忽略不符合的證據，請問這種心理偏誤稱為什麼？,確認偏誤,3.0,社會,心理學、社會學
這位瑞士心理學家提出「集體無意識」和「原型」的概念，創立分析心理學派，曾與弗洛伊德合作，請問他是誰？,榮格,2.5,社會,心理學、社會學
在心理學實驗中，當參與者知道自己在接受測試時可能表現出非自然的反應，這種影響實驗結果的現象被稱為什麼效應？,霍桑效應,4.0,社會,心理學、社會學
這位美國心理學家以「需求層次理論」著稱，將人類需求分為生理、安全、社交、尊重和自我實現五個層次，請問他是誰？,馬斯洛,2.5,社會,心理學、社會學
這本書是基督教的聖典，分為舊約和新約兩部分，包含了從創世紀到啟示錄等多個篇章，請問這本書是什麼？,聖經,1.5,社會,宗教、神秘學
這個宗教以釋迦牟尼為創始人，強調「四聖諦」和「八正道」，修行目標是達到涅槃境界，請問是什麼宗教？,佛教,1.5,社會,宗教、神秘學
這個宗教的信徒信奉真主阿拉，每天需要禱告五次，以麥加為朝聖地，《古蘭經》是其主要經典，請問是什麼宗教？,伊斯蘭教,1.5,社會,宗教、神秘學
在中國傳統文化中，這種活動依據「八字」推算個人命運，通過分析天干地支、陰陽五行來預測吉凶，請問是什麼？,算命,2.0,社會,宗教、神秘學
這位宗教人物是基督教的創始人，據信曾在十字架上被釘死並於第三天復活，他的誕生日被基督徒紀念為聖誕節，請問他是誰？,耶穌,1.5,社會,宗教、神秘學
2022年2月，這個國家對烏克蘭發動大規模軍事入侵，引發國際社會強烈譴責和經濟制裁，請問是哪個國家？,俄羅斯,2.0,社會,時事
2023年10月7日，這個巴勒斯坦伊斯蘭主義組織對以色列發動襲擊，導致以色列對加薩地帶展開大規模軍事行動，請問是哪個組織？,哈馬斯,2.5,社會,時事
這位企業家創立了特斯拉和SpaceX等公司，2022年收購了社交媒體平台Twitter並將其更名為X，請問他是誰？,伊隆·馬斯克,2.0,社會,時事
這種於2019年底首次在武漢發現的病毒引發全球大流行，導致各國實施社交距離措施和旅行限制，請問這種病毒的常用名稱是什麼？,新冠病毒,1.5,社會,時事
這個於2023年11月在阿聯酋迪拜舉行的國際會議，討論全球氣候變化問題和減排目標，是聯合國氣候變化框架公約締約方大會，請問是第幾屆？,28,3.5,社會,時事
這個由美國、加拿大和歐洲多國組成的軍事聯盟成立於1949年，旨在提供集體防禦，目前已擴展至包括32個成員國，請問是什麼組織？,北約,2.0,社會,軍事
這艘於1912年服役的英國豪華郵輪在首航途中與冰山相撞沉沒，造成1500多人遇難，後來被拍成好萊塢電影，請問這艘船的名字是什麼？,鐵達尼號,2.0,社會,軍事
這場於1939年至1945年間的全球性軍事衝突，參戰國包括同盟國和軸心國，是人類歷史上規模最大、傷亡最慘重的戰爭，請問是什麼？,第二次世界大戰,1.5,社會,軍事
在現代軍事中，這種無人駕駛的飛行器可以遠程操控，用於偵察、監視和打擊目標，減少了飛行員的傷亡風險，請問是什麼？,無人機,2.0,社會,軍事
這座位於美國弗吉尼亞州的五邊形建築是美國國防部的總部，也是世界上最大的辦公樓之一，請問它的名稱是什麼？,五角大樓,2.5,社會,軍事
這個於1945年成立的國際組織旨在維護國際和平與安全，促進國際合作，總部位於紐約，目前有193個成員國，請問是什麼組織？,聯合國,1.5,社會,社會（其他）
這種社會制度在北歐國家（如瑞典、挪威）特別發達，強調普遍性的社會保障、免費教育和醫療服務，請問這種制度稱為什麼？,福利國家,2.5,社會,社會（其他）
這個國際組織關注人權問題，經常發布各國人權狀況報告，以「蠟燭包圍鐵絲網」為標誌，請問是什麼組織？,國際特赦組織,3.0,社會,社會（其他）
這種社會現象指人口從農村向城市遷移的過程，伴隨著城市規模擴大和城市人口比例上升，請問稱為什麼？,城市化,2.0,社會,社會（其他）
這個於1980年代在瑞士達沃斯創立的國際組織每年舉辦全球政商領袖會議，討論世界經濟議題，請問是什麼論壇？,世界經濟論壇,3.0,社會,社會（其他）
這個國際體育賽事每四年舉行一次，由國際奧林匹克委員會主辦，包括田徑、游泳、體操等多個項目的比賽，請問是什麼賽事？,奧林匹克運動會,1.5,社會,社會Crossover
這種藝術形式起源於19世紀末的法國，強調捕捉光線和色彩的變化，代表畫家包括莫奈和雷諾阿，請問是什麼畫派？,印象派,2.5,社會,社會Crossover
這個獎項由瑞典諾貝爾基金會設立，每年頒發給在物理、化學、生理學或醫學、文學、和平等領域有傑出貢獻的人，請問是什麼獎？,諾貝爾獎,1.5,社會,社會Crossover
這個位於中國北京的廣場是世界上最大的城市廣場之一，曾發生過多次重大歷史事件，位於故宮南側，請問是什麼廣場？,天安門廣場,2.0,社會,社會Crossover
這部1997年上映的電影講述了一艘郵輪沉沒的故事，由李奧納多·狄卡皮歐和凱特·溫斯蕾主演，獲得11項奧斯卡獎，請問是什麼電影？,鐵達尼號,2.0,社會,社會Crossover
"這種飲品在香港茶餐廳非常受歡迎，通常用錫蘭紅茶加入濃縮淡奶製成，有「絲襪」的暱稱。請問這種香港特色飲品是什麼？",港式奶茶,1.0,生活,飲食
"這種粵式點心是由蝦肉做成的半透明餃子，外形像水晶，蒸熟後可蘸醬油或辣醬食用。請問這種點心叫什麼名字？",蝦餃,1.0,生活,飲食
"這種香港流行的甜品，主要原料是芒果、椰汁、西米和牛奶，清涼爽滑，夏天特別受歡迎。請問這種甜品叫什麼？",楊枝甘露,1.5,生活,飲食
"這種源自廣東的食物，是把米漿倒入淺盤蒸熟，上面鋪上各種配料，常見於香港早餐和點心時間。請問這種米製品叫什麼？",腸粉,1.0,生活,飲食
"這種食物是香港街頭小吃的代表，由魚肉和麵粉製成，做成小圓球狀，通常在熱湯或咖哩汁中煮熟食用，口感彈牙。請問這種小吃是什麼？",魚蛋,1.0,生活,飲食
"這種傳統中式服裝在20世紀初至60年代在香港非常流行，特點是高領、貼身剪裁和開衩，後來成為了華人女性的經典裝束。請問這種服裝叫什麼？",旗袍,1.0,生活,時尚
"這個由香港設計師鄧達智於1987年創立的時裝品牌，以簡約時尚設計聞名，成為香港具代表性的國際時裝品牌之一。請問這個品牌名稱是什麼？",G2000,1.5,生活,時尚
"這位出生於香港的國際著名時裝設計師，曾為多位荷里活明星和名人設計服裝，包括莎拉潔西卡派克和艾瑪史東，更獲邀為美國第一夫人米歇爾·奧巴馬設計禮服。請問這位設計師是誰？",馬詩慧,2.0,生活,時尚
"這個於1992年在香港上市的國際鞋履品牌，總部設在香港，以舒適且時尚的設計聞名，現已在中國內地和香港擁有超過2,000家分店。請問這個品牌是什麼？",百麗,1.5,生活,時尚
"這種傳統中式男裝在香港早期非常普遍，由一件長衫和一件馬褂組成，是中式紳士的標準穿著。請問這種傳統服飾叫什麼？",長衫馬褂,1.5,生活,時尚
"這種在香港小型住宅中常見的家具，通常是一張可摺疊的桌子，用餐時打開，不用時可折疊收起以節省空間。請問這種節省空間的家具叫什麼？",摺枱,1.0,生活,居家
"在香港的傳統習俗中，這種紅色物品會掛在家門口或室內，上面寫著吉祥話，用來帶來好運和祝福，特別是在農曆新年期間。請問這是什麼物品？",揮春,1.0,生活,居家
"這種風水物品在許多香港家庭和商店中都能看到，通常放在門口或櫃檯，據說能招財進寶。它的造型是一隻舉起左手或右手的貓。請問這個招財物品叫什麼？",招財貓,1.0,生活,居家
"在香港的舊式唐樓設計中，這個區域通常位於建築物的中央，用作通風和採光，居民有時也會在此區域晾衣服。請問這種建築設計叫什麼？",天井,1.5,生活,居家
"香港人傳統上認為這種家居設計有助於改善家居運勢，講究座向、擺設和顏色，許多人在搬家或裝修時都會諮詢相關專家。請問這種中國傳統理論叫什麼？",風水,1.0,生活,居家
"這種傳統中式療法在香港很受歡迎，透過在皮膚上放置小杯子並抽走空氣，以改善血液循環和緩解肌肉疼痛。請問這種治療方法叫什麼？",拔罐,1.5,生活,健康
"這種源自中國的傳統運動在香港的公園清晨經常可見，動作緩慢而優美，強調呼吸控制和身體平衡，有助於放鬆身心。請問這種運動叫什麼？",太極,1.0,生活,健康
"在香港的中醫診所常見的這種治療方法，通過將細針插入體表特定穴位，調節氣血平衡，緩解各種健康問題。請問這種中醫療法叫什麼？",針灸,1.0,生活,健康
"這種在香港常見的季節性疾病，每年通常在冬季和春季流行，症狀包括發熱、咳嗽和喉嚨痛，香港政府會提供疫苗接種計劃預防。請問這種疾病叫什麼？",流感,1.0,生活,健康
"這種中式按摩療法在香港很受歡迎，專門針對腳部的不同反射區，據說可以通過刺激這些區域來影響身體的相應器官。請問這種按摩叫什麼？",足底按摩,1.0,生活,健康
"這個位於香港的主題公園於2005年開幕，擁有七個主題區域，包括美國小鎮大街、幻想世界、明日世界和探險世界等。請問這個主題公園叫什麼？",香港迪士尼樂園,1.0,生活,休閒
"這個位於香港的地標建築，高達118層，是香港最高的摩天大樓，頂部設有觀景台，遊客可以360度俯瞰維多利亞港全景。請問這座建築物叫什麼？",環球貿易廣場,1.5,生活,休閒
"這種香港傳統娛樂形式，演員穿著華麗服飾，伴隨鑼鼓聲演唱，表演古代故事和神話傳說，被列入聯合國教科文組織非物質文化遺產。請問這種表演藝術叫什麼？",粵劇,1.0,生活,休閒
"這個位於香港島南區的海灘，因其清澈的海水和細軟的沙灘而聞名，是香港最受歡迎的海灘之一，每年夏天都吸引大量遊客前往游泳和日光浴。請問這個海灘叫什麼？",淺水灣,1.0,生活,休閒
"這種源自英國的體育活動在香港非常受歡迎，特別是在沙田和跑馬地的專門場地舉行，吸引大量市民參與投注。請問這項體育活動是什麼？",賽馬,1.0,生活,休閒
這個朝代是中國歷史上第一個統一的帝國，其皇帝下令焚書坑儒，並修建萬里長城。這個朝代的國號是什麼？,秦朝,1.5,歷史,中國古代史
中國古代歷史上，這位皇帝統一六國建立大一統王朝，並且為防止北方匈奴入侵而修築長城，還實行車同軌、書同文的政策。這位皇帝是誰？,秦始皇,1.0,歷史,中國古代史
這項發明於漢朝時期出現，最初用於指示方向，對中國和世界的航海事業有巨大貢獻，被譽為中國古代四大發明之一。這項發明是什麼？,指南針,1.0,歷史,中國古代史
在中國古代，這個龐大的軍事工程主要由秦始皇統一中國後下令修建，後來歷代不斷修繕擴建，其目的是防止北方遊牧民族入侵。這個工程是什麼？,萬里長城,1.0,歷史,中國古代史
這位漢朝開國皇帝原本是一名亭長，起兵反抗秦朝暴政，經過楚漢之爭最終打敗項羽，建立了延續四百年的王朝。這位皇帝是誰？,劉邦,1.5,歷史,中國古代史
這場發生於1919年的運動由北京大學學生發起，是為了抗議巴黎和會中國外交失敗和日本獲得山東的權益。這場運動的名稱是什麼？,五四運動,1.5,歷史,中國近代史
這位革命家被尊稱為「國父」，他提出了三民主義理論，並成功領導了推翻清朝統治的辛亥革命。這位革命家是誰？,孫中山,1.0,歷史,中國近代史
這場戰爭始於1840年，英國以保護商業利益為藉口向中國宣戰，最終導致清朝簽訂了《南京條約》，割讓香港島給英國。這場戰爭的名稱是什麼？,第一次鴉片戰爭,1.5,歷史,中國近代史
這個政治理論由孫中山提出，包含民族、民權、民生三個核心部分，成為中華民國建國的指導思想。這個理論的名稱是什麼？,三民主義,1.5,歷史,中國近代史
這個事件發生於1949年10月1日，當時國共內戰已基本結束，這位領導人在北京天安門廣場宣告新中國成立。這位領導人是誰？,毛澤東,1.0,歷史,中國近代史
這場革命爆發於1789年，人民推翻了波旁王朝的統治，廢除了封建特權，並提出「自由、平等、博愛」的口號，對歐洲和世界產生深遠影響。這場革命發生在哪個國家？,法國,1.5,歷史,世界史
這場始於18世紀中葉的重大技術和社會變革，首先在英國開始，帶來了機械化生產和工廠制度，蒸汽機的發明是其中的重要標誌。這場變革的名稱是什麼？,工業革命,1.5,歷史,世界史
這個古老的文明被認為是西方民主制度的發源地，曾發展出公民投票制度，雅典是其重要城邦，對西方哲學和科學有深遠影響。這個文明是什麼？,古希臘,1.5,歷史,世界史
這位羅馬軍事和政治領袖在征服高盧後，回師羅馬並推翻了共和國制度，成為獨裁者，最終在公元前44年被刺殺身亡。這位領袖是誰？,凱撒,2.0,歷史,世界史
這場全球性衝突從1939年持續到1945年，是人類歷史上傷亡最慘重的戰爭，主要參與國包括同盟國（英國、蘇聯、美國等）和軸心國（德國、日本、意大利等）。這場戰爭的名稱是什麼？,第二次世界大戰,1.0,歷史,世界史
這份於1984年簽署的重要文件，由中國和英國兩國政府代表簽訂，確定了香港將於1997年7月1日回歸中國。這份文件的正式名稱是什麼？,中英聯合聲明,1.5,歷史,香港史
根據這份1842年簽訂的條約，清朝政府將香港島割讓給英國，標誌著香港開始成為英國殖民地。這份條約的名稱是什麼？,南京條約,1.5,歷史,香港史
這個香港地標是英國殖民時期保留至今的政府建築，位於中環，曾是香港總督府，現在是特區政府舉辦重要儀式的場所。這個地標的名稱是什麼？,禮賓府,2.0,歷史,香港史
這個時期從1960年代至1980年代，香港經濟快速發展，從勞動密集型製造業起步，逐漸轉型為亞洲重要的金融中心，被稱為「亞洲四小龍」之一。這個經濟現象通常被稱為什麼？,香港經濟奇蹟,1.5,歷史,香港史
這個重要歷史事件發生於1997年7月1日，英國結束對香港154年的統治，主權正式交還給中國，實行「一國兩制」政策。這個事件通常被稱為什麼？,香港回歸,1.0,歷史,香港史
這場始於1861年，持續到1865年的內戰，是因為南北方對奴隸制度的分歧而爆發，最終由北方取得勝利，並廢除了奴隸制度。這場戰爭發生在哪個國家？,美國,1.5,歷史,戰爭史
這場戰爭於1950年爆發，以38度線為界，南北雙方相互對峙，有美國和中國等國家的參與，最終於1953年簽訂停戰協議，但並未簽訂和平條約。這場戰爭的名稱是什麼？,韓戰,1.5,歷史,戰爭史
這場位於比利時的決定性戰役於1815年6月發生，是拿破崙戰爭的最後一役，英國威靈頓公爵和普魯士元帥布呂歇爾聯合擊敗了拿破崙的軍隊。這場戰役的名稱是什麼？,滑鐵盧戰役,2.0,歷史,戰爭史
這場持續了4年的全球性戰爭從1914年開始，主要由協約國（英法俄等）和同盟國（德奧土等）兩大陣營對抗，最終以同盟國戰敗告終。這場戰爭的名稱是什麼？,第一次世界大戰,1.0,歷史,戰爭史
這場戰爭始於1955年，美國為阻止共產主義在東南亞蔓延而大規模介入，最終於1975年以美軍撤出，西貢（現胡志明市）淪陷而告終。這場戰爭的名稱是什麼？,越戰,1.5,歷史,戰爭史
