題目,答案,難度,主分類,子分類
這個英文單字可以指瓷器，同時可以指中國，請問這個英文單字是？,China,2.3,語言,英文
位於長沙灣道的一間中學、位於柯士甸道的一個公園，它們的簡稱的廣東話讀音相同，此讀音亦可比喻為不擇手段討好女性的男人，請問是？,狗公,5,語言,語言Crossover
通常牽涉的金額以毫子計算，目的不是輸贏，而是遊玩的過程間達到消閒或聯誼目的。請問這種特殊的麻雀玩法稱為？,衛生麻雀,4,文化,中華文化、風俗
這是香港一種傳統的住宅形式，住宅向大街的一面是舖頭店面，而舖頭後面則是作為居所使用，請問這種住宅形式是？,前舖後居,5,生活,生活
用直而尖銳的喙在樹皮上鑿洞，然後用帶鉤的舌頭鉤出樹木的蛀蟲進食，因此有「樹木醫生」稱號的雀鳥是？,啄木鳥 Woodpecker,2.6,理科,動植物
此城市擁有東南亞最多前殖民地建築，位於伊江三角洲，名稱含有「戰亂終結」之意，請問此緬甸最大城市兼前首都是？,仰光 Rangoon,6,地理,東南亞
現今常用的眼線有三種類型，分別是眼線筆 Pencil Eyeliner、眼線膠 Gel Eyeliner 和哪一種？,液體眼線筆 Liquid Eyeliner,6.2,生活,服飾、時尚
作為2020年 ViuTV 一套西方玄學節目名稱，請問這種意指「面對不點名批評時，先把批評對象假定為自己」的行為稱為？,對號入座,5,語言,廣東話
這個功能是給有肢體障礙的用戶使用電腦的輔助，可以避免要求用戶同時按下多個功能鍵。請問這個在 Windows 中按 Shift 鍵 5 次可以打開的功能是？。,粘滯鍵 Sticky keys,5,理科,科技、資訊科技
位於馬鞍山鞍駿街2號，是香港宿位最多同佔地面積最大的營地，請問這個由香港中華基督教青年會經營的營地是？,烏溪沙青年新村,5,地理,香港
主張「非命」、「非樂」、「天志」、「明鬼」等思想，亦是中國古代第一個邏輯學體系的發源處。這個在春秋戰國時代流行，被韓非子稱為「世之顯學」的哲學流派是？,墨家,5,社會,倫理、哲學
位於巴塞羅那，這座由高迪設計的教堂中總共有十八個尖塔和三個立面，從1882年開始修建，至今仍未完工。請問這座教堂的名稱是？,聖家大教堂 Sagrada Família,5,文化,立體藝術
這種廚具在遊戲 PUBG 中可以用於擋子彈。請問這種鑊底平坦，用於煎同煮的廚具是？,平底鑊 Frying Pan,4.7,娛樂,遊戲（電子）
這個廣東話俗語本為中醫術語，意思指透過調理臟腑以治療氣鬱導致的情志不暢，後來引伸至遇到事情令人心情舒暢的意思，請問這個廣東話俗語是？,疏肝,6.5,語言,諺語、俗語
相傳由先英王亨利八世下令鑄造，至克倫威爾共和時期遭斬件售出，請問這個自1902年起用以代表伊利沙伯二世除外英國君主的王冠是？,都鐸王冠 Tudor Crown,6,歷史,歷史Crossover
全港面積最大的公園是大埔海濱公園，而第二大的公園是維多利亞公園；那麼請問第三大的公園是哪個園內設施包括「嶺南之風」的公園？,荔枝角公園,5,地理,香港
本名清野有沙，曾經聲演 Hestia 、香風智乃、中野五月、雷姆，請問這一位女聲優是？,水瀨祈,6,娛樂,動漫畫
2010 年代開始普及，指家長希望子女成長有充足資源，盡早學習知識，以跑步比賽作比喻的句子是？,贏在起跑線,4,語言,中文
這隊樂隊成立於2009年，知名歌曲有 CityBoy、中二病人、深夜告別練習、年少輕狂，請問這一支樂隊是？,Zpecial,4.3,娛樂,廣東流行音樂
這間公司簡稱 VOC，是世上最早的跨國公司，請問這個由荷蘭商人成立，對亞洲進行貿易活動的公司是？,荷蘭東印度公司,6.3,歷史,世界史（近世）
指湖泊、海洋等水體中氮、磷等營養物質含量過多所引起的水質污染現象，使浮游生物大量繁殖，引致紅潮。請問這種污染現象是？,富營養化 Eutrophication,7,理科,地球科學
在瑪利歐賽車系列中，於《瑪利歐賽車7》中首次成為車手，遊戲中負責倒數、提醒倒行和把玩家角色從高處跌下後救出的角色是誰？,球蓋姆 Lakitu,6,娛樂,遊戲（電子）
香港女歌手王灝兒2022年第二支派台歌曲、法國法郎、西洋音樂中的「特強」、十六進制中的255、電子遊戲《最終幻想》，請問以上都可以使用哪兩個重複的英文字母表達？,FF,4,語言,語言Crossover
唱歌聲線會令人誤會他是女性，個人作品有《玫瑰與小鹿》、《大魚》等，請問這位於2019年在東方衛視節目《我們的歌》和李克勤組隊贏得冠軍的內地歌手是？,周深 Charlie Zhou,6.8,娛樂,其他流行音樂
這種氣候特色是夏季炎熱且乾燥，冬季寒冷且潮濕，請問這種以歐洲、亞洲同非洲之間的海域命名的氣候是？,Medditerranean Climate 地中海式氣候,6.7,地理,地球科學
《六祖壇經》中記載，有兩位僧人為風吹幡動爭論不休。一僧認為是風動，一僧認為是幡動。請問惠能大師認為是甚麼在動？,心動,5,文學,宗教經典
遊戲機制參考《押忍！戰鬥！應援團》，利用滑鼠、鍵盤或觸控螢幕遊玩，要玩家跟隨音樂節奏點擊畫面上的圓圈及滑條的免費音樂遊戲是？,osu!,5.2,娛樂,遊戲（電子）
香港男歌手陳仕燊是兩隊本地樂隊的主音，分別是 Supper Moment 以及哪一隊重金屬搖滾樂隊？,鐵樹蘭 TIESHULAN,5.5,娛樂,廣東流行音樂
古時稱為淺灣，位於葵涌以西，它是香港第一個新市鎮，請問這個地方是？,荃灣,4.7,地理,香港
前身是巴黎農場，1977年開幕，景點和設施包括探索號R、翻天覆地、動感快車、登山纜車等，位於香港黃竹坑的主題公園是？,香港海洋公園 Ocean Park Hong Kong,2.2,娛樂,娛樂（其他）
這個角色出生於2005年10月31日，由 Sanrio 公司推出，佩戴畫有粉紅色骷髏頭的黑色頭巾，請問這個是動畫《奇幻魔法Melody》與 Melody 對立的角色是？,Kuromi,4,文化,動漫畫
最早出現於中東地區，原意用以徵納稅項，到現代成為社會科學研究重要數據之一，請問這種一般而言每十年進行一次、用以紀錄某地區中人口相關數據的調查方式是？,人口普查 Census,6,社會,社會Crossover
一個圓形是與指定的一個點距離相同的所有點，這個點稱為圓心，而一個橢圓是與指定的兩個點距離之和相同的所有點，請問這兩個點稱為什麼？,焦點 Focus,6.2,理科,數學、電腦科學
《卡門》是法國作曲家比才的作品，那麼請問《旺角卡門》是哪位香港導演的作品？,王家衛,6,娛樂,電影（香港）
在語言學上，有一個研究語言和其他感覺之間聯繫的知名實驗，受試者被要求配對兩個給定的形狀和名字。有90%以上的受試者會認為較圓滑的形狀是 Bouba，而有尖角的形狀的名字是？,Kiki,6,語言,語言學
做法是製造高壓氣氛摧殘對象的自信，期間不斷嚴苛指責謾罵他，並以所謂「舍堂教育」洗腦之，請問此種常見於香港大學、被視為高年級生用以壓榨新生之手段一般稱作？,仙制,4.5,生活,生活Crossover
位於東京新宿，當地聚集大量的餐廳、電影院、風俗店等娛樂場所，請問這一個日本著名的紅燈區是？,Kabukichō 歌舞伎町,4.7,地理,日本
這個按鈕由於形狀類似某種食物而得名，通常放在用戶界面頂部角落，用於切換被摺疊的導航欄和主界面。請問這個由三條橫線組成的按鈕是？,Hamburger Button 漢堡按鈕,6,理科,科技、資訊科技
《鬼滅之刃》的片頭主題曲是 LiSA 的《紅蓮華》，而《無限列車篇》的主題曲是 LiSA 的《炎》，那麼《遊郭篇》的片頭主題曲是 Aimer（エメ）的哪首歌曲？,殘響散歌 Zankyou sanka,5.2,娛樂,其他流行音樂
它是電熱水爐的其中一種分類，請問這種於使用前需要先將水加熱，然後將水儲起的電熱水爐是？,儲水式電熱水爐,6,生活,生活
根據《三國志‧蜀書》裴松之的注解，劉備逝世前告誡兒子劉禪第一句是「勿以惡小而為之」，那麼第二句是？,勿以善小而不為,4.4,歷史,中國史（～魏晉南北朝）
蔡氏電路、單峰映射、雙擺等都有這種特性，請問這個指對初始值條件極度敏感，著名例子包括「蝴蝶效應」的現象是？,混沌 Chaos,5,理科,數學、電腦科學
根據傳統廣東童謠，若然打開蚊帳之後見到有一隻蚊，可以用甚麼去撥走牠？,扇,4.5,文化,傳統音樂
他是1964年諾貝爾文學獎得主，請問這位提出「存在先於本質」、「他人即地獄」等思想的作家、哲學家是？,Jean-Paul Sartre 沙特,6.7,社會,倫理、哲學
在中文，「風筒」指一種吹乾頭髮的電器，那麼在日文漢字中，「封筒」指哪一種裝著書信的容器？,信封 Envelope,7.4,語言,語言學
佛教理論中，眾生按照業報輪迴於六道之中。六道又分為三善道和三惡道，三善道為天道、阿修羅道、人道，那麽三惡道為畜生道、餓鬼道和甚麼？,地獄道 Naraka,5,社會,宗教、神秘學
NASA 的第一個可重用發射系統是穿梭機系統，那麼 SpaceX 的第一個可重用發射系統是？,獵鷹九號 Falcon 9,7,理科,科技、資訊科技
原本是韓國男團 BIGBANG 的成員，2019年因為「Burning Sun 事件」而退出演藝圈，請問這位於2021年被判入獄的韓國藝人是？,勝利,6.7,娛樂,娛樂（其他）
美國的第一任內閣中，國務卿湯馬斯．傑弗遜是民主共和黨的創建者，而財政部長亞歷山大．漢密爾頓是聯邦黨的創建者。那麽，總統華盛頓是屬於哪一個黨派？,無黨派,7,社會,政治
肥媽是女藝人瑪俐亞的暱稱，那麼肥姐是那一個於2008年因肝癌逝世女藝人的暱稱？,沈殿霞,3.2,娛樂,娛樂（其他）
這種災難在不同的神話中都有提及，例子有︰大禹治水、挪亞方舟等，請問這一種自然災害是？,大洪水,4,文學,世界神話
現時座落於香港迪士尼樂園中央的城堡稱為「奇妙夢想城堡」，那麼在2005年樂園開幕時，樂園中央的城堡稱為甚麼？,睡公主城堡 Sleeping Beauty Castle,6,娛樂,娛樂Crossover
由睜眼反應 (Eye response)、言語反應 (Verbal response) 及動作反應 (Motor response) 三個數值組成，數值越低代表反應越差，請問這一個醫學上常用以評估傷病者昏迷程度的指標是？,格拉斯哥昏迷指數 Glasgow Coma Scale (GCS),6,理科,醫學、衛生
在潮文 「巴打喺一間物流公司做，負責幫貨船入油」中，由於主角入錯油而導致輪船擱淺。輪船本來使用柴油，那麽主角錯手入了的是甚麼油？,汽油 Gasoline,4.5,文化,流行文化
這句短句源自佛經，寓意一生中會遇到很多美好的東西，但只要用心把握住其中的一樣就足夠了。《紅樓夢》中賈寶玉借用此典表示對林黛玉的喜愛。請問這句後來引申來形容愛情專一的短句是？,弱水三千只取一瓢,6,文學,文學Crossover
一般驗孕棒除了可以用來測試女性是否懷孕外，還可以用作測試男性哪一種疾病？,睪丸癌 Testicular Cancer,6.2,理科,醫學、衛生
「中東三寶」是指三間世界知名、以中東地方為基地的航空公司，其中包括阿提哈德航空、阿聯酋航空以及哪間 IATA 編碼為 QR、以多哈為基地的航空公司？,卡塔爾航空 Qatar Airways,5,地理,交通
請問以修辭或文學等各種手法，轉移議題焦點與注意力的技巧或邏輯謬誤稱為甚麼？,紅鯡魚 Red herring,7,文學,文學（其他）
根據唐詩三百首，中國的古詩可以分為三類，請問它們分別是古體詩、律詩以及？,絕句,3.7,文學,中文文學（古典）
古巴、控制單元、再見、香港城市大學、香港中文大學、銅元素，這些都能被哪一個二字母英文縮寫所表示？,CU,3,語言,語言Crossover
被認為與香港區徽外形相似，請問這個多數安裝於廚房和廁所，用來把室內空氣抽走的風扇是？,抽氣扇,1.5,生活,生活（其他）
請問利用電腦產生一個 3D 的虛擬環境，讓使用者即時及自由地觀察虛擬世界，應用於 HTC Vive 及 Oculus Quest 的技術是？,虛擬實境 Virtual Reality,4,理科,科技、資訊科技
指社會上的中產階級逐漸消失，中產不再是社會的多數，社會流動性減少，貧者越貧、富者越富，請問這一種社會是？,M型社會,5,社會,心理學、社會學
位於伊比利亞半島上的安道爾公國是被2個國家包圍的內陸國家，請問分別是法國及哪個國家？,西班牙 Spain,6.8,地理,歐洲
以1920年代「太陽神壟斷聯盟」事件為著名例子，這種有意為產品設計有限的使用壽命，令產品在一定時間後壽終正寢，以避免支出保固成本的策略的名稱是甚麼？,計劃性報廢 Planned Obsolescence,6.8,社會,經濟
請問在一個邊長為 2 的等邊三角形中，一個頂點和它對邊的最短距離是？,開方3 Square root of 3,4.8,理科,數學、電腦科學
Dictator 中文是指獨裁者，請問 Dictation 是指哪項在中小學經常進行的小型評核？,默書,2.5,語言,英文
由兩到三個雪球組成，常見的裝飾有水桶、鈕扣、頸巾、樹枝等，請問這種用雪組成的人形雕塑是？,雪人,1.5,生活,生活（其他）
例子有美孚新邨、第一城、太古城等，因交投和呎價穩定而作為樓市氣氛指標，借用股市中同樣具指標性的藍籌股命名的屋苑是？,十大藍籌屋苑,6.8,社會,商業、金融
浩園的名稱出自這個成語，請問這句意思指即使人死去，正直偉大的精神依然存在於世上的成語是？,浩氣長存,5.8,語言,成語
在香港，薪俸稅會分為兩個稅率，其中多數人繳交的是累進稅，請問另一種稅率是？,Standard Tax Rate 標準稅率,6,社會,經濟
在1980年代開始，目標以洲際彈道導彈及衛星武器，攔截攻擊美國和盟友的核彈，由時任美國總統列根發起的戰略計劃是？,星球大戰計劃 Star Wars Programme,6,社會,軍事
這個數相當於12克「碳-12」的粒子數量，即是 6.02 × 10^23，請問這個在化學上指 1 Mole 物質的粒子數的常數是？,Avogadro Constant 阿佛加德羅常數,5,理科,化學
於現行英國貨幣中，一鎊價值一百便士；然而1971年之前，鎊與便士之間存有一個單位，價值十二便士或二十份之一鎊，請問此單位是？,仙令 Shilling,6,歷史,世界史（近現代）
成立於1925年，是日本的公共媒體機構，業務包括電台和電視廣播，請問這個每年新年都會播放《紅白歌唱大賽》的機構是？,NHK 日本放送協會,6,娛樂,娛樂Crossover
水星的魔女、鐵血的孤兒、AGE、00、SEED，請問以上都是哪一套日本動畫系列的副標題？,Gundam 高達系列,4.7,娛樂,動漫畫
在描述「一個人得不到自己想要的東西時，就會把那樣東西看得一文不值」的時候，可以講「吃不到的甚麼是酸的」？,葡萄 Grapes,4.2,語言,諺語、俗語
舊時被稱為書信館，位於中環，請問這一個同時作為郵政署總部的郵局是？,郵政總局,5,地理,香港
作為全港首間紙包飲品盒回收漿廠暨教育中心，請問這間於2022年遭香港科技園公司以租約期滿為由，被迫遷離元朗創新園的本地廢紙回收廠是？,喵坊 Mil Mill,5,生活,企業團體
康熙帝的全名是愛新覺羅．玄燁【音：業】，而雍正帝的全名是愛新覺羅．胤禛，那麼乾隆帝的全名是？,愛新覺羅．弘曆,6.6,歷史,中國史（隋～清中葉）
是電影、動畫等運作的原理，指視網膜在接收光線後，產生的視覺會維持一段時間的現象稱為？,視覺暫留 Persistence of Vision,6.2,理科,生物學
在《聲夢傳奇》第一季獲得亞軍，代表作有《夢》、《靈魂伴侶》、《原來談戀愛是這麼一回事》，粉絲名稱為「小菲象」的歌手是？,姚焯菲 Chantel,4,娛樂,廣東流行音樂
英文中，「Short hundred」指100，請問「Long hundred」是指？,120,8,語言,英文
歲寒三友是中國文化中高尚人格的象徵，指在寒冬時節仍可保持頑強的生命力的三種植物，它們分別是松、竹、和甚麼？,梅 Plum blossom,4,文化,中華文化、風俗
有此血型的人紅血球上沒有 RhD 抗原，只能接受同樣 Rh 陰性的血液，因在亞洲族群中極罕見，用到一種受保護動物來形容的血型是？,熊貓血,6.4,理科,醫學、衛生
由馮志強執導，播出後因故事情節犯駁而遭受批評，請問這齣2022年7月於 ViuTV 首播，由吳海昕、呂爵安主演，以游泳競技為題的 Makerville 電視劇集是？,《I SWIM》,5,娛樂,映視劇集
在香港，這種的士載客模式是非法的，指的士司機接載多名互不相識的乘客前往相近的目的地，且不按咪錶收費，請問這種用一種魚命名的的士載客模式是？,泥鯭的,5.5,生活,交通
它是來自瑞士的一間高檔手錶品牌，公司的 Logo 是一個皇冠，請問這一個俗稱「撈」的手錶牌子是？,Rolex 勞力士,4,生活,企業團體
早於1968年已經存在，但要到1991年方首次發出，此警吿發出時必須與寒冷天氣警吿同時生效，請問這個於有機會出現結霜情況時會發出的香港天氣警吿是？,霜凍警吿 Frost Warning,6,生活,生活
2022年9月16日，22歲庫爾德族女子瑪莎．阿米妮因佩戴頭巾不符合當地官方規定遭「道德警察」拘捕，期間遭受警暴並死亡，引發全國示威爭取自由，請問上述事件是發生於中東的哪個國家？,伊朗 Iran,4,社會,時事
請問英式桌球的桌上最多可以有多少個球？,22個,6.6,運動,個人球類
食物中的還原糖和氨基酸在加熱時會發生一連串複雜的化學反應而令食物產生棕色的表面和香氣，這個化學反應的名稱是甚麼？,梅納反應,6.8,理科,化學
2011年10月1日於香港創立，是全球第一個讓用戶透過應用程式，將社交網站的相片設計成手機殼的公司，請問這間公司的名稱是？,Casetify,4.4,生活,生活
招式例子有蠟燭、飛行機、世界一周，這項利用吊著木球的木製十字形木柱進行不同花式，視為日本民間傳統玩意的運動是？,劍玉 Kendama,0,運動,個人球類
這個英文簡稱實際上來自日本，意思指事物不好，現時多數指拍攝電影或電視節目時拍攝失誤而需要重拍的鏡頭，請問這個英文簡稱是？,NG,4,語言,英文
遊玩競技問答時可能會用到，大小可以有很大差別，亦常見於中大的課室及演講廳。請問這個在麻雀裏與紅中、發財合稱三元牌的是？,白板,3.4,生活,生活
香港歌手林子祥有一首歌以之為題，但實際上香港代表隊杯葛了這一場運動會，請問此個於1980年舉行、作為首個於共產國家舉辦的奧運會是？,莫斯科奧運 Moscow Olympics,0,歷史,歷史Crossover
蒙古同台灣的這一日定於八月八號，而香港則定於六月第三個星期日，請問此節日為？,父親節,2,文化,其他文化、風俗
現時全球有約兩京隻，生物量約為人類之兩成，雌性常分為工、兵、后三種，請問此種作為香港歌手許廷鏗第三支派台單曲名稱的完全變態真社會性膜翅目昆蟲是？,螞蟻,0,理科,動植物
因2014年起於 YouTube 及 Youtube Kids 出現大量以卡通風格製成但內容不適合兒童觀看的影片而引起討論，這被稱為甚麼事件？,愛莎門 Elsagate,5.8,社會,時事
這個特徵是一種肌肉上的缺陷，擁有這個特徵的人們當微笑或說話時，口角外側即會呈現出圓形或橢圓形的皮膚凹陷，請問這個特徵稱為甚麼？,酒窩 Dimples,0,理科,生物學
香港開埠初期，設有議政局及定例局，其中議政局演變成今行政會議，請問定例局演變成現今哪個立法機關？,立法會 Legislative Council,3,歷史,香港史
生於大陸四川，十三歲時移居香港，2008年曾咬傷一名女護理員腿部，至2022年7月21日以35歲高齡逝世，請問這一隻生前居於香港海洋公園，全球最長壽圈養的雄性大熊貓是？,安安 An An,5,歷史,香港史
靈感源自火車廂座，設計目的係為令坐上客擁有舒適而私人之空間，請問此種常見於餐飲食肆、通常由方檯及二人長板椅組成之組合傢俬係？,卡位,0,生活,生活
Break 在中文可以指打斷，而 Fast 在中文可以指絕食，如果將此意思的 Break 和 Fast 合做一個英文字，該英文字的中文意思是？,早餐,2,語言,英文
根據香港法例《硬幣條例》，面額不少於一港圓之硬幣所支付款額不得超過一百港圓，那麼面額少於一港圓之硬幣所支付款額不得超過多少港圓？,2,5.7,社會,法律
做法為將餅皮放進圓形盆狀餅模中，倒入由砂糖、鮮奶及雞蛋混合而成的蛋漿，然後放入烤爐烘焗製成。請問此種於2014年列為香港非物質文化遺產，主要分為牛油皮及酥皮兩種的傳統西餅是？,蛋撻 Egg-tarts,4,生活,飲食
MIRROR紅館演唱會大型屏幕下墜事件後，首個於紅館舉辦演唱會的歌手是林家謙，那麼第二個於紅館舉辦演唱會，作為樂隊Zarahn主音，被網民稱為「腎仔」的歌手為？,周國賢 Endy Chow,0,娛樂,廣東流行音樂
三度贏得香港視帝，曾經出演電視劇《忠奸人》、《阿旺新傳》、《戇夫成龍》、《老表你好嘢》等，請問這位香港演員是？,郭晉安,5.5,娛樂,映視劇集
任內歷經兩代君主，但在任時間僅得四十五日，請問此個作為英國史上在任時間最短首相之保守黨籍女性前首相係？,卓慧思 Liz Truss,3.4,社會,政治
李白的詩《早發白帝城》中，「朝辭白帝彩雲間」的下一句是「千里江陵一日還」，請問後續的「兩岸猿聲啼不住」的下一句是？,輕舟已過萬重山,5,文學,中文文學（古典）
曾稱鹿島通，於1968年被編入一一號幹線，全長2.9英里，沿路建築包括譽．港灣、拔萃男書院、聖德肋撒醫院、新世紀廣場、旺角警署，有地鐵站以之為名的街道是？,太子道 Prince Edward Road,4,地理,交通
生於1926年4月21日，曾於1975及1986年二度訪港。請問此位於1952年2月6日登基、2022年9月8日駕崩，人稱「事頭婆」的先英女皇是？,伊利沙伯二世 Elizabeth II,3,歷史,世界史（近現代）
這種動物同時為一首合唱歌的歌名，在法國是一種美食，請問這種在陸地上生活的有殼軟體動物是？,蝸牛 Snail,4.5,生活,飲食
這短句出自大陸作家林蘇的短篇小說，用以形容短暫的戀情。它流入香港網絡社群後，常用以勸誘他人切勿過份嚴肅對待事情，請問此六字短句是？,認真你就輸了,5,語言,語言Crossover
這個是北歐神話中一連串巨大劫難，包括了造成許多重要的神死亡的大戰和無數的自然浩劫，請問這個一連串的事件稱為甚麼？,諸神的黃昏 Ragnarök,0,文學,世界神話
分為京畿、大田、大邱、世宗、江原、濟州等17個一級行政區域，位於東亞的發達國家是？,韓國 South Korea,4.4,地理,東南亞
光譜解析度、一個用於資料分析的語言、所有實數的集合，都可以用英文第18個字母表示，請問這個字母是？,R,1.4,理科,理科Crossover
此種摺紙玩具常見於香港中小學，主持可以將玩具套於手上，按其他玩家決定的方位及步數進行開合，然後玩家會得到一句對應的說話。請問此玩具是？,東南西北,4,娛樂,遊戲（其他）
請問香港中文大學的兩個通識教育基礎課程，分別是「與人文對話」及甚麼科目？,與自然對話 In Dialogue with Nature,1.8,生活,生活
它可以指一首 Taylor Swift 在專輯 Speak Now 的歌曲，在數學指平均值，英文中可以用來強調事物的意思，亦可解作「小氣」、「卑鄙」的詞語是？,Mean,3.6,語言,語言Crossover
本來為一間於1970年代開業之老字號冰廳，後遭太興飲食集團收購，現時以沙嗲牛肉麵、滾水雞蛋、黯然銷魂飯等香港茶餐廳特色食品作招徠，原名「文華冰廳」的香港連鎖茶餐廳是？,敏華冰廳 Man Wah Bing Teng,4.5,生活,飲食
民國以後，中國北京天安門城樓上曾懸掛多名華人領袖肖像，但懸掛非華人領袖肖像則只有一名，是於公元1953年悼念一位蘇聯領導人。請問此名已故蘇共總書記是？,史太林 Joseph Stalin,0,歷史,中國史（清末～）
此書大約成書於戰國至西漢時期，分為《素問》與《靈樞》兩部分，請問這本中國現存最早期的中醫典籍是？,黃帝內經,3.6,歷史,中國史（～魏晉南北朝）
原本指一種酷刑，秦朝李斯亦死於此刑下，現在則指大型活動或連載作品因意外等原因終止的詞語是？,腰斬,3.4,語言,中文
在粵語長片《十兄弟》中，主角十兄弟中最年幼的是大喊十，那麼最年長的是誰？,千里眼,4,娛樂,映視劇集
Up、Down、Charm、Strange、Top 和 Bottom 都是哪一種基本粒子的種類？,夸克 Quark,6.4,理科,物理學
美國第一個專利是製造這個元素的化合物的方式，由植物的灰燼中分離出來，燃燒時會有藍紫色的火焰，原子序數為19，化學符號為K的元素是？,鉀 Potassium,3.2,理科,化學
於1991年推出，歌曲運用了多個與中華人民共和國、英國相關的象徵和隱喻，描繪了香港社會面對1997年主權移交的心態，請問這首由林夕填詞，羅大佑作曲的歌曲是甚麼？,皇后大道東,4,娛樂,廣東流行音樂
一種稱為「蜱【皮pei4】」的動物、股市中價格波動最小可升降單位、一剎那、選擇或確認、一個代表正確的符號，請問以上均可以哪個英文詞彙表達？,Tick,4.5,語言,英文
有着 April、May、June 三胞胎姪女，動畫《米奇老鼠》中唐老鴨的女朋友是？,黛絲鴨 Daisy Duck,5.6,娛樂,動漫畫
原本為 Emotional Hardcore 這種音樂的簡稱，在網絡上可以指一個人情緒不穩定。請問這個在中大同時指物業管理處，由三個英文字母組成的簡稱是？,EMO,4.5,語言,英文
在網絡上指人說話表面上支持某個立場，但實際所表達的立場相反，請問這一個平滑彎曲的線段的兩字詞為？,曲線,3.5,語言,廣東話
常見於教堂，多以聖經故事為內容，由加入不同的氧化金屬成分而產生不同顏色的玻璃製成。請問這種西方建築裝飾品是？,彩繪玻璃 Stained glass,5,文化,立體藝術
上面會貼上雀鳥貼紙以防止雀鳥撞上，請問這種鋪設於公路、鐵路兩旁，用來防止噪音的設施是？,隔音屏障,0,,生活
在沒有提供基準音的情況下能區別對聲音的實際音高的感受能力稱為甚麼？,絕對音準 Perfect Pitch,3.2,文化,樂理、樂器
重複大力敲擊或跳動、寵物領養所、汽車扣留所、貨幣單位「鎊」、重量單位「磅」，請問以上均可以用哪個英文字詞表達？,Pound,2.5,語言,英文
作為一種木管樂器，直身長管，頂端為吹口，笛身有8至10個音孔，其中2個為半音孔，請問這種由於成本低廉、容易學習而成為香港小學音樂課會教的樂器是？,牧童笛 Recorder,5,文化,樂理、樂器
原指一種家禽的內臟，因能裝下的東西不多而延伸指數量極少的事物，通常用於形容金錢，廣東話會怎麼說？,雞碎,5.2,文化,廣東話
作為博弈論中一種賽局類型，表示所有參與玩家的利益之和為零或一個常數，即一方有所得，其他方必有所失，賽局各方是不合作的。請問此賽局名為？,零和遊戲 Zero Sum Game,4.5,理科,數學、電腦科學
香港網絡有「新三大魚仁生」之說，其中「生」指香港恒生大學，而「仁」指香港樹仁大學，請問「魚」是指哪一間被戲稱為「鯨魚大學」之自資法定大學呢？,香港都會大學 Hong Kong Metropolitan University,4,文化,流行文化
正式名稱為微交易，指玩家透過遊戲程式中內建的付款機制購買遊戲道具，請問這個源自日本的流行用語是？,課金,3,,遊戲（電子）
請以中文作答。例子有日本的《仰望師恩》和蘇格蘭民謠《友誼萬歲》等，這種在畢業、離別時唱的歌被稱為甚麼？,驪歌,5.2,語言,中文
現時港鐵觀塘綫一共與四條其他港鐵綫路交滙，分別是屯馬綫、荃灣綫、東鐵綫，以及何條於油塘、調景嶺二站與之交滙之鐵路綫呢？,將軍澳綫,5,地理,交通
這個漢字有五劃，於中國、日本、韓國等地會用這個字作為計數符號，請問這一個由「一」字和「止」字組成的漢字是？,正,2.3,語言,中文
蘇軾所作的《題西林壁》中，倒數第二句是「不識廬山真面目」，請問下一句是？,只緣身在此山中,4.3,文學,中文文學（古典）
1980-87年間分7期落成，共有52座，位於圓洲角沙田市第1號地段，請問這個有同名鐵路站、以其嚴格執行鎖車政策聞名的私人屋邨是？,沙田第一城 City One Shatin,4,地理,香港
請問「枯籐老樹昏鴉，小橋流水人家，古道西風瘦馬，夕陽西下，斷腸人在天涯。」是出自哪一首由馬致遠所寫的元曲？,《天淨沙．秋思》,5.8,文學,中文文學（古典）
外形與小階英文字母 b 相似，請問這個在五線譜上放在音符前，表示該音符要比標定的音高低半音的符號是？,降號 Flat,4,文化,樂理、樂器
位於香港中環之元創方又名「PMQ」，其中「P」指「Police」，而「M」指「Married」，那麼請問「Q」是指哪個意思為宿舍的英文字？,Quarters,5.5,生活,企業團體
做法為設置兩個標誌物，由一個標誌物跑向另一個，用手或者腳碰到標誌物後立即跑回起點，按照訓練需求完成若干個循環，請問這種體適能鍛煉方法是？,折返跑 Shuttle Run,4,運動,健體
這種賽制在排球、網球、乒乓球、羽毛球等運動中採用，指對賽雙方打至距離決勝分1分時仍然平手，此時領先方必須取得2分差優勢才算獲勝的賽制是？,刁時 Deuce,4.7,運動,運動（其他）
文、餅、個、大洋，請問以上均係對何種金屬付費工具之稱呼？,硬幣,0,語言,廣東話
尼斯、圖盧茲、里昂、馬賽、巴黎，請問上述的城市均位於哪個國家？,法國 France,2.5,地理,歐洲
原本是賽馬的術語，指在比賽前段保存腳力，留待最後階段才全速衝刺，請問這個現時可以應用在不同比賽場景的四字詞語是？,留前鬥後,0,運動,運動Crossover
這種裝飾藝術大量運用於高迪公園，常見於港鐵牆面的紙皮石，亦可指處理敏感影像或畫面的手法，請問這些由細小色塊拼嵌而成的手法可以稱為？,馬賽克 Mosaic,3.5,文化,平面藝術
常見於 A Cappella，請問這一種利用嘴巴模仿敲擊樂的技巧是？,Beatbox,6,,樂理、樂器
在捐贈紅血球時，被稱為「萬用捐血者」的是O型血人士，那麼被稱為「萬用受血者」的是屬於哪一種血型的人士？,AB型血,3.8,理科,生物學
位於西亞，但由於政治因素，此國家的足球隊隸屬歐洲足協。請問這個主要民族為猶太人的國家是？,以色列 Israel,5,地理,地理Crossover
劃線、得取、以二十個為單位、樂譜、分數，請問以上概念均可以用哪一個英文詞彙表達？,Score,3.5,語言,英文
形容別人衣著打扮突兀，舉止笨拙失禮，性格古怪，不符合社會標準，和「奇離」讀音相似的廣東話詞語是？,騎呢【ke4 le4】,3,語言,廣東話
截至2022年10月，香港歷史上票房最高的華語電影是票房達七千八百萬的《明日戰記》，那麼第二高的華語電影，是哪一套票房達七千二百萬、由黃子華等人主演的2022年賀歲片？,飯氣攻心 Table for Six,4.7,娛樂,電影（香港）
迪士尼的第一套經典動畫長片是《白雪公主》，那麼迪士尼的最後一套經典動畫長片是哪一套以小荳、咿唷、豬仔、跳跳虎等角色為主角的電影？,小熊維尼 Winnie the Pooh,1,娛樂,映視劇集
他的夫人是有霍英東姪女霍慧芬，2014年因為提出新的高官保障制度而引發示威，被指普通話程度差，2009年至2019年擔任澳門特別行政區行政長官的官員是？,崔世安 Fernando Chui Sai-on,2.8,社會,政治
來源自江戶時代，古時指德川氏中除德川將軍家外，擁有幕府將軍繼承權的三大旁系，現今被用來統稱一個領域中最著名的三者。請問這個用詞是？,御三家 ごさんけ,3.8,歷史,世界史（近世）
建於大清德宗光緒三十二年，原名大茅蓬，由江蘇鎮江金山寺三名禪師籌建，現時寺內景點包括大雄寶殿、回歸寶鼎、天壇大佛，請問此坐落於鳳凰山與彌勒山間的佛教寺廟是？,寶蓮禪寺 Po Lin Monastery,0,社會,宗教、神秘學
代表作有《手錶》、《前》、《我不是丘比特》等，2022年4月參加音樂真人實境 show 節目《聲生不息》，留有一頭爆炸頭的香港男歌手是？,曾比特,3.8,娛樂,廣東流行音樂
作為香港歌手古巨基於2006年推出之一首歌曲名稱，於廣東俗語中意指倒霉，請問此個同時作為香港演員姜皓文暱稱之二字詞是？,黑仔,4.5,語言,廣東話
原本指排水量大的船沉入水下部分很深，請問這個在廣東話中同時可以指商家或者中介人謀取暴利的行為是？,食水深,5,語言,諺語、俗語
現時美國眾議院議長是加州第十二選區代表民主黨佩洛西，請問美國參議院議長是哪一位美國副總統呢？,賀錦麗 Kamala Harris,5,社會,政治
作為互聯網的元數據標籤類型之一，通常使用在社交網站的貼文之中，讓用戶可以連結到有相同標籤的貼文中。請問這個以一個井號加一句短句組成的標籤是？,Hashtag 主題標籤,3.3,生活,生活（其他）
清末民初時期多由男性穿著，戰後逐漸改為由女性穿著為主流，不少傳統中學亦以之作為女裝校服，請問此種改良自滿服、常被誤認為旗袍之中國傳統服裝係？,長衫 Cheongsam,0,生活,服飾、時尚
這個反應指人受到寒冷、恐懼或者其他刺激時，皮膚上的立毛肌收縮，將體毛豎起。請問這種生理反應是？,起雞皮 Goosebumps,4,理科,生物學
1977年以「早機去，晚機返，玩足七天」宣傳各款東南亞旅行團，2010年遭捲入人質事件，2022年10月全線結業的旅行社是？,康泰旅行社 Hong Thai Travel,4.6,生活,企業團體
貓在繁體字的部首係從豸（音：字zi6），請問貓在簡體字的部首是從？,犬,4.3,語言,中文
假設以靜止狀態開始，物體在這狀態時的移動距離為「二分一乘重力加速度乘時間平方」，物理學中指只有重力作用於物體上的墜落方式是？,自由落體 Free Fall,5,理科,物理學
請問香港小食咖喱三寶，所指的三種食材，分別是豬皮、蘿蔔以及？,魚蛋,3,生活,飲食
第一屆於1997年橫跨中港兩地舉行，近年路線經過青馬大橋、西區海底隧道、香港會議展覽中心等地標，2022年賽事因未獲政府批准而一度取消，最後於2023年2月舉辦的比賽是？,渣打香港馬拉松 Standard Chartered Hong Kong Marathon,3.2,運動,個人非球類
驚天動地、鐵甲無敵、宇宙無敵、超級遊戲、開心無敵、超級無敵，請問以上四字詞加上哪三個字就會成為TVB長壽遊戲節目系列的名稱？,獎門人,3,娛樂,映視劇集
它是古代的一種親子鑑定方式，做法是把雙方的血滴在容器內，如果血液能夠混合便能證明雙方的血緣關係，請問這一種方法是？,滴血驗親,4.3,文化,中華文化、風俗
港超成立至今只有三隊獲得冠軍，包括各自奪冠一次的東方及大埔，以及奪冠次數最多，共計奪得5個冠軍的哪支球隊？,傑志 Kitchee,4,運動,團體球類
意思指賭博或者投資中，以低成本獲得豐厚利潤，請問這一個字面意思是用一把小刀斬樹的廣東話俗語是？,刀仔鋸大樹,6,語言,諺語、俗語
香港有三間院校於1994年同時升格成為大學，請問它們分別是香港城市大學、香港理工大學，以及哪一所位於九龍塘的大學？,Hong Kong Bapist University 香港浸會大學,3.8,生活,企業團體
於對聯中用作概括全副對聯，請問這個寫於對聯上面的短句為？,橫批,4.5,文學,中文文學（近代、現代）
這個詞語同時是梁釗峰其中一首歌的歌名，請問這個會在文學或者音樂作品中，因為作者姓名不明，而填上的中文詞語是？,佚名,3.8,語言,中文
中國北京天安門上現時懸掛著中共政治標語，當中懸掛於毛澤東像以左之標語為「中華人民共和國萬歲」，而懸掛於毛澤東像以右之標語則為？,世界人民大團結萬歲,0,社會,社會Crossover
1953年時是簽署停戰協定的地點，現在有限度開放觀光，位於南北韓邊境的非軍事區是？,板門店 Panmunjom,5.2,地理,地理Crossover
可以指煩擾、小蟲子，亦可指電腦程式中的漏洞，請問這個英文詞語是？,Bug,2.8,語言,英文
在藏語中是世界母神及大地母神的名稱，海拔高8848米，全世界最高的山峰是？,珠穆朗瑪峰 Chomolungma,0,地理,大中華地區
《太陽依舊升起》、《戰地鐘聲》、《老人與海》，這些小說都是由哪個美國作者所著？,海明威 Ernest Miller Hemingway,5,文學,西方文學
生於1948年11月14日，八十年代曾被列為港督人選之一，1997年時曾主持香港主權移交儀式，經歷二度婚姻，曾為全球在位時間最長皇儲，最終於2022年9月8日登基為皇。請問此位現任英皇是？,查理斯三世 Charles III,4,社會,政治
這個單位是某時間內通過導體橫截面電荷量的量度單位，符號是 A。請問這個國際單位制中的其中一個基本單位是？,安培 Ampere,4.5,理科,化學
在香港，這個時段由夜晚7點到11點，請問這個電視收視率最高的時段會稱為？,黃金時段,3,娛樂,映視劇集
《Lion Heart》、《The Boys》、《Gee》等都是哪一個SM娛樂旗下的女子團體的作品？,少女時代 Girls’ Generation,5.4,娛樂,其他流行音樂
由J·M·巴里創作，帶領「遺失男孩」在夢幻島冒險，性格豪邁奔放、充滿好奇心、具有飛行能力，而且永遠都不會長大，請問這位角色是？,Peter Pan 彼得潘,4.5,文學,西方文學
於糖中加入水或牛奶製成，通常用於覆蓋或裝飾烘培食品，在英文俚語中，將其放在蛋糕之上的意思等同錦上添花。請問這種食材是？,Icing 糖霜,4,生活,飲食
在競技體操中，尤爾欽科跳、李小鵬跳、程菲跳都是哪一個項目的動作？,跳馬 Vault,0,運動,個人非球類
於香港，五育指關於五種不同面向之教育，分別為德育、智育、體育、群育以及？,美育,2,社會,倫理、哲學
由村上春樹所寫，於1987年出版，書名取自 Beatles 的一首歌。請問這本村上春樹最知名嘅愛情小說是？,挪威的森林 Norwegian Forest,5,文學,東方文學
由中國近代翻譯家嚴復所提出，又稱為「三難原則」的翻譯理論，是指哪個由三個字組成的原則？,信、達、雅,5,文學,文學（其他）
當初為了療養腳傷於軍靴上加上皮革和氣墊作改良，由二次大戰時的納粹德軍軍醫克勞斯·馬汀設計，它的特色是鞋子側緣的黃色縫線和名為「彈跳鞋墊」的氣墊鞋底，請問這個皮鞋品牌是？,馬汀大夫 Dr. Martens,5.4,生活,服飾、時尚
創立於1960年代中期，於香港有約三十所學校提供，學生須從六類科目中各選修一科並完成三大核心科目要求，考生最高可獲45分，請問此於全球157個國家或地區有提供、獲國際認可之預科文憑是？,國際文憑預科課程 International Baccalaureate Diploma Programme (IBDP),5,社會,社會（其他）
燕瘦環肥意指即使女性體態不同，但各有各的美麗，當中燕瘦指趙飛燕，那麼環肥指哪位唐代美女？,楊玉環,5,語言,成語
此運動項目分為男女子街頭賽及公園賽，為2020年東京奧運新增項目之一，請問這項利用一塊裝有兩排輪子的木板來進行的運動是甚麼？,滑板 Skateboard,0,運動,個人非球類
用途是掩藏冷氣槽、燈槽、水管、電線等，請問這個遮蓋住真正的天花板的東西是？,假天花,0,,生活
於電視節目《歡樂今宵》中飾演「大眼雞」成名，曾出演劇集《烈火雄心》、《封神榜》、《水髮胭脂》、《940920》等。請問此位於今年11月10日因心臟病離世的甘草演員是？,余子明,0,娛樂,映視劇集
在香港，由於人口老化，不少學校因為收生不足而被政府收回營運權，請問這種動作會稱為？,殺校,3,社會,法律
三家分晉是指三個士大夫家族瓜分晉國的歷史事件，請問三家分別是指韓、趙以及？,魏,6,歷史,中國史（～魏晉南北朝）
於林家謙歌曲《doodoodoo》及張敬軒歌曲《櫻花樹下》中均有提及，1980年末開幕，由吿羅士打大廈、公爵大廈及約克大廈組成，英文名為「The Landmark」的建築物是？,置地廣場,4,地理,香港
在嚴重急性呼吸系統綜合症的英文簡稱 SARS 中，第一個 S 代表 Severe，A 代表 Acute，R 代表 Respiratory，那麼第二個S代表甚麼？,Syndrome,4.6,理科,醫學、衛生
本名鐵木真，於13世紀初建立大蒙古國，版圖橫跨歐亞兩大洲的人物是？,成吉思汗 Genghis Khan,3.6,歷史,世界史（近世）
劇名原文出自匈牙利諺語，由新垣結衣和星野源主演，於TBS電視台播出的劇集是？,逃避雖可恥卻有用,5,娛樂,映視劇集
它是 Microsoft Word 一項內置的功能，曾出現在多個網絡迷因裏面，因為能夠製作出簡單的設計，而被用作嘲笑平面設計師，請問它是？,文字藝術師 WordArt,3.8,,數學、電腦科學
有血、毛、草、官等分類，主要由金絲燕用絨毛、植物纖維混合唾液硬化而成，華人傳統相信有豐富營養的食材是？,燕窩,3.2,生活,飲食
當一個住宅單位窗口向西，下午由於日光直射，氣溫會較高，在廣東話會怎樣稱呼？,西斜,4,,生活
這項運動用到的主要道具稱為Stone，隊長稱為Skip，因講求策略而被稱為「冰上西洋棋」的運動是？,冰壺 Curling,5.2,運動,運動（其他）
這個節目令游莨維獲得「一蚊Joe」的稱號，請問這個參加者從二十六個夾萬中選擇一個，並決定是否接受銀行家出價的遊戲節目是？,一擲千金 Deal or No Deal,7,,
這個人物現時可比喻懂得發掘人才的人，請問這位中國春秋時代擅長飼養及評價馬匹的人是？,伯樂,5.2,,
在香港天文台的警告訊號中，累計發出次數最少的是海嘯警告，那麼累計發出次數最多的是？,雷暴警告 Thunderstorm Warning,5.2,,
它的大小介乎「兩對」及「蛇」之間，請問這個指有三張牌相同，而另外兩隻牌不同的撲克牌術語是？,三條 Three of a Kind,4.4,,遊戲（其他）
巧克力、馬鈴薯、泰迪、西羅摩、阿比，請問以上都是哪一個日本兒童動畫節目的角色？,PUI PUI 天竺鼠車車,4.2,,
是中國傳統婚姻習俗，指將未成年少女送往去另一個家庭撫養，少女長大後就會同該家庭的兒子結婚，請問這種習俗稱為？,童養媳,6.5,,中華文化、風俗
曾為「英皇三小花」之一，郭偉亮的妻子，在台灣網絡上因讀音相同而經常被用以比喻「業務配合文章」的人是？,葉佩雯,4.8,,娛樂（其他）
在電腦版瀏覽器 Chrome 中，縮放比例最小可以到25%，那麼最大可以到多少？,500%,6.2,,生活
越南第二大姓是陳，請問越南第一大姓，同時是越南最後一個王朝的國姓是什麼？,阮,5,,其他語言
它表示一間公司的財務報表真確、合理，請問這種由核數師發出，列於核數報告上的意見是？,無保留意見 Unqualified Opinion,7,,
2016年，熱普城派出五人參選立法會，最後只有一人當選，請問他是？,鄭松泰,6,,政治
蘇聯時代的城市史太林格勒現時稱為伏爾加格勒，那麼當時同樣有蘇聯領導人名字在內的列寧格勒，是現時哪座城市的名稱？,聖彼得堡 Saint Petersburg,7,,歐洲
香港在離島區有兩間醫院，分別是1934年啟用的長洲醫院，及2013年啟用的哪間醫院？,北大嶼山醫院 North Lantau Hospital,5,地理,香港
港鐵海洋公園站的英文名是 Ocean Park，那麼迪士尼站的英文名是？,Disneyland Resort,5.4,,香港
在北半球，熱帶氣旋右半圓的風向與前進方向相同，令風速疊加，稱為危險半圓；那麼風向與前進方向相反，令風速抵銷的左半圓稱為什麼？,可航半圓 Navigable Semicircle,8.6,,
孔子曾讚揚他能「用之則行，舍之則藏」、「不遷怒，不貳過」，請問這位一般被視為孔子最得意的門生的人是？,顏回,4.6,,中文文學（古典）
逝世時年僅21歲，逝世後獲毛澤東題詞，被樹立為中國建國初期熱心助人精神的象徵，請問他是？,雷鋒,4,,中國史（清末～）
蔣經國曾推出「三不政策」，請問「三不」是指不接觸、不談判以及什麼？,不妥協,6,,
根據香港法例，小巴車速上限為每小時80公里，請問巴士的車速上限為？,每小時70公里,6,,交通
它是電腦變量的一種類型，一般只有兩種可能值，分別是「True」以及「False」，請問它是？,布林 Boolean,5,,數學、電腦科學
混合中藥、香料和排骨熬製而成，在馬來西亞及新加坡普及，通常用閩南話稱呼的湯是？,肉骨茶 Bak Kut Teh,3.4,生活,飲食
是源自台灣的網絡用語，可以用來指「霸氣」或「白痴」，請問這個兩位數是？,87,4,,
全壘打、消防喉轆、心跳率、人力資源，請問以上的簡稱都是哪兩個英文字母？,HR,3,,語言Crossover
現址為商場佐敦薈，請問這個在1996年發生五級大火而拆卸的商場是？,嘉利大廈 Garley Building,6,,時事
被稱為「永遠的軍中情人」，歌曲在上世紀七、八十年代廣泛傳播，請問這位演出歌曲包括《但願人長久》、《月亮代表我的心》的歌手是？,鄧麗君,3,,其他流行音樂
這個廣東話詞語原指球賽的開始或者發球，亦可泛指一件事件的開始。請問這個詞語是？,開波,3,語言,廣東話
這個英文詞語有以下意思：國家、陳述、狀態，亦可指美國的州份，請問它是？,State,3,,英文
晴王、貓眼、香印、巨峰，請問以上都是哪一種水果的種類？,提子,2.6,,
「頭懸樑、錐刺股」是兩個人物的事跡，前半句是孫敬的事跡，那麼後半句是誰的事跡？,蘇秦,3,,
秦末鉅鹿之戰中，項羽率領全軍渡河攻擊秦兵時，為了讓將士不會退卻，戰鬥到底，下令打破鍋具及鑿穿船隻。請問這件事是哪一個四字成語的典故？,破釜沉舟,3.2,文學,中文文學（古典）
在道教和中國民間傳說中，它位於地獄忘川河上，鬼魂在喝孟婆湯後便會經過它投胎，請問這條橋是？,奈何橋,4.2,,中華文化、風俗
黑死病所指的是鼠疫，那麼白死病所指的是哪種可感染肺、淋巴、骨髓等部位，透過空氣傳染，由一種桿菌造成的疾病？,結核病 Tuberculosis,6.2,理科,醫學、衛生
袁方、荀彧、賈詡、郭嘉、周瑜、龐統、諸葛亮，以及一名未露面的角色，請問以上八位漫畫《火鳳燎原》人物合稱什麼？,水鏡八奇,7.4,,動漫畫
它是香港一間財務公司的名稱，也是《水滸傳》裏宋江的綽號，請問這個指適時到來的幫助的三字詞語是？,及時雨,3,,中文
香港500元紙幣俗稱「啡牛」或「大牛」，那麼1000元紙幣俗稱甚麼？,金牛,2.6,語言,廣東話
這個廣東話俗語原本指警察擗【音：劈】低佩槍，選擇辭職，請問這個後來引伸至員工主動辭職的廣東話俗語是？,劈炮,4.5,,諺語、俗語
這種觀念指養育後代，期望他們在自己年老後會照顧、供養自己，請問是？,養兒防老,4.2,,中華文化、風俗
這種花象徵高雅純潔，在天主教中象徵聖母瑪利亞，在同人文化裏則象徵女性之間的親密關係。請問這種花是？,百合,3,,動植物
它是一種手槍的類型，亦用來比喻香港立法會選舉期間，一些老人家手掌中寫有候選人編號的情況。請問這個詞語是？,掌心雷,3,,廣東話
又譯作撒羅滿、蘇萊曼，是大衛王的兒子，請問這位被認為是智慧化身的以色列國王是？,所羅門王 King Solomon,5,,世界史（古代～中世）
它由干比亞藻這種海洋生物產生，人進食珊瑚魚可能因這種毒素導致中毒，請問是？,雪卡 Ciguatera,6.6,,醫學、衛生
由於汽車在轉彎時，兩側車輪所移動的距離不同，因此需要這個裝置來讓兩側車輪以不同的速率旋轉，請問它是？,差速器 Differential,6.8,,理科（其他）
相等於200毫克，請問這個常用於量度鑽石等寶石的質量的單位是？,克拉 Carat,3,,服飾、時尚
如果想入讀日本的頂尖大學，這個數值可能需要達到約70。請問這個主要在日本使用，與成績排名相關的數值是？,偏差值,5,,
在邏輯學上它與原命題等價，請問這種把逆命題及否命題結合的命題是？,逆否命題 Contrapositive,7.2,,倫理、哲學
她是中國戰國時代齊宣王的王后，樣貌醜陋但賢能，相傳齊宣王有事時懇求她解決問題，沒事時則寵幸美女夏迎春，請問這個同時是謝安琪一首歌歌名的人物是？,鍾無艷,5,,中國史（～魏晉南北朝）
請接續以下六祖慧能的佛偈的最後五個字：「菩提本無樹，明鏡亦非臺。本來無一物」,何處惹塵埃,5,,中文文學（古典）
又稱為「日本帝國關東軍防疫給水部」，由石井四郎帶領，請問這個二次大戰時於中國進行人體實驗，並從事細菌戰的部隊是？,731部隊,7.7,,世界史（近現代）
別稱十月節，起源於1810年，當時是為慶祝路德維希王子的婚禮而舉辦，請問這個每年於慕尼黑舉辦，以一種酒精飲品命名的節日是？,慕尼黑啤酒節,6,,其他文化、風俗
二分說、飛箭不動、阿基里斯追烏龜，請問以上悖論都是由誰創作？,芝諾 Zeno,6.2,,倫理、哲學
為免舊式陰極射線管螢幕出現磷質烙印現象，而在電腦一段時間內無人使用時，在螢幕上展示移動的圖案等的程式稱為？,螢幕保護程式 Screensaver,4.6,理科,科技、資訊科技
在大部分香港麻雀的設計中，幾乎所有萬子的數字均使用小寫，只有一隻使用大寫，請問是？,伍萬,4,,遊戲（其他）
《鍍金時代》、《乞丐王子》、《湯姆歷險記》等著作，都是由哪一位美國著名演說家、幽默大師所編寫？,馬克吐温 Mark Twain,5.2,,西方文學
代表作品有《將軍吟》、《芙蓉鎮》、《我們仨》等，指在中國文革結束後，回顧文革為人帶來的傷痛、反思國家前途等文學作品的題材統稱為？,傷痕文學,7,文學,中文文學（近代、現代）
請問把公里每小時轉化為米每秒，需要把數值除以多少？,3.6,5.2,,數學、電腦科學
指在中國網購平台上搶購商品，也是電子遊戲術語，指一招打敗對手，請問這個二字詞語是？,秒殺,3.8,,諺語、俗語
請問最近一百年發生過震級最大的地震是發生在哪個國家？,智利 Chile,6.4,,地球科學
這個四字成語比喻中共曾經存在的一個潛規則，指政治局常委67歲可以留任，滿68歲則需退任。請問這個原本指心情忐忑不安的成語是？,七上八下,6.4,,政治
在香港五、六十年代，一些戲院在下午五點半會以較低的價錢播放電影，請問這個場次稱為什麼？,公餘場,7,,生活
別稱加里曼丹島、波羅島，由印尼、馬來西亞及汶萊三國分別管轄，請問這個世界第三大島是？,婆羅洲 Borneo,5,,東南亞
由 Tony Wheeler 夫婦創立，是世界規模最大的旅遊指南出版社，請問這一個總部位於澳洲的私人旅遊指南出版社是？,Lonely Planet,6.3,,生活（其他）
這個節目參加者的獎金以演唱時間計算，每秒港幣100元，出局前演唱時間最長的參賽者成為當日優勝者。請問這是哪一套TVB於2005年起播出的節目？,殘酷一叮,4.8,娛樂,映視劇集
解釋是「不適合多數廣告客戶」，一般因為影片涉及敏感議題或畫面，而在 Youtube 裏表示盈利功能受限的標誌是？,黃標,5,,流行文化
一個網絡文章平台的名稱，亦可指方法、介質、媒介、中等，請問這個英文詞語是？,Medium,3.6,,英文
由正房、東西廂房、倒座房組成，房屋從四面包圍庭院，請問這種傳統中式建築是？,四合院,5,,生活
請問在同一天的早上六時至下午六時期間，時鐘的時針和分針會重疊多少次？,11,5.6,,生活
《三面形醫》、《來生不做香港人》、《警界線》、《選戰》等都是哪一間電視台的劇集？,香港電視 HKTV,5.8,,
因嬰兒吃奶的時候容易吸到太多空氣，為避免嘔奶，家長一般會輕輕拍打嬰兒的背部，讓嬰兒把空氣吐出，請問這種方法稱為什麼？,掃風,4.2,,中華文化、風俗
其名字源自拉丁文的「轉動之人」，最初被崇拜為豐收和生殖女神，後來漸漸演變為羅馬神話中的幸運女神是？,Fortuna 福耳圖娜,7.8,文學,世界神話
在當地語言中是「跳蚤」的意思，有 Soprano、Concert、Tenor 等分類，起源於夏威夷的四弦弦樂器是？,烏克麗麗 Ukulele,4.8,娛樂,樂理、樂器
發生於慶應三年，請問這個指幕府將軍德川慶喜主動將政權交還給日本天皇的事件是？,大政奉還,7,,世界史（近現代）
做筆記時，標記要翻頁時會用到簡寫記號 PTO，請問其全寫是甚麼？,Please Turn Over,5.2,語言,英文
於1972年開幕，位於北角。請問這個香港的大型粵劇表演場地是？,新光戲院,5.5,,香港
MV 開首是女主角問「食咗嘢未」，男主角回答後，女主角其後再說「我想分手」。請問這首由林家謙主唱的歌曲是？,下一位前度,4.8,,廣東流行音樂
在香港，這種行為違反競爭條例。請問這種指招標者不知情的情況下，多名投標者合作，令其中一個合謀者中標的行為稱為？,圍標 Bid Rigging,2.8,,生活
請問在明、清兩朝的科舉考試之中，指定要使用的文體稱為什麼？,八股文,4,,中華文化、風俗
這個詞語在歌曲《網絡安全隱患》裏有出現，它是欖球術語，是一種得分方式，指球員在對方得分區內將球觸地。請問是？,達陣,5,,
這個四字詞又被稱為「先上車後補票」，是指一對伴侶礙於面子或道德責任等，因意外懷孕而提早結婚，請問是？,奉子成婚,3,,
請問中國歷史上的「戰國七雄」是指韓、趙、魏、楚、燕、齊以及統一中原的哪一個國家？,秦 Qin,2,歷史,中國史（～魏晉南北朝）
在排球賽事中，每隊會派六人上場比賽，那麼沙灘排球賽事中，每隊會派多少個人上場比賽？,2,4,運動,團體球類
在賭博中，主持賭局的人稱為莊家，請問其他參與賭局的人稱為？,閒家,3.7,文化,流行文化
波希戰爭是指兩個古文明之間的戰爭，其中波是指波斯，那麼希是指哪個文明？,希臘,4,歷史,世界史（古代～中世）
位於新界西貢區東南部，80年代發展為新市鎮，用作紫色港鐵線名稱的地方是？,將軍澳 Tseung Kwan O,2.6,地理,香港
《+》、《X》、《÷》、《=》都是哪位英國歌手推出的唱片？,Ed Sheeran,6,娛樂,其他流行音樂
位於美國內華達州，區內設有一個秘密軍事基地，請問這個被人認為和研究外星人、UFO有關的區域？,51區,5.5,文化,其他文化、風俗
位於中國和北韓的邊境，山頂有一個稱為天池的火山口湖，被韓國人視為民族起源的山是？,長白山,5.7,地理,亞洲
在成語「管鮑之交」中，「管」是指管仲，那麼「鮑」措誰？,鮑叔牙,5,語言,中文
曾經以英國陸軍軍醫身份派駐阿富汗，後來因傷退役，居住在必嘉街221號B，在小說福爾摩斯系列中登場的角色是？,約翰·華生 John Watson,6,文學,西方文學
v flower、IA(yi1 aa4)、洛天依、鏡音鈴、初音未來都是哪一個語音合成軟件的虛擬歌手？,VOCALOID,4.4,娛樂,其他流行音樂
東漢末年發起黃巾之亂之道教流派、一條位於九龍何文田之街道、香港歌手周國賢2022年度第三支派台歌曲，都可以用哪個三字詞表達？,太平道,6,語言,語言Crossover
標誌包含梅花圖案，八十年代至千禧年代發生過多宗嚴重空難，台灣最大的民用航空公司是？,中華航空 China Airlines,6.2,生活,企業團體
於《多啦A夢》系列漫畫中，法寶「放大電筒」底部橫切面呈正方形，噉請問法寶「縮小電筒」底部橫切面係呈乜嘢形狀呢？,圓形,4,娛樂,動漫畫
「siu4」於網絡用語中意指「笑死」，請問「siu4」作為粵語拼音時應讀作？,韶,6,語言,廣東話
達爾文、狄更斯、牛頓、霍金都葬於這個地方，請問這個英國君主舉行加冕儀式及葬禮的地方是？,西敏寺 Westminster,5,地理,歐洲
後人評論東晉時有一句名言「王與馬，共天下」，其中王是指當時的名門王氏，那麼馬是指那一個晉代國姓？,司馬,4,歷史,中國史（～魏晉南北朝）
它是一位英國歌手的個人出道曲，在1988年登上25個國家的單曲榜榜首，在2008年YouTube愚人節活動使用的流行曲是？,Never Gonna Give You Up,3.2,娛樂,其他流行音樂
孔子認為這四個字是「人之大欲」，同時這四個字亦是香港一本已停刊的雜誌名稱，這本雜誌以介紹美食為主題，請問是？,飲食男女,6.2,文化,流行文化
於2010年上映，內容講述主角利用潛意識進入別人夢境竊取商業機密，出現夢中夢中夢情節的美國科幻電影是？,潛行凶間 Inception,4,娛樂,電影（美國）
新宿在日本是指東京的一個商業區，那麼新宿在中文大學是指哪一間位於崇基學院的宿舍？,利樹培堂,4.5,生活,生活
瑞典語、荷蘭語、德語、英語都屬於那一個語系？,日耳曼語 Germanic languages,6.5,語言,語言學
關楚耀、鄭俊弘、蔡卓妍、盧凱彤、林奕匡、馮允謙，請問以上香港歌手均出生於哪一個位於北美的國家？,加拿大 Canada,6,娛樂,娛樂Crossover
可以上太空但不需要操控太空船，而是在太空站做科學研究及試驗，2022年9月中國載人航天工程在港澳選拔的職位是？,載荷專家 Payload Specialist,6.6,社會,時事
馬場跑道可以分為兩種，請問它們分別是草地跑道以及哪一種正式名稱為全天候跑道的跑道？,泥地跑道 Dirt,5.5,運動,車輛、動物運動
曾經由成龍代言，仿製日本紅白機，以學習和娛樂為主要用途的九十年代電子產品是？,小霸王學習機,6,娛樂,遊戲（電子）
加多利灣、咖啡灣、三聖灣、蝴蝶灣、青山灣都位於香港哪一區？,屯門,4.7,地理,香港
短號、小號、法國號、長號、低音號，以上都屬於哪一個西洋樂器家族呢？,銅管樂器 Brass Instruments,5,文化,樂理、樂器
2021–22球季中，英格蘭超級足球聯賽之冠軍是曼徹斯特城，那麼法國甲組足球聯賽之冠軍是？,巴黎聖日耳門 Paris Saint-Germain FC (PSG),5,運動,團體球類
八十年代港台節目《三個小神仙》當中「三個小神仙」係指節目之三位主持人，分別係何嘉麗、林珊珊，以及何位暱稱「阿旦」之主持人？,鄭丹瑞 Lawrence Cheng,6,娛樂,娛樂（其他）
錢穆認為，人只要能達至某個境界，就有如永生不息，要達成此達界就要達到立功、立德、立言，即合稱為？,三不朽,6,社會,倫理、哲學
名稱在俄語中指「城中要塞」，鄰接無名烈士墓和紅場等景點，前蘇聯和俄羅斯的政府總部所在地是？,克里姆林宮 Kremlin,4,地理,歐洲
張天賦和洪嘉豪其中一首合唱歌曲以這個英文單字為歌名，請問這個解作亦敵亦友的英文單字是？,Frenemy,5,娛樂,廣東流行音樂
在中國的全國運動會中成為第一個田徑三連冠的選手，2004年雅典奧運110米欄項目的金牌得主是哪一位中國運動員？,劉翔 Liu Xiang,3.2,運動,個人非球類
以匚(音方)作部首加上3個口組成，在一般句子使用時會讀作區(Kui1)，但它作為姓氏時會讀甚麼？,區(Au1),2.6,語言,中文
過海段長超過1200公里，連接德國及俄羅斯，2022年9月尾有一部分被炸毁的天然氣管道系統是？,北溪(天然氣管道) Nord Stream,5.4,社會,時事
夏朝的亡國君主是桀，那麼商朝的亡國君主是？,紂,4.5,歷史,中國史（～魏晉南北朝）
太平山的英文是The Peak，那麼太平山街的英文是？,Tai Ping Shan Street,4.5,語言,英文
獎座的形象是一個手持長劍，站立在電影菲林卷上的騎士，請問這個電影界最高殊榮，由美國電影藝術與科學學院頒發的獎項是？,奧斯卡金像獎 Academy Award,2.8,娛樂,電影（其他）
韓國現代汽車一個生產豪華汽車為主的子公司、SEGA推出的一款遊戲機、《聖經》中的《創世紀》在英文都可以用哪一個詞語表示？,Genesis,4,社會,社會Crossover
日本動畫人物常見特徵之一，請問呢個指動畫角色頭上豎起咗一撮頭髮嘅特徵係？,呆毛 Ahoge,6,,動漫畫
古希臘哲學家蘇格拉底於公元前399年被雅典人處死，請問他的兩個罪名分別是褻瀆神靈以及甚麼？,荼毒青年,5,歷史,世界史（古代～中世）
改編自2012年深水埗通州街露宿者物品被政府清潔工丟棄事件，由吳鎮宇領銜主演，2021年上映的劇情片是？,濁水漂流 Drifting,5,娛樂,電影（香港）
世運花園、九龍醫院、先達廣場、朗豪坊都是沿着哪一條街道嘅建築物？,亞皆老街 Argyle Street,4.8,地理,香港
指一種香港未合法行走在道路上的電動交通工具，亦指華夏神話傳說中「紅孩兒」哪吒所用的法寶是？,風火輪,4.4,生活,生活
請問在ATP巡迴網球賽事中的三種地面材質分別是泥地、硬地以及？,草地 Grass,4.8,運動,個人球類
以智慧型合約及分散式應用程式為最大特色，2022年9月升級至2.0版本，用來交易NFT的區塊鏈是？,以太坊 Ethereum,5.6,理科,科技、資訊科技
唐朝晚年兩派士大夫之間的鬥爭稱為「牛李黨爭」，其中「牛」是指牛僧孺，那麼「李」是指誰？,李德裕,7,歷史,中國史（隋～清中葉）
Jace Chan 是指香港女歌手陳凱詠，請問 Jason Chan 是指哪一位本名陳廣偉之香港男歌手呢？,陳柏宇,4.5,娛樂,廣東流行音樂
柴灣位於東區，那麼柴灣角位於哪一區？,荃灣區 Tsuen Wan District,6.4,地理,香港
以科學方法研究人類社會組織、結構與活動的學科稱為社會科學；那麼與之相對，以科學方法研究大自然中有機或無機事物與現象之學科稱為？,自然科學 Natural Science,5,理科,理科Crossover
在龍與地下城中，角色的倫理道德態度的分類可畫成一個陣營九宮格。一般而言，左上角代表的是守序善良，那麽，右下角代表的是？,混亂邪惡 Chaotic Evil,3,娛樂,娛樂Crossover
別名有玫瑰之城、砵蘭等等，當地有知名球隊拓荒者，位於美國俄勒崗州的主要城市是？,波特蘭 Portland,6.8,地理,美加
模擬電視的螢幕長闊比多數是4：3，那麼現時高清電視和數碼電視的長闊比多數都是？,16：9,4.7,,生活
Smallpox在中文是指天花，那麼Great Pox是指哪一種性傳染病？,梅毒,6,理科,醫學、衛生
請問在寫字或者作畫時用來壓住紙張的重物稱為甚麼？,紙鎮 Paperweight,3,生活,生活
由顧家輝作曲、黃霑填詞、葉麗儀主唱，歌詞第一句是「浪奔 浪流」的電視主題曲是？,上海灘,4,娛樂,廣東流行音樂
位於尖沙咀梳士巴利道10號，請問這個外型像一個菠蘿包，康文署轄下的博物館是？,香港太空館 HK Space Museum,2,地理,香港
於「度量衡」一詞中，「度」是指長度，而「量」是指容量，請問「衡」是指？,重量,5,理科,理科Crossover
請問在《周易》中，用作解釋卦象意義的句子「天行健」的下一句是？,君子以自強不息,4.4,文學,中文文學（古典）
在歐洲五大足球聯賽的積分系統中，一個隊輸了比賽會得0分，而賽和會得1分，那麼贏了比賽會得幾多分？,3分,3.8,運動,團體球類
在網絡上指人誤信謠言， 同時可以指車禍嘅廣東話詞語是？,炒車,2.8,語言,廣東話
貝多芬《第5號交響曲》的別稱是《命運交響曲》，那麼貝多芬《第6號交響曲》的別稱是？,田園交響曲 Pastoral Symphony,6.8,文化,古典樂
這種物質只存在於傳說之中，古時的鍊金術士一直追求這種物質，請問這種被認為可以將普通金屬變成黃金的物質是？,賢者之石,5.3,社會,宗教、神秘學
在香港幹線系統中，1號幹線利用紅隧過海、而2號幹線利用東隧過海，那麼3號幹線利用那條隧道過海？,西隧,4.7,地理,香港
大腦皮質基底核退化症、購物狂症、大麻二酚、城市中之核心商業區都可以用哪個三字英文簡稱表達？,CBD,4,語言,英文
請問成語「朝三暮四」是出自道家經典《莊子》的哪一篇？,齊物論,6.4,文學,中文文學（古典）
主音是吳青峰，代表作品有《喜歡寂寞》、《小情歌》、《無與倫比的美麗》的台灣樂團是？,蘇打綠 Sodagreen,5.4,娛樂,其他流行音樂
網絡上用來描述人飲醉酒或者吸食大麻後，進入精神彷彿的狀態，請問這個原本意思是指石頭的英文單字是？,Stone,2.5,語言,英文
在網絡上指藝人意外流出的色情照片，請問這個原本指印有藝人肖像、表面閃閃發亮的小卡片的詞語是？,閃卡,6,文化,流行文化
VR所指的是虛擬實境Virtual Reality，那麼AR所指的是甚麼？,Augmented Reality 擴充實境,4.6,理科,科技、資訊科技
在國際經濟組織中，G7、G20當中的G都代表哪個英文單字？,Group,4.8,社會,政治
由古希臘盲詩人荷馬創作的兩部長篇史詩分別是《伊利亞特》和哪個史詩？,《奧德賽》 Odyssey,5.8,文學,西方文學
請問香港歌手江海迦、郭富城、江𤒹生，他們的英文名縮寫都是哪個同時可以代表一種步槍家族的縮寫呢？,AK,4,娛樂,廣東流行音樂
它象徵皇帝的權力和榮譽，皇帝可以將它賜予大臣或者將軍，容許他們先斬後奏，請問這一把劍是？,尚方寶劍,4.7,文化,中華文化、風俗
備忘錄或者備忘便條一般俗稱為「memo紙」，當中「memo」是哪一個英文字的略稱？,Memorandum,7.6,語言,英文
在香港，經營銀行業務的存款機構有三種，請問它們分別係接受存款公司、有限制牌照銀行以及哪種機構？,Licensed Bank 持牌銀行,6,社會,商業、金融
記載於《詩經‧魏風》，借描寫老鼠偷吃穀物來諷刺剝削人民的統治者。這首四言詩是？,《碩鼠》,6.2,文學,中文文學（古典）
它是用來量度某時間內通過導體橫截面的電荷量的單位，符號是 A。請問這個國際單位制中的其中一個基本單位是？,安培 Ampere,4.5,理科,化學
在經濟學上，壓低成本、大量傾銷等傳統商業手法，稱為紅海策略。那麽開創尚未被開發之全新市場、以創意獲取高額報酬的商業手法是？,藍海策略 Blue Ocean Strategy,5,社會,經濟
古時希臘人會將它頒發給運動比賽的勝利者，象徵榮耀和勝利，請問這一個用月桂的枝條所製作的東西是？,桂冠,4.3,文化,其他文化、風俗
請問現時香港處理屍體最主流的方法，是哪一種將屍體燒成灰燼的處理方法？,火葬,2.7,生活,生活
CEO英文全稱是Chief Executive Officer，那麼CFO全稱是？,Chief Financial Officer,4.7,語言,英文
芭蕾舞用語主要以法文表示，其中pas de cheval 可譯作「馬步」，請問pas de chat可譯作甚麼同樣以哺乳類動物命名的動作？,貓步 / 貓躍,7,運動,運動（其他）
在「科普」一詞中，「科」是指科學，請問「普」是指？,普及,2.7,理科,理科（其他）
請問由王莽建立，在西漢和東漢兩朝之間建立的短暫皇朝是？,新朝,4.7,歷史,中國史（～魏晉南北朝）
請問北韓每年4月15號慶祝的太陽節，是為了紀念那一位人物的誕辰呢？,金日成,5,文化,其他文化、風俗
桌球中之一局、計劃、插贓嫁禍、框架，都可以哪個英文字表達？,Frame,5,語言,英文
肱骨外上髁【音：科】炎通常俗稱為「網球肘」，那麼肱骨內上髁炎通常被俗稱為哪個包含著需要用球杆的球類運動的名稱？,高爾夫球肘 Golfer’s elbow,6,理科,醫學、衛生
可以用來製作年糕、粽、湯圓等食品，比一般稻米更加有黏性的米是？,糯米,3.3,生活,飲食
主要訓練上半身的肌肉，做法是將雙手握在上方的橫桿，然後利用背部及手部肌肉將自己向上拉的動作是？,引體上升,3.3,運動,健體
因為切開後呈星形，而在英文中稱為Starfruit，中秋節中常吃的食物是？,楊桃,2.8,生活,飲食
雙鍵或環狀化合物會因結構而令自由旋轉受阻，因此產生兩個物理性質或化學性質均不相同的同分異構體，它們分別稱為順式異構體（cis-isomers）和哪一種異構體？,反式異構體 Trans-isomers,5.4,理科,化學
在廣東話歇後語中，「濕水欖核」的下一句是「兩頭擳」，那麼「濕水棉花」的下一句是？,無得彈,6,語言,廣東話
曾經說過「革命尚未成功，同志仍須努力」，被尊稱為國父的近代中國政治家是？,孫中山,1.3,歷史,中國史（清末～）
《放學後》、《秘密》、《白夜行》、《嫌疑犯X的獻身》、《解憂雜貨店》，都是哪一位日本作家的作品？,東野圭吾,5,文學,東方文學
請問在排球運動中，每隊最多只可以連續擊球幾多次？,3,4,運動,團體球類
請問香港網絡用語「利申」的全稱是哪一個四字詞？,利益申報,2.7,語言,廣東話
它是道教其中一種醫病的方法，請問這個先將符籙燃燒、融入水中，然後再比病人飲用的治療方法是？,符水,4.7,文化,中華文化、風俗
可用來製造綠色的色素，能夠吸收二氧化碳和陽光來產生氧氣，進行光合作用的化學物質是？,葉綠素 Chlorophyll,3,理科,生物學
香港次級的足球聯賽是香港甲組足球聯賽，那麼香港頂級的足球聯賽是？,香港超級足球聯賽 Hong Kong Premier League,5,運動,團體球類
原自30年代的舞台劇，意指一個人或者一個組織隱秘地令受害者逐漸開始懷疑自己，質疑自己的記憶力，感知力或判斷力的心理操控手法是？,煤氣燈效應 Gaslighting,6.8,社會,心理學、社會學
瞞天過海、笑裏藏刀、拋磚引玉、混水摸魚、指桑罵槐、走為上計都記載於哪一本中國古代兵法書？,孫子兵法,5.4,文學,中文文學（古典）
曾經被稱為小上海、現時則被稱為小福建，香港島的最北端是？,北角,4.3,地理,香港
A大調對應F#小調，而B大調對應G#小調，那麼C大調對應哪個小調呢？,A小調,5,文化,樂理、樂器
出生於澳門，14歲跟隨大佬B，後來在大佬B死後成為銅鑼灣揸Fit人，請問這位在漫畫《古惑仔》中登場的主要角色是？,陳浩南,5,娛樂,動漫畫
與道教、儒教合稱為中華文化「三教」的是哪一個由印度傳入，分為大乘及小乘兩派的宗教？,釋教 Buddhism,2.2,社會,宗教、神秘學
在公元755年至763年發生，引致藩鎮割據的局面，由安祿山與史思明發起的動亂是？,安史之亂,4.2,歷史,中國史（隋～清中葉）
在2022年10月推出歌曲Sell Out ，引起BLACKPINK粉絲不滿，主要在YouTube發佈古典音樂及小提琴影片的二人組合是？,雙琴俠 TwoSetViolin,5.6,娛樂,娛樂（其他）
Atmosphere在中文解作大氣層，那麼Hemisphere在中文解作甚麼？,半球,4.3,語言,英文
一個養分循環系統主要有三個組成部分，請問它們分別是生物量Biomass、枯枝落葉Litter以及甚麼？,土壤Soil,5.7,理科,地球科學
大陸人口最高的城市是上海，那麼臺灣人口最高的城市是哪一個前身是臺灣省臺北縣、於2010年升格為直轄市的臺灣北部城市呢？,新北市 New Taipei City,6,地理,大中華地區
阿爺的兄弟稱為伯公或者叔公，請問阿嫲的兄弟稱為？,舅公,5,文化,中華文化、風俗
在足球比賽中，當兩隊經過30分鐘的加時依然打成平手，會用甚麼方式決定勝負？,互射12碼 Penalty shoot-out,3,運動,團體球類
可以供2－6個玩家遊玩，棋盤是一個六角星，目的是將自己的棋子全數移動至對角的棋類遊戲是？,波子棋,4.5,娛樂,遊戲（其他）
Gracias、Merci、ありがとう、Thank You在中文都有甚麼意思？,多謝,1,語言,語言（其他）
請問「鋤禾日當午，汗滴禾下土，誰知盤中飧，粒粒皆辛苦」是出自哪一首唐詩？,《憫農》,4.2,文學,中文文學（古典）
球體表面面積的公式是4*pi*r^2，那麼球體體積的公式是？,4/3 π r^3,3,理科,數學、電腦科學
香港鐵路網絡中，迪士尼站屬於迪士尼綫，那麼海洋公園站屬於哪條綫呢？,南港島綫,3.3,地理,交通
在自動波汽車中，短期停留在道路上時要入N波，那麼要停泊在路邊或停車場的時候，最後要入甚麼波段？,P波 Park gear,3.6,生活,生活（其他）
公司 Logo 是公司英文簡稱 SC 互相交織的圖像，請問這一間總部位於倫敦，香港其中一間發鈔銀行是？,Standard Chartered 渣打銀行,4.7,社會,商業、金融
請問濫發信息、垃圾郵件、午餐肉都可以用哪一個英文詞語表示？,SPAM,4.5,語言,英文
西方傳統習俗中認為新娘準備四種特定的東西會帶來好運，分別是舊物件、新物件、借來的物件和哪種顏色的物件？,藍色（的物件） something blue,7,文化,其他文化、風俗
由陳獨秀創辦，帶動新文化運動，將科學與民主稱為「賽先生」與「德先生」，原名為《青年雜誌》的刊物是？,《新青年》New Youth,5.8,歷史,中國史（清末～）
Hoba、Ketch' Up、GoBee、ofo、Loco，請問以上都是何種新興城市交通模式之服務營辦商呢？,共享單車 bike sharing,5,地理,交通
在國際籃球總會的比賽中，一節比賽長10分鐘，那麼在NBA的比賽中，一節比賽長多少分鐘？,12分鐘 12 minutes,4.2,運動,團體球類
在瑜珈動作中，俯卧在地上，腰部、小腿和腳背貼地，用雙臂把上半身撐起的動作是哪一種在名字中含有爬蟲類動物的動作？,眼鏡蛇式 cobra (+/-pose),6.8,生活,興趣
在范仲淹的岳陽樓記中，「居廟堂之高」的下一句是「則憂其民」，那麼「處江湖之遠」的下一句是？,「則憂其君」,4.3,文學,中文文學（古典）
李家超上任時，創新及科技局更名為「創新科技及工業局」，那麼民政事務局更名為？,民政及青年事務局 Home and Youth Affairs Bureau,7,社會,政治
喺俗語中可以指公司入面一啲外表美麗，但實際上冇咩職務，只係為咗取悅老闆、顧客嘅女員工，請問呢一個用嚟盛載花卉嘅容器？,花瓶,2.8,語言,諺語、俗語
字面意思係指將靈魂轉移到死亡嘅屍體以延續壽命，請問呢一個意思係指某啲已經消失嘅事物，假借新嘅名義重新出現嘅四字成語係？,借屍還魂,5.3,語言,成語
請問在香港一般的紅綠燈的三種燈之中，只有哪一個在亮起時，必定是只有它單獨一個亮起？,綠,3.8,生活,生活
在含有水汽的空氣中，海拔高度每提升100米，氣温便會下降約攝氏0.6度，請問此下降率稱為什麼？,氣温垂直遞減率 Lapse Rate,7.8,理科,地球科學
前英國首相邱吉爾、前香港特首曾蔭權等都以此為象徵，請問這種又稱領結，是一種圍繞在頸部的飾物是？,煲呔 Bowtie,4.6,生活,服飾、時尚
包括鈧、釔同鑭系元素，呢啲金屬難以提取，可以用嚟製作催化劑、磁鐵、以及其他電子產品，呢種金屬產量最多嘅國家係中國，請問呢種金屬係？,稀土金屬 Rare-earth Metals,4.3,理科,地球科學
它的數值在不同佛教經典中有不同，可表示約0.013秒或0.018秒，請問這個現時在中文用以表達一段極短時間的詞語是？,剎那,4,語言,中文
於士碌架桌球比賽中，若然對手並無犯規，則最多可一桿取得幾多分？,147,0,運動,個人球類
福祿壽、惠比壽、壽老人、毘【音：皮】沙門天、辯才天、大黑天、布袋和尚，請問這七位在日本文化中被認為會帶來福氣的神合稱什麼？,七福神,6.4,生活,生活（其他）
請問在英制的重量單位中，1磅等於多少安士？,16,5,生活,生活
華氏負459.67度、開氏 0 度、攝氏負273.15度，以上都是熱力學的最低温度，請問其名稱是？,絕對零度 Absolute Zero,4.8,理科,物理學
《糖不甩》、《南瓜車》、《男孩像你》、《奇洛李維斯回信》等，都是由誰主唱的歌曲？,薛凱琪,0,娛樂,廣東流行音樂
出現在《水滸傳》及《金瓶梅》中，是不守婦道的象徵，請問這位在兩本書中均被武松打死的人是？,潘金蓮,4.8,文學,中文文學（古典）
呢種方法係將標準溶液一滴一滴加入被分析溶液中，利用顏色變化、沉澱或者導電率等等嘅變化嚟確定反應嘅終點，請問呢種分析化學嘅實驗方法係？,滴定 Titration,6,理科,化學
曾建立基督教電視台「創世電視」，請問這個自稱發現挪亞方舟殘骸而遭質疑的香港基督教組織是？,影音使團 The Media Evangelism,7.2,社會,宗教、神秘學
正宗製作方法為在加糖調味後的水牛奶中加入薑汁，使奶凝固的中式甜品是？,薑汁撞奶,0,生活,飲食
在十進制裏，如果一個平方數的十位是單數，則它的個位數只有一個可能值，請問是？,6,0,理科,數學、電腦科學
詩人白居易的字、大喜屋的前綴、以出產熊仔餅聞名的韓國公司名，均用了哪一個二字詞？,樂天,4.4,生活,生活（其他）
這個虛構角色被稱為舊中國農村勞動婦女的典型，請問這位魯迅小說《祝福》裏作為傭人，因為兒子被狼咬死而精神失常的角色是？,祥林嫂,6,文學,中文文學（近代、現代）
北家沒有摸牌尾、開槓後忘記摸嶺上牌、忘記補花等都會導致這種情況發生，請問這種指打麻雀時手牌數比正常少的香港麻雀術語是哪三個字？,小相公,3.6,娛樂,遊戲（其他）
AIA中文指友邦保險，那麼AXA中文指哪間保險公司？,安盛,4.5,,企業團體
主音於1983年因曾服用大量吐根糖漿而導致心臟衰竭和神經性厭食症而逝世，著名作品有《Top of the World》、《Close To You》、《Yesterday Once More》等的兄妹組合是甚麼？,木匠兄妹 The Carpenters,0,娛樂,其他流行音樂
指不需外界輸入能源便能夠不斷運作的機械。請問這種根據現行物理的理論不可能存在的機械是？,永動機 Perpetual Motion,0,理科,物理學
於日文，由西洋傳入之甜點會稱為「洋菓子」；噉請問與之相對，源自日本之傳統甜點會稱為？,和菓子 Wakashi,4,生活,飲食
又稱為雷公壺，具有捕蟲籠，會釋放蜜汁引誘昆蟲進入，請問這種食肉植物是？,豬籠草,7.2,理科,動植物
作為曾蔭權推廣2012年政改的標語，請問與「超錯」字型接近的二字是？,起錨,4.6,社會,時事
阿嫲之姊妹稱為姨婆，請問阿爺的姊妹會稱為甚麼？,姑婆,4,文化,中華文化、風俗
發出此訊號時必須連發三次，是最高級別的求救訊號，請問這個同時是台灣一隊樂隊的英文名稱是？,Mayday,4.6,生活,生活
請問在香港島四個區議會分區中，哪一個並非以方位命名？,灣仔,2.8,地理,香港
請問在「九流十家」之中，唯一一個不入流的家是？,小說家,5.8,文化,中華文化、風俗
這個四字成語比喻人在佔了小便宜後變本加厲，其中包含兩個長度單位，請問是？,得寸進尺,3.2,語言,成語
喺化學上，為確定某一元素或化合物嘅存在而進行嘅分析稱為定性分析 Qualitative Analysis ，請問為確定某一元素或化合物嘅數量而進行嘅分析稱為？,定量分析 Quantitative Analysis,4.5,理科,化學
在香港，當上市公司預測盈利大幅倒退時，會向投資者發盈警，那麼當預測盈利大幅上升時，會向投資者發出甚麼？,盈喜,6.4,社會,商業、金融
在每一年裏，與一個在生的人的出生日期月、日都相同的一天稱為生日，那麼與一個已經死去的人的出生日期月、日都相同的一天稱為什麼？,生忌,4.2,語言,中文
位於香港中文大學崇基學院之李兆基建築學大樓俗稱「AIT」，請問「AIT」之全寫係？,An Integrated Teaching Building,5,生活,企業團體
由伍樂城作曲，黃偉文填詞，麥浚龍有份主唱的「愛情三部曲」分別是《耿耿於懷》、《念念不忘》以及什麼？,羅生門,4.4,娛樂,廣東流行音樂
有江寧、建業、建康、金陵等別稱，請問這個位於長江下游，江蘇省的省會是？,南京,5.3,地理,大中華地區
歌手陳奕迅其中一首歌，同時係一首中國傳統樂曲，請問呢個原本指韓信擊敗項羽所用過計謀係？,十面埋伏,0,文學,文學Crossover
這一種設施在香港有約800個，其中現存最舊的位於皇后大道中與威靈頓街交界。請問這個在廣東話中可形容事物十分普遍的公共衞生設施是？,公廁,3.8,語言,廣東話
英格蘭首府係倫敦，而蘇格蘭首府係愛丁堡，請問威爾士首府係？,卡迪夫 Cardiff,5,,歐洲
它是指電腦程式或遊戲等的隱藏功能和訊息，名稱源自「尋找復活蛋」遊戲的電腦術語是？,彩蛋 easter egg,3.4,娛樂,遊戲（電子）
這項活動在香港已舉辦七屆，主題曲為《人人起勁》，請問這個疫情前兩年一度，以十八區區議會為參賽單位的大型綜合運動會是？,全港運動會 The Hong Kong Games,5.2,運動,運動會、運動賽事
一般由五個三角形、一個平行四邊形和一個正方形的版塊組成，玩家可用這七塊牌拼出不同的形狀。請問這個智力遊戲是？,七巧板 Tangram,0,娛樂,遊戲（其他）
目前在中國，這段時期從每年5月1日開始，至8月16日結束。請問這個為確保可持續發展，而禁止使用數種指定捕魚方法的時期稱為什麼？,休漁期 Fishing Moratorium,4.8,理科,地球科學
一戰後，由於德國於山東的權益被轉讓至日本，引發中國民眾不滿，成為中國近代一場影響深遠的社會運動，請問這個以發生的日期命名的社會運動是？,五四運動,5.3,歷史,中國史（清末～）
它有咖喱、砂拉越、亞參等分類，請問這種馬來西亞著名的麵食是？,叻沙 Laksa,5.4,生活,飲食
請問在成語「連中三元」裏，「三元」分別是指解元、會元以及什麼？,狀元,0,語言,中文
夜晚露天咖啡座、向日葵、星夜，請問以上嘅作品都係由邊一位罹患精神病嘅荷蘭印象派畫家所畫？,梵高 Van Gogh,4,文化,平面藝術
這元素的英文名稱結合了「硝酸」和「生成」，常用於薯片等食品包裝，地球大氣中含量最高的元素是？,氮氣 Nitrogen,0,理科,化學
林振強、張國榮、謝婉雯、梅艷芳，請問以上人士都是在哪一年逝世？,2003,3.4,社會,時事
「有內鬼終止交易」、「我唔似你，我見得光」、「對唔住，我係差人」，請問以上句子及台詞均是出自哪套香港電影？,無間道,0,娛樂,電影（香港）
中國古時稱為斯加里野，係地中海最大嘅島，請問呢一個位於意大利南部嘅島嶼係？,Sicily 西西里,5,,歐洲
筆下角色有藍絲、黑紗、黃絹、衛紅綾、白素等，著作有年輕人與公主系列、亞洲之鷹羅開系列、原振俠系列等，於今年7月3日逝世的科幻小說家是？,倪匡,0,文學,中文文學（近代、現代）
一個通常落於公曆10月23號之節氣，一種油花分布約兩至三成之肥牛肉，請問以上都可以用何個二字詞形容？,霜降,5,生活,生活Crossover
在傳說中位於龍的喉嚨下端，生長方向與其他相反，只要觸碰到便會令龍大怒，後來用於比喻人的禁忌、底線的詞語是？,逆鱗,5,語言,中文
廣東一帶有所謂嘅油器三寶，請問佢哋分別係鹹煎餅、牛脷酥以及？,油炸鬼,3.3,生活,飲食
喺成語蕭規曹隨中，蕭同曹係指兩位西漢時代嘅丞相，蕭係指蕭何，請問曹係指？,曹參,7,,中國史（～魏晉南北朝）
家維邨、樂民新村、常樂邨、愛民邨、馬頭圍邨，請問上述嘅公共屋邨都係位於邊一區？,九龍城區,5.3,地理,香港
這個實驗於17世紀進行，展示了大氣壓力的作用，請問這個用上十數隻馬匹把兩個半球分開，在馬德堡進行的實驗是？,馬德堡半球 Magdeburg Hemispheres,6.4,理科,物理學
它是一種樹脂的化石，裏面可能藏有昆蟲化石，請問這一種多數為黃色的寶石是？,琥珀 Amber,4,生活,服飾、時尚
作為一種簡易替換加密方式，做法是將明文中所有字母向前或向後移動某個指定數目轉換成密文，請問此種因據說被羅馬大帝用作與將軍聯繫而名之加密法是？,凱撒密碼 Caesar cipher,5,文化,其他文化、風俗
於香港地下鐵路網絡中，由於通車初期從任何一邊總站起計均為第八個車站而被俗稱「第八站」，請問這個作為九廣鐵路轉乘站之地下鐵路站是？,九龍塘站,0,地理,交通
喺廣東話可以解作麻煩嘅事，請問呢一個同時可以指舞獅時頭戴面具、手持葵扇，帶領舞獅嘅人嘅詞語係？,大頭佛,4.7,語言,諺語、俗語
這本書被寓為女權思想的聖經，從存在主義的角度論述了女性弱勢的事實和原因。請問這本由作家西蒙波娃所著的書是？,第二性 The Second Sex,7,文學,西方文學
係一種用黃糖、粘米粉整嘅傳統廣東糕點，請問呢個喺廣東話可以指中係隱形胸罩嘅食物係？,砵仔糕,3,生活,生活Crossover
穿高跟鞋、扁平足均可能增加患此病症的機會，請問這種指波子骨突出，腳部拇趾移位指向外側的病是？,拇趾外翻 Hallux valgus,5.4,理科,醫學、衛生
可以指一種小型球體玩具，請問呢個同時可以指汽車品牌保時捷嘅廣東話俗語係？,波子,4,語言,語言Crossover
由數學家伯努利發現，可用來計算不定式的極限，方法是對分子和分母同時求導數，請問這個定理是？,洛必達法則 L'Hôpital's rule,6.6,理科,數學、電腦科學
最早見於魏晉南北朝，在新生兒周歲時，家人將各種物品擺放於小孩面前任其抓取以預測嬰兒的前途的習俗稱為甚麼？,抓周/試兒/試周/拿周,0,文化,中華文化、風俗
電腦圖像主要有兩種表示的方式，其中一種是點陣圖 Bitmap，請問另一種以儲存直線、多邊形等元素的來表示圖像的方式稱為什麼？,向量圖 Vector Graphic,6.2,理科,數學、電腦科學
成立於2001年，樂團成員多出自國立政治大學，2019–22年間因著作權糾紛改以「魚丁糸」名義活動，請問此以歌手吳青峰為主音之臺灣樂隊係？,蘇打綠 Sodagreen,0,娛樂,其他流行音樂
父母為塞爾維亞裔人，撰寫自傳《人生不設限》，出生時患有先天性四肢切斷症的著名作家及演講家是？,力克·胡哲 Nick Vujicic,4.6,生活,生活（其他）
是4號幹線的一部分，於2019年全線通車，請問這一條容許使用者繞過中環同灣仔，來往西區同東區的公路是？,中環灣仔繞道,5,地理,香港
事件造成超過30萬人罹難，主要受災國家包括印尼、斯里蘭卡、泰國等，請問呢一個喺2004年嘅Boxing Day發生嘅地質災害係？,南亞大海嘯,3.8,地理,東南亞
主場位於晏菲路球場，球隊口號係You Will Never Walk Alone，喺2020年奪得英超冠軍，請問呢一支英格蘭球隊係？,利物浦 Liverpool,6,運動,團體球類
它是一種休閒活動，同時也是一個網絡術語，指引誘他人，令他們受害，亦可以比喻人昏昏欲睡時頭部擺動的詞語是？,釣魚,2.4,語言,廣東話
妻子係蒙嘉慧，曾經飾演華英雄、聶風、陳浩南等角色，請問呢位暱稱伊麵嘅男演員、歌手係？,鄭伊健,4,娛樂,電影（香港）
喺1941年上台，下令發動珍珠港事件，請問呢一個喺1948年因為戰爭罪行而被處死嘅日本首相係？,東條英機,6,,世界史（近現代）
以希臘神話夢境與睡眠之神命名，一種常見嘅止痛藥，同時係鴉片類藥物，有高度成癮性同嚴重副作用，因而喺好多國家被嚴格管制嘅藥物係？,嗎啡 Morphine,5.5,理科,醫學、衛生
請問歐洲股市三大指數分別是英國富時100指數、法國 CAC 40 指數以及哪一個來自德國的指數？,德國 DAX 指數,5.3,社會,商業、金融