question,answer,difficulty,topic,subtopic
它是世界上最大的熱沙漠，橫跨非洲北部，以其廣闊的沙丘和極端氣候聞名。請問這個沙漠是？,撒哈拉沙漠 Sahara Desert,3.8,地理,亞洲
這條河流是非洲最長的河流，也是世界上最長的河流之一，流經多個國家，最終注入地中海。請問這條河流是？,尼羅河 Nile River,4,地理,亞洲
這個海是世界上最大的內陸海，位於歐洲和亞洲之間，以其高鹽度聞名。請問這個海是？,裏海 Caspian Sea,5,地理,亞洲
這個湖泊位於俄羅斯西伯利亞南部，是世界上最深、儲水量最大的淡水湖。請問這個湖泊是？,貝加爾湖 Lake Baikal,5.2,地理,亞洲
這個位於非洲東部的高原，地勢高聳，有「非洲屋脊」之稱，是多條重要河流的發源地。請問這個高原是？,埃塞俄比亞高原 Ethiopian Highlands,5.8,地理,亞洲
它是香港主要的鐵路運輸系統，網絡覆蓋香港大部分地區包括過海路線和機場快綫，其英文縮寫為 MTR，請問這個鐵路系統的營運公司全名是？,香港鐵路有限公司 MTR Corporation Limited,1.2,地理,交通
它是香港最早投入服務的機動公共交通工具，連接中環花園道和太平山頂，是一種登山纜索鐵路系統，請問這個深受遊客歡迎的交通工具是？,山頂纜車 Peak Tram,1.8,地理,交通
它是香港歷史悠久的渡海交通工具，主要來往香港島的中環、灣仔與九龍的尖沙咀，綠白相間的船身是其標誌，請問這個被譽為遊覽維港最佳方式之一的渡輪服務是？,天星小輪 Star Ferry,2,地理,交通
這是香港島獨特的交通工具，自1904年起營運，是全球現存唯一全數採用雙層電車的電車系統，因其發出的「叮叮」聲而被暱稱為「叮叮車」。請問這種交通工具是？,電車 Tram,2.5,地理,交通
它是香港的前民用國際機場，位於九龍城區以其建於市區、飛機升降時需急轉彎（俗稱「啟德彎」）而聞名，於1998年被赤鱲角的香港國際機場取代，請問這個充滿傳奇色彩的舊機場是？,啟德機場 Kai Tak Airport,2.8,地理,交通
這條香港地鐵線路以綠色為代表色，連接調景嶺站和黃埔站。請問這是港鐵的哪一條路線？,觀塘綫,3,地理,交通
這是香港海洋公園內的交通工具，連接山下樂園和山上高峰樂園，乘客可以沿途欣賞南區景色。請問這個交通工具是？,海洋公園纜車 Ocean Park Cable Car,3.2,地理,交通
這是香港國際機場在國際航空運輸協會（IATA）的三字母代碼。請問這個代碼是？,HKG,3.8,地理,交通
在香港，的士按營運地區分為三種顏色，市區的士是紅色，新界的士是綠色。請問大嶼山的士是什麼顏色？,藍色 Blue,4,地理,交通
這座大橋是連接香港大嶼山和青衣島的重要橋樑，是全球最長的行車鐵路雙用懸索吊橋。請問這座大橋是？,青馬大橋 Tsing Ma Bridge,4,地理,交通
這個位於南太平洋的島國，以其獨特的毛利文化和壯麗的自然風光聞名，首都是威靈頓。請問這個國家是？,新西蘭 New Zealand,4.2,地理,其他地區
這個國家位於南美洲，國土狹長，西臨太平洋，東靠安第斯山脈，首都是聖地亞哥。請問這個國家是？,智利 Chile,4.5,地理,其他地區
這條山脈是世界陸地上最長的山脈，縱貫南美洲西部。請問這條山脈是？,安第斯山脈 Andes Mountains,4.8,地理,其他地區
這個運河位於中美洲，連接大西洋和太平洋，是世界重要的航運要道。請問這個運河是？,巴拿馬運河 Panama Canal,4.8,地理,其他地區
這個位於澳大利亞中部的大型砂岩岩層，是澳大利亞的象徵之一，對當地原住民具有重要的文化意義。請問這個岩層是？,烏魯汝 / 艾爾斯岩 Uluru / Ayers Rock,5,地理,其他地區
這個位於非洲中部的盆地，是世界第二大熱帶雨林的所在地，生物多樣性極其豐富。請問這個盆地是？,剛果盆地 Congo Basin,5.5,地理,其他地區
這個位於南美洲的瀑布是世界上最高的瀑布，落差達979米。請問這個瀑布是？,安赫爾瀑布 Angel Falls,5.5,地理,其他地區
這個海峽連接大西洋和地中海，位於西班牙和摩洛哥之間，具有重要的戰略地位。請問這個海峽是？,直布羅陀海峽 Strait of Gibraltar,5,地理,地圖
這座山脈橫跨歐亞兩洲，是歐洲和亞洲的傳統分界線之一。請問這座山脈是？,烏拉爾山脈 Ural Mountains,5.5,地理,地圖
這個海峽位於歐亞大陸之間，連接黑海和馬爾馬拉海，是伊斯坦堡的重要水道。請問這個海峽是？,博斯普魯斯海峽 Bosphorus Strait,5.8,地理,地圖
這個海角位於非洲大陸的最南端，是大西洋和印度洋的分界點。請問這個海角是？,厄加勒斯角 Cape Agulhas,6.2,地理,地圖
這是一種創造陸地的方法，通過將泥土、岩石或廢料倒入水體中實現，香港歷史上許多地區如中環、灣仔、啟德等都通過此方式形成，請問這種工程方式稱為什麼？,填海 Reclamation,4,地理,地理（其他）
這條河流是中國的第二長河，被譽為中華文明的「母親河」，以其泥沙含量高而聞名。請問這條河流是？,黃河,4,地理,大中華地區
這是日本的首都及最大城市，也是世界級的大都會，以其繁華的商業區、先進的科技和豐富的文化聞名。請問這個城市是？,東京 Tokyo,2.2,地理,日本
這個國家是世界上最大的島國，橫跨亞洲和大洋洲，由數千個火山島組成，首都是雅加達。請問這個國家是？,印尼 Indonesia,4.2,地理,東南亞
這條河流是歐洲第二長河，流經多個國家，被譽為「歐洲的動脈」，最終注入黑海。請問這條河流是？,多瑙河 Danube River,4.8,地理,歐洲
這個位於意大利的古城，在公元79年因維蘇威火山爆發而被火山灰掩埋，如今成為重要的考古遺址。請問這個古城是？,龐貝 Pompeii,5.2,地理,歐洲
這個著名的旅遊景點位於美國亞利桑那州，由科羅拉多河長年侵蝕而成，以其壯麗的峽谷景觀聞名。請問這個景點是？,大峽谷 Grand Canyon,4,地理,美加
這條河流是北美洲最長的河流系統之一，流經美國中部，最終注入墨西哥灣。請問這條河流是？,密西西比河 Mississippi River,4.5,地理,美加
這是位於香港島和九龍半島之間的海港，是香港的象徵之一，以其壯麗的夜景聞名於世。請問這個海港是？,維多利亞港 Victoria Harbour,1.5,地理,香港
這條街道是九龍半島的主要幹道，南起尖沙咀梳士巴利道，北至長沙灣道與界限街交界，沿途有許多著名地標和商店。請問這條街道是？,彌敦道 Nathan Road,2,地理,香港
這是香港一個非常熱鬧的購物區，以其密集的商店、食肆和街頭表演聞名，其中的通菜街俗稱「女人街」。請問這個地區是？,旺角 Mong Kok,2,地理,香港
它是香港九龍西北部一個舊區，以其密集的住宅、傳統街舖、電子產品市場（鴨寮街）和布藝市場（基隆街）聞名，區內有不少平民美食，請問這個充滿地道色彩和活力的地區是？,深水埗 Sham Shui Po,2.2,地理,香港
這個位於香港南區的主題公園，以海洋生物展覽和機動遊戲聞名，園內曾飼養多隻大熊貓。請問這個主題公園是？,香港海洋公園 Ocean Park Hong Kong,2.2,地理,香港
它是香港一個法定古蹟，位於九龍尖沙咀海旁是舊九廣鐵路總站的一部分，以紅磚和花崗岩建造高44米，請問這座具標誌性的歷史建築是？,前九廣鐵路鐘樓 / 尖沙咀鐘樓 Clock Tower,2.5,地理,香港
這個賽馬場地是香港兩個賽馬場之一，位於新界沙田區，由香港賽馬會營運。請問這個馬場是？,沙田馬場 Sha Tin Racecourse,2.5,地理,香港
它是香港中環區一個著名的娛樂場所聚集地，以酒吧、餐廳和夜店林立而聞名，是遊客和本地人夜生活的主要去處之一，請問這個位於中環德己立街與雲咸街之間的小街區是？,蘭桂坊 Lan Kwai Fong,2.5,地理,香港
這個公園位於香港九龍半島的中心地帶，是市區內一片廣闊的綠地，設有游泳池、體育館和鳥湖等設施。請問這個公園是？,九龍公園 Kowloon Park,2.8,地理,香港
這是香港島最高的山峰，海拔552米，是俯瞰維多利亞港景色的熱門地點。請問這座山峰是？,太平山 Victoria Peak / The Peak,2.8,地理,香港
這個位於香港九龍黃大仙區的著名廟宇，供奉道教神明黃大仙，以「有求必應」聞名，香火鼎盛。請問這個廟宇是？,黃大仙祠 Wong Tai Sin Temple,2.8,地理,香港
這座摩天大樓是香港的地標建築之一，位於中環海濱，是國際金融中心的組成部分。請問這座建築的英文縮寫是？,IFC (International Finance Centre),3,地理,香港
這條海濱長廊位於香港九龍尖沙咀，是欣賞維多利亞港景色的熱門地點，設有香港星光大道。請問這條長廊是？,尖沙咀海濱花園 Tsim Sha Tsui Promenade,3,地理,香港
這是香港旺角一段街道的俗稱，以售賣各種觀賞魚和水族用品的店舖集中而聞名，實際街道名稱是通菜街北段，請問這段街道的俗稱是？,金魚街 Goldfish Street,3,地理,香港
這個離島是香港著名的旅遊勝地，以其海鮮、沙灘和傳統節慶（如太平清醮）聞名。請問這個離島是？,長洲 Cheung Chau,3,地理,香港
這個位於香港新界西北部的地區，靠近深圳灣，是香港重要的濕地保育區之一。請問這個地區是？,元朗 Yuen Long,3.2,地理,香港
這座大型戶外青銅坐佛像位於香港大嶼山寶蓮禪寺前，是香港著名的旅遊景點。請問這座佛像是？,天壇大佛 Tian Tan Buddha,3.2,地理,香港
這個位於香港九龍油尖旺區的夜市，以其琳瑯滿目的商品、街頭小吃和算命攤檔聞名。請問這個夜市是？,廟街 Temple Street Night Market,3.2,地理,香港
這個博物館位於香港尖沙咀，致力於收藏、研究和展示香港的歷史和文化遺產。請問這個博物館是？,香港歷史博物館 Hong Kong Museum of History,3.2,地理,香港
它是香港境內的第三大島嶼，以其悠閒氛圍、海鮮餐廳和行山徑而聞名，島上有榕樹灣和索罟灣兩個主要村落，請問這個位於香港島西南面的離島是？,南丫島 Lamma Island,3.5,地理,香港
它是香港一個活化歷史建築群，位於中環荷李活道，前身是中區警署、中央裁判司署和域多利監獄，請問這個集古蹟、藝術和消閒於一身的場所現稱什麼？,大館 Tai Kwun,3.5,地理,香港
這個位於香港島南區的海灣，以其優美的沙灘和高檔住宅區聞名，英文名為 Repulse Bay。請問這個海灣是？,淺水灣 Repulse Bay,3.5,地理,香港
這是香港特別行政區立法機關的所在地，位於中環添馬艦。請問這座建築是？,立法會綜合大樓 Legislative Council Complex,3.5,地理,香港
這是香港一個大型的綜合文化藝術發展區，位於九龍西部的填海區，區內設施包括M+博物館、香港故宮文化博物館、戲曲中心等，請問這個文化樞紐的名稱是？,西九文化區 West Kowloon Cultural District,3.5,地理,香港
這個觀景摩天輪位於香港中環海濱，高60米，乘客可以從高空俯瞰維多利亞港的景色。請問這個摩天輪是？,香港摩天輪 Hong Kong Observation Wheel,3.5,地理,香港
這個位於香港大嶼山的漁村，以其獨特的水上棚屋景觀和海鮮市場聞名。請問這個漁村是？,大澳 Tai O,3.8,地理,香港
這個位於香港新界天水圍的生態公園，旨在展示濕地生態系統的多樣性和重要性，是雀鳥和其他野生動物的棲息地。請問這個公園是？,香港濕地公園 Hong Kong Wetland Park,3.8,地理,香港
它是香港一條著名的長途遠足徑，全長約100公里共分十段，以第25任香港總督的名字命名，請問這條橫跨新界東西的遠足徑是？,麥理浩徑 MacLehose Trail,3.8,地理,香港
它是香港島東南面一個著名的行山徑段落，屬於港島徑第八段，以其沿山脊行走、可飽覽石澳、大浪灣及南海景色而聞名曾被選為亞洲最佳市區遠足徑，請問這段位於石澳的熱門行山徑是？,龍脊 Dragon's Back,3.8,地理,香港
它是香港尖沙咀一座著名的混合用途建築物，以其內有大量廉價旅館、商店、食肆以及聚集來自世界各地（尤其南亞裔）人士而聞名，曾被《時代》雜誌稱為「亞洲最能體現全球一體化的例子」，請問這座充滿多元文化色彩的大廈是？,重慶大廈 Chungking Mansions,4,地理,香港
這是香港司法機構處理較嚴重刑事及民事案件的主要法院，其大樓位於金鐘。請問這個法院是？,高等法院 High Court,4.2,地理,香港
這個位於香港九龍城區的地方，在清拆前曾是「三不管」地帶，以其密集的建築和獨特的社區生態聞名。請問這個地方是？,九龍寨城 Kowloon Walled City,4.5,地理,香港
這個位於香港新界的自然保護區，擁有大片的紅樹林和泥灘，是遷徙鳥類重要的中途站和棲息地。請問這個保護區是？,米埔自然保護區 Mai Po Nature Reserve,4.5,地理,香港
這個水庫是香港儲水量最大的水庫，位於新界大埔區，其主壩更是熱門的郊遊地點。請問這個水庫是？,萬宜水庫 High Island Reservoir,4.5,地理,香港
這座位於香港島南區的水塘，是香港最早興建的水塘之一，以其維多利亞式的建築風格聞名。請問這個水塘是？,大潭水塘 Tai Tam Reservoir,4.8,地理,香港
這是香港新界西部一個地方的俗稱，因其山上有經風化侵蝕而成的峽谷地貌狀似美國大峽谷而聞名，實際地點位於屯門的良田坳，請問這個有「港版大峽谷」之稱的地方俗稱是什麼？,菠蘿山 Por Lo Shan,4.8,地理,香港
這個地質公園位於香港新界東部，以其獨特的地質地貌聞名，包括六角形岩柱和海蝕洞等。請問這個地質公園是？,香港聯合國教科文組織世界地質公園 Hong Kong UNESCO Global Geopark,4.8,地理,香港
這個位於香港新界西部的山峰，是香港第二高峰，以其壯麗的日落景色聞名。請問這座山峰是？,鳳凰山 Lantau Peak,5,地理,香港
這個群島位於香港東南部水域，由多個島嶼組成，以其獨特的地質景觀聞名，是香港地質公園的一部分。請問這個群島是？,果洲群島 Ninepin Group,6.2,地理,香港
這個韓國男子音樂組合在全球範圍內享有極高人氣，以其充滿活力的音樂和舞台表演著稱，粉絲名為「ARMY」。請問這個組合是？,防彈少年團 BTS,3.5,娛樂,其他流行音樂
這個韓國女子音樂組合以其獨特的音樂風格和強烈的舞台魅力在全球走紅，代表作有《DDU-DU DDU-DU》、《Kill This Love》等。請問這個組合是？,BLACKPINK,3.8,娛樂,其他流行音樂
這位美國歌手被譽為「流行音樂之王」，以其獨特的舞步、音樂錄影帶和慈善事業聞名於世。請問這位歌手是？,米高·積遜 Michael Jackson,3.8,娛樂,其他流行音樂
這位美國女歌手以其鄉村音樂出身，後轉型流行音樂，創作才華備受肯定，擁有多首暢銷單曲。請問這位歌手是？,Taylor Swift / Taylor Swift,3.8,娛樂,其他流行音樂
這位加拿大男歌手年少成名，以其流行音樂和R&B風格風靡全球，代表作有《Baby》、《Sorry》。請問這位歌手是？,Justin Bieber / Justin Bieber,4,娛樂,其他流行音樂
這位美國女歌手以其強勁的嗓音和多變的音樂風格聞名，被譽為「流行天后」，代表作有《Crazy in Love》、《Single Ladies》。請問這位歌手是？,Beyoncé / Beyoncé Knowles-Carter,4.2,娛樂,其他流行音樂
這個美國頒獎典禮被譽為「音樂界的奧斯卡」，旨在表彰音樂產業的傑出成就。請問這個頒獎典禮是？,格林美獎 Grammy Awards,4.5,娛樂,其他流行音樂
這位美國歌手被譽為「搖滾樂之王」，以其獨特的音樂風格和舞台魅力風靡全球，英文名為 Elvis Presley。請問這位歌手是？,貓王 Presley,4.5,娛樂,其他流行音樂
這位美國流行女歌手被譽為「流行女皇」，以其不斷變化的形象和音樂風格引領潮流數十年。請問這位歌手是？,麥當娜 Madonna,4.5,娛樂,其他流行音樂
這位英國男歌手是前披頭四樂隊的成員，也是一位成功的獨立音樂人，代表作有《Imagine》。請問這位歌手是？,John Lennon / John Lennon,4.8,娛樂,其他流行音樂
這位美國女歌手以其強大的嗓音和跨越數個年代的輝煌事業聞名，代表作有《I Will Always Love You》。請問這位已故歌手是？,Whitney Houston,4.8,娛樂,其他流行音樂
這位英國搖滾樂隊 Queen 的已故主音歌手，以其寬廣的音域和華麗的舞台風格聞名。請問這位歌手是？,Freddie Mercury,5.2,娛樂,其他流行音樂
這位美國創作歌手以其詩意的歌詞和獨特的嗓音聞名，是1960年代民謠復興的重要人物，並獲得諾貝爾文學獎。請問這位歌手是？,Bob Dylan / Bob Dylan,6,娛樂,其他流行音樂
這部日本動畫電影系列的主角是一隻來自未來的藍色機械貓，牠擁有一個可以拿出各種神奇道具的四次元口袋。請問這個系列是？,多啦A夢 Doraemon,2.5,娛樂,動漫畫
這是一部著名的香港漫畫作品，主角是一位頭戴瓜皮帽、身穿長衫馬褂的老者，其作者是王家禧（以其長子王澤之名發表），請問這部以幽默諷刺見稱的長壽漫畫是？,老夫子 Old Master Q,2.8,娛樂,動漫畫
這部由宮崎駿執導的動畫電影，講述兩姐妹搬到鄉下，遇見了毛茸茸的森林守護者。請問這部電影是？,龍貓 My Neighbor Totoro,3,娛樂,動漫畫
這部日本漫畫由鳥山明創作，講述了孫悟空和夥伴們尋找七顆龍珠的冒險故事，後來發展出多部續集和動畫。請問這部漫畫是？,龍珠 Dragon Ball,3,娛樂,動漫畫
這部由宮崎駿執導的動畫電影，講述一個小女孩誤入神靈世界，為了拯救父母而展開冒險的故事。請問這部電影是？,千與千尋 Spirited Away,3.2,娛樂,動漫畫
這位日本動畫導演以其充滿想像力和人文關懷的作品聞名於世，代表作包括《千與千尋》、《龍貓》、《風之谷》等。請問這位導演是？,宮崎駿 Hayao Miyazaki,3.2,娛樂,動漫畫
這部日本漫畫由青山剛昌創作，主角是一位身體變小的天才偵探，化名江戶川柯南解決案件。請問這部漫畫是？,名偵探柯南 Detective Conan / Case Closed,3.2,娛樂,動漫畫
這部日本漫畫由尾田榮一郎創作，講述主角路飛立志成為海賊王，與夥伴們展開冒險的故事。請問這部漫畫是？,ONE PIECE / 海賊王,3.5,娛樂,動漫畫
這部日本漫畫由岸本齊史創作，講述了漩渦鳴人為了成為最強忍者「火影」而努力奮鬥的故事。請問這部漫畫是？,火影忍者 Naruto,3.8,娛樂,動漫畫
這部由華納兄弟出品的動畫系列，以其幽默誇張的風格和經典角色如賓尼兔、達菲鴨聞名。請問這個動畫系列是？,樂一通 Looney Tunes,4.5,娛樂,動漫畫
這部日本動畫由諫山創的同名漫畫改編，描寫人類對抗巨大食人生物「巨人」的殘酷戰爭。請問這部動畫是？,進擊的巨人 Attack on Titan,4.5,娛樂,動漫畫
這位香港著名漫畫家，以其武俠漫畫《風雲》和《中華英雄》聞名。請問這位漫畫家是？,馬榮成,5.5,娛樂,動漫畫
這部日本動畫系列由GAINAX製作，以其深刻的哲學探討、複雜的角色關係和獨特的視覺風格成為經典。請問這部動畫是？,新世紀福音戰士 Neon Genesis Evangelion,6.2,娛樂,動漫畫
它是香港一個大型的主題公園，位於香港島南區黃竹坑，以海洋生物展覽、機動遊戲和登山纜車聞名，請問這個集娛樂、教育和保育於一身的公園是？,海洋公園 Ocean Park,1.2,娛樂,娛樂（其他）
這是香港賽馬會主辦的一種合法彩票，每周攪珠數次從指定數目的號碼中選出中獎號碼，部分收益會撥作慈善用途，請問這個獎券遊戲的名稱是？,六合彩 Mark Six,1.8,娛樂,娛樂（其他）
它是一個電視台的吉祥物，外形像一個長有天線的電視機身體主要是藍色和白色，代表香港的無綫電視 (TVB)，請問這個吉祥物的名稱是？,TVBuddy,3.5,娛樂,娛樂（其他）
這種大型戶外音樂活動通常持續數天，邀請多組樂隊和歌手表演，吸引大量樂迷參與。請問這種活動是？,音樂節 Music Festival,4,娛樂,娛樂（其他）
這種表演藝術形式結合了歌唱、對白和舞蹈，通常有連貫的故事情節，百老匯是其重要發展地。請問這種表演藝術是？,音樂劇 Musical Theatre,4.5,娛樂,娛樂（其他）
這種在冰上進行的表演藝術，結合了滑冰技巧、舞蹈和音樂。請問這種表演是？,花式溜冰 Figure Skating (can be considered entertainment performance),4.8,娛樂,娛樂（其他）
這種起源於意大利的戲劇形式，結合了音樂、歌唱、戲劇和舞蹈，通常在歌劇院演出。請問這種表演藝術是？,歌劇 Opera,5.5,娛樂,娛樂（其他）
這種巡迴表演團體以其結合了雜技、戲劇、音樂和奇幻視覺效果的表演聞名全球。請問這個來自加拿大的著名表演團體是？,太陽劇團 / 太陽馬戲 Cirque du Soleil,5.8,娛樂,娛樂（其他）
這個地點既是香港著名的主題公園，也是一款模擬經營類遊戲的常見主題。請問這個地點/主題是？,海洋公園 Ocean Park / 主題公園 Theme Park,4,娛樂,娛樂Crossover
這個經典街機遊戲角色是一隻黃色的小精靈，它也曾出現在一部以遊戲角色入侵現實世界為題材的美國電影中。請問這個角色是？,食鬼 Pac-Man,4.5,娛樂,娛樂Crossover
這部由喬治·R·R·馬丁創作的史詩奇幻小說系列，被改編成熱門電視劇《權力遊戲》。請問這個小說系列是？,冰與火之歌 A Song of Ice and Fire,5.5,娛樂,娛樂Crossover
他們是近年在香港極具人氣的男子演唱組合，成員透過ViuTV選秀節目《全民造星》出道，成員包括姜濤、盧瀚霆(Anson Lo)、呂爵安(Edan)等十二人，請問這個掀起追星熱潮的組合是？,Mirror,1.5,娛樂,廣東流行音樂
它是一種以特定漢語方言演唱的流行音樂，在香港、澳門及廣東地區極為流行，代表歌手包括許冠傑、張學友、陳奕迅等，請問這種流行音樂類型通常稱為什麼？,廣東歌 / 粵語流行曲 Cantopop,1.5,娛樂,廣東流行音樂
他們是香港殿堂級的搖滾樂隊，早期成員包括黃家駒、黃貫中、黃家強和葉世榮，代表作有《海闊天空》、《光輝歲月》、《真的愛你》等，請問這隊對華語樂壇影響深遠的樂隊是？,Beyond,1.8,娛樂,廣東流行音樂
他是香港一位著名填詞人，作品風格多變，與林夕並稱香港詞壇「兩個偉文」，代表作包括《浮誇》、《囍帖街》、《羅生門》等，請問這位詞人是誰？,黃偉文 Wyman Wong,2.5,娛樂,廣東流行音樂
這位香港男歌手被譽為「歌神」，以其深情的演繹和廣泛的音樂風格深受歌迷喜愛，代表作有《浮誇》、《明年今日》等。請問這位歌手是？,陳奕迅 Eason Chan,2.8,娛樂,廣東流行音樂
這位香港男歌手是男子組合 MIRROR 的人氣成員，影視歌三棲發展，粉絲名稱為「姜糖」。請問這位成員是？,姜濤 Keung To,3,娛樂,廣東流行音樂
這位香港女歌手是女子組合 Twins 的成員之一，近年亦活躍於影視圈。請問這位藝人是？,蔡卓妍 Charlene Choi (阿Sa),3.2,娛樂,廣東流行音樂
這位香港女歌手被譽為「百變天后」，以其前衛的形象和音樂風格影響深遠，於2003年逝世。請問這位歌手是？,梅艷芳 Anita Mui,3.5,娛樂,廣東流行音樂
這位香港男歌手是男子組合 MIRROR 的成員，以其唱功和可愛形象深受歡迎，粉絲名稱為「神徒」。請問這位成員是？,盧瀚霆 Anson Lo,3.5,娛樂,廣東流行音樂
這位香港男歌手以其獨特的唱腔和音樂才華備受矚目，代表作有《下一位前度》、《一人之境》等。請問這位歌手是？,林家謙 Terence Lam,3.8,娛樂,廣東流行音樂
這個在香港舉辦的年度音樂頒獎典禮，由商業電台主辦，被視為本地樂壇的重要指標之一。請問這個頒獎典禮是？,叱咤樂壇流行榜頒獎典禮 Ultimate Song Chart Awards Presentation,4,娛樂,廣東流行音樂
這位香港女歌手以其獨特的唱腔和型格形象走紅，代表作有《女神》、《狂人日記》等。請問這位歌手是？,鄭欣宜 Joyce Cheng,4,娛樂,廣東流行音樂
這位香港女歌手被譽為「樂壇天后」，以其穩定的唱功和多變的形象深受喜愛，代表作有《終身美麗》、《信者得愛》。請問這位歌手是？,鄭秀文 Sammi Cheng,4.2,娛樂,廣東流行音樂
這位香港填詞人以其細膩、富哲理的歌詞深受喜愛，作品涵蓋愛情、社會、人生等多個主題，被譽為「詞神」。請問這位填詞人是？,林夕,4.5,娛樂,廣東流行音樂
這位香港男歌手是男子組合 MIRROR 的成員，以其精湛舞技見稱，常被稱為「大表哥」。請問這位成員是？,邱士縉 Stanley Yau,5,娛樂,廣東流行音樂
它是香港首間免費無線電視台，總部位於將軍澳工業邨，其標誌包含紅、綠、藍三色，請問這間簡稱為TVB的電視台全名是？,電視廣播有限公司 Television Broadcasts Limited,1.5,娛樂,映視劇集
這檔在香港TVB播出的長壽綜藝節目，以遊戲環節和模仿秀為主要內容，由曾志偉等人主持。請問這個節目系列是？,獎門人系列 (Super Trio Series),3,娛樂,映視劇集
這部香港TVB處境喜劇系列，圍繞熊家人的生活展開，播出多年深受觀眾喜愛。請問這個劇集系列是？,愛·回家之開心速遞 Lo and Behold,3.5,娛樂,映視劇集
這部在 Netflix 上大熱的韓國劇集，講述一群人參加致命的兒童遊戲以贏取巨額獎金。請問這部劇集是？,魷魚遊戲 Squid Game,3.8,娛樂,映視劇集
這部美國情景喜劇講述了六位好友在紐約的生活故事，播出十年深受全球觀眾喜愛。請問這部劇集是？,老友記 Friends,4,娛樂,映視劇集
這個香港電視台的選秀節目旨在發掘新一代歌手，第一季於2021年播出，捧紅了炎明熹、姚焯菲等年輕歌手。請問這個節目是？,聲夢傳奇 Stars Academy,4.2,娛樂,映視劇集
這部1992年播出的香港電視劇，以香港股票市場為背景，講述兩大家族的恩怨情仇，由鄭少秋、劉青雲、藍潔瑛等主演，被譽為經典港劇。請問這部電視劇是？,大時代,4.8,娛樂,映視劇集
這部英國電視劇由BBC製作，改編自柯南·道爾的經典偵探小說，由班尼迪·甘巴貝治主演。請問這部劇集是？,新福爾摩斯 Sherlock,4.8,娛樂,映視劇集
這部美國動畫情景喜劇以其辛辣的社會諷刺和對流行文化的戲仿而聞名，主角是辛普森一家。請問這部劇集是？,阿森一族 / 辛普森家庭 The Simpsons,4.8,娛樂,映視劇集
這部改編自喬治·R·R·馬丁小說的美國奇幻電視劇，以其龐大的世界觀、複雜的人物關係和權力鬥爭風靡全球。請問這部劇集是？,權力遊戲 Game of Thrones,5,娛樂,映視劇集
這部由無綫電視製作的古裝宮鬥劇，由佘詩曼、鄧萃雯等主演，以其精彩的權鬥情節成為經典。請問這部劇集是？,金枝慾孽 War and Beauty,5.2,娛樂,映視劇集
這部美國電視劇講述了一位高中化學老師在得知自己患癌後，為了家人而開始製造和販賣冰毒的故事。請問這部劇集是？,絕命毒師 Breaking Bad,5.8,娛樂,映視劇集
這部英國科幻電視劇講述了一位名為「博士」的時間領主乘坐TARDIS穿越時空冒險的故事，自1963年首播以來經久不衰。請問這部劇集是？,異世奇人 / 神秘博士 Doctor Who,6,娛樂,映視劇集
這種在香港舊式遊樂場常見的兒童遊戲，玩家需要按地上的格子跳躍前進。請問這種遊戲是？,跳飛機 Hopscotch,3,娛樂,遊戲（其他）
這種猜謎遊戲通常是一個人用肢體語言或繪畫來表達一個詞語或短語，讓其他人猜。請問這種遊戲是？,猜謎語 / 大電視 Charades / Pictionary,3.2,娛樂,遊戲（其他）
這種傳統的紙牌遊戲，目標是通過抽牌和棄牌，組成特定的牌型（如順子、刻子）以胡牌。請問這種遊戲是？,麻雀 Mahjong,3.5,娛樂,遊戲（其他）
這是國際象棋中最強大的棋子，可以橫、直、斜向移動任意格數，英文稱為 Queen。請問這個棋子是？,王后 / 皇后 Queen,4,娛樂,遊戲（其他）
這種棋類遊戲在8x8的棋盤上進行，雙方各有16隻棋子，目標是將死對方的王。請問這種遊戲是？,國際象棋 / 西洋棋 Chess,4,娛樂,遊戲（其他）
這種策略遊戲通常涉及玩家抽取卡牌，利用卡牌的效果來攻擊對手或達成目標。請問這種遊戲類型是？,卡牌遊戲 / 集換式卡牌遊戲 Card Game / Trading Card Game (TCG),4.2,娛樂,遊戲（其他）
這種集換式卡牌遊戲基於同名日本動漫系列，玩家扮演決鬥者，使用怪獸卡、魔法卡和陷阱卡進行對戰。請問這款遊戲是？,遊戲王 Yu-Gi-Oh! Trading Card Game,4.5,娛樂,遊戲（其他）
這種桌面遊戲通常涉及玩家扮演不同角色，根據劇本和線索推理出兇手或完成特定任務。請問這種遊戲是？,劇本殺 / LARP (Live Action Role Playing),4.8,娛樂,遊戲（其他）
這款集換式卡牌遊戲由威世智公司發行，玩家扮演鵬洛客，使用魔法和生物進行對戰。請問這款遊戲是？,魔法風雲會 Magic: The Gathering,6,娛樂,遊戲（其他）
這款由任天堂開發的平台遊戲系列，主角是一位戴著紅色帽子的水管工，為了拯救碧姬公主而冒險。請問這個遊戲系列是？,超級瑪利歐 Super Mario,2.8,娛樂,遊戲（電子）
這款由任天堂開發的賽車遊戲系列，玩家可以操控馬里奧系列的角色，使用各種道具互相攻擊。請問這個遊戲系列是？,瑪利歐賽車 Mario Kart,3,娛樂,遊戲（電子）
這款由 Mojang Studios 開發的沙盒遊戲，玩家可以在一個由方塊構成的世界中自由探索和創造。請問這款遊戲是？,Minecraft / 我的世界,3.2,娛樂,遊戲（電子）
這款經典的街機遊戲，玩家需要操控一個黃色圓形角色，在迷宮中吃掉所有豆子，同時躲避鬼魂。請問這款遊戲是？,食鬼 / 小精靈 Pac-Man,3.2,娛樂,遊戲（電子）
這款任天堂推出的家用遊戲機，以其創新的體感操控手柄 Wii Remote 聞名，在全球掀起熱潮。請問這款遊戲機是？,Wii,3.5,娛樂,遊戲（電子）
這是一款經典的方塊消除益智遊戲，由蘇聯設計師阿列克謝·帕基特諾夫於1984年發明。請問這款遊戲是？,俄羅斯方塊 Tetris,3.5,娛樂,遊戲（電子）
這款由任天堂開發的角色扮演遊戲系列，玩家扮演訓練師捕捉、培養名為「寶可夢」的生物，並挑戰道館館主。請問這個遊戲系列是？,寶可夢 / 精靈寶可夢 Pokémon (Game series),3.5,娛樂,遊戲（電子）
這款手機遊戲由 Niantic 開發，結合了擴增實境（AR）技術，讓玩家在現實世界中捕捉虛擬的寶可夢。請問這款遊戲是？,Pokémon GO,3.8,娛樂,遊戲（電子）
這款模擬市民生活的遊戲系列由 Maxis 開發，玩家可以創建虛擬人物，控制他們的生活、事業和人際關係。請問這個遊戲系列是？,模擬市民 The Sims,3.8,娛樂,遊戲（電子）
這款經典的街機格鬥遊戲由 Capcom 開發，玩家可以選擇不同的角色進行對戰，其中波動拳和昇龍拳是標誌性招式。請問這款遊戲是？,街頭霸王 Street Fighter,4,娛樂,遊戲（電子）
這款由 Rockstar Games 開發的開放世界動作冒險遊戲系列，以其自由度和描寫犯罪世界而聞名。請問這個遊戲系列是？,俠盜獵車手 Grand Theft Auto (GTA),4.2,娛樂,遊戲（電子）
這款開放世界動作冒險遊戲由 Rockstar Games 開發，玩家扮演牛仔亞瑟·摩根在美國西部拓荒時代末期掙扎求存。請問這款遊戲是？,碧血狂殺2 / 荒野大鏢客2 Red Dead Redemption 2,5.2,娛樂,遊戲（電子）
這款由 Valve 開發的第一人稱射擊遊戲系列，以其劇情、物理效果和創新的重力槍玩法而聞名。請問這個遊戲系列是？,戰慄時空 Half-Life,6,娛樂,遊戲（電子）
這款由 CD Projekt Red 開發的角色扮演遊戲，改編自波蘭奇幻小說，玩家扮演狩魔獵人利維亞的傑洛特。請問這個遊戲系列是？,巫師 The Witcher,6,娛樂,遊戲（電子）
這款動作角色扮演遊戲由 FromSoftware 開發，以其高難度、黑暗奇幻風格和碎片化敘事聞名。請問這個遊戲系列是？,黑暗靈魂 Dark Souls / 魂系列 Souls Series,6.5,娛樂,遊戲（電子）
這部獲得奧斯卡最佳動畫長片的日本動畫電影，由宮崎駿執導，展現了奇幻的湯屋世界。請問這部電影是？,千與千尋 Spirited Away,3.2,娛樂,電影（其他）
這部日本動畫電影由新海誠執導，講述了兩位生活在不同時空的少年少女交換身體的故事。請問這部電影是？,你的名字。 Your Name.,4.2,娛樂,電影（其他）
這部法國電影講述了一位熱愛美食的老鼠幫助一位廚房清潔工成為巴黎頂級餐廳主廚的故事。請問這部彼思動畫電影是？,五星級大鼠 / 料理鼠王 Ratatouille,4.5,娛樂,電影（其他）
這部印度電影由阿米爾·罕主演，講述一位父親訓練女兒成為摔跤冠軍的故事。請問這部電影是？,打死不離3父女 / 我和我的冠軍女兒 Dangal,4.8,娛樂,電影（其他）
這部榮獲奧斯卡最佳影片的韓國電影，由奉俊昊執導，講述一個貧困家庭寄生在上流家庭的故事。請問這部電影是？,上流寄生族 Parasite,5,娛樂,電影（其他）
這部泰國電影講述了一位天才高中生利用時差在國際考試中作弊的故事。請問這部電影是？,出貓特攻隊 / 模犯生 Bad Genius,5.2,娛樂,電影（其他）
這部意大利電影由羅貝托·貝尼尼自編自導自演，講述了二戰時期一位猶太父親用遊戲保護兒子心靈的故事。請問這部電影是？,一個快樂的傳說 / 美麗人生 Life Is Beautiful,5.5,娛樂,電影（其他）
這部由彼思動畫製作室製作的動畫電影系列，講述了玩具們在主人不在時的冒險故事。請問這個電影系列是？,反斗奇兵 Toy Story,3,娛樂,電影（美國）
這部由迪士尼製作的動畫電影，改編自安徒生童話，講述兩位公主姐妹的冒險故事，主題曲《Let It Go》風靡全球。請問這部電影是？,魔雪奇緣 Frozen,3.5,娛樂,電影（美國）
這部由漫威影業出品的超級英雄電影系列，集結了鋼鐵人、美國隊長、雷神等英雄對抗強敵。請問這個電影系列是？,復仇者聯盟 The Avengers,3.5,娛樂,電影（美國）
這部美國科幻電影系列由喬治·盧卡斯創作，描寫了遙遠銀河系中的正邪大戰，以「原力」概念聞名。請問這個電影系列是？,星球大戰 Star Wars,3.8,娛樂,電影（美國）
這部由詹姆斯·金馬倫執導的科幻電影，以其開創性的3D視覺效果和對潘朵拉星球的描繪轟動一時。請問這部電影是？,阿凡達 Avatar,4,娛樂,電影（美國）
這部由迪士尼與彼思動畫製作的電影，講述了情緒擬人化的角色在一位小女孩腦中互動的故事。請問這部電影是？,玩轉腦朋友 Inside Out,4,娛樂,電影（美國）
這部由史提芬·史匹堡執導的電影，講述了一群孩子幫助一位外星人回家的故事，是影史上的經典之作。請問這部電影是？,E.T.外星人 E.T. the Extra-Terrestrial,4,娛樂,電影（美國）
這部由史提芬·史匹堡執導的科幻冒險電影，講述了科學家利用恐龍基因復活恐龍，並建立主題公園的故事。請問這部電影是？,侏羅紀公園 Jurassic Park,4.2,娛樂,電影（美國）
這部科幻電影系列探討了人類與具有人工智能的機器之間的戰爭，由阿諾·舒華辛力加飾演的機器人角色深入民心。請問這個電影系列是？,未來戰士 / 魔鬼終結者 The Terminator,4.2,娛樂,電影（美國）
這部由基斯杜化·路蘭執導的科幻電影，探討了夢境層次和潛意識竊取，以其複雜的劇情和視覺效果著稱。請問這部電影是？,潛行凶間 / 全面啟動 Inception,4.5,娛樂,電影（美國）
這部由彼得·積遜執導的奇幻電影系列，改編自J.R.R.托爾金的同名小說，描寫了中土世界的史詩冒險。請問這個電影系列是？,魔戒 The Lord of the Rings,4.5,娛樂,電影（美國）
這部由基斯杜化·路蘭執導的超級英雄電影，以其黑暗寫實的風格和希斯·萊傑飾演的小丑而備受讚譽。請問這部電影是？,蝙蝠俠：黑夜之神 The Dark Knight,4.8,娛樂,電影（美國）
這部科幻電影系列由華高斯基姐妹（現為兄弟）執導，探討了現實與虛擬世界的關係，以其慢動作子彈時間效果聞名。請問這個電影系列是？,廿二世紀殺人網絡 / 駭客任務 The Matrix,4.8,娛樂,電影（美國）
他是香港一位極具影響力的喜劇演員和導演，以其「無厘頭」風格聞名，代表作包括《逃學威龍》、《國產凌凌漆》、《少林足球》、《功夫》等，請問這位被尊稱為「星爺」的電影人是誰？,周星馳 Stephen Chow,1.8,娛樂,電影（香港）
這是一位香港國際級電影巨星的暱稱，以飾演《英雄本色》中的Mark哥、《賭神》中的高進等角色深入民心，他的本名是周潤發，請問這個親切的暱稱是？,發哥 Brother Fat,2,娛樂,電影（香港）
他是一位已故的國際功夫巨星，創立了截拳道，主演過《唐山大兄》、《精武門》等電影，請問這位原名李振藩的武打演員是誰？,李小龍 Bruce Lee,2.5,娛樂,電影（香港）
這位香港男演員以其硬朗形象和動作場面聞名，主演過《警察故事》系列、《醉拳》等電影。請問這位演員是？,成龍 Jackie Chan,2.8,娛樂,電影（香港）
這位香港男演員以其精湛的演技和憂鬱的眼神聞名，曾多次獲得香港電影金像獎及台灣金馬獎最佳男主角。請問這位演員是？,梁朝偉 Tony Leung Chiu-wai,3.5,娛樂,電影（香港）
這部由周星馳主演的喜劇電影，講述一位少林功夫傳人將功夫融入足球的故事。請問這部電影是？,少林足球 Shaolin Soccer,3.8,娛樂,電影（香港）
這部由劉偉強、麥兆輝執導的香港警匪片，講述警方臥底與黑幫臥底之間的鬥智鬥勇，由梁朝偉和劉德華主演。請問這部電影是？,無間道 Infernal Affairs,4,娛樂,電影（香港）
這部由周星馳自導自演的香港電影，講述一個想做演員的「死跑龍套」的故事，女主角是張栢芝。請問這部電影是？,喜劇之王,4.2,娛樂,電影（香港）
這部由吳宇森執導的香港警匪片，以其慢動作槍戰、白鴿和兄弟情誼的描寫成為經典。請問這部電影是？,英雄本色,4.5,娛樂,電影（香港）
這位香港女演員是首位獲得柏林影展最佳女演員獎的華人演員，以其內斂深沉的演技著稱。請問這位演員是？,張曼玉 Maggie Cheung,4.8,娛樂,電影（香港）
這部香港電影由許鞍華執導，講述了一位老年女傭與少爺之間的主僕情深故事，由葉德嫻和劉德華主演。請問這部電影是？,桃姐 A Simple Life,5,娛樂,電影（香港）
這位香港導演以其暴力美學和江湖片風格獨樹一幟，代表作有《喋血雙雄》、《辣手神探》等，後進軍荷里活。請問這位導演是？,吳宇森 John Woo,5.2,娛樂,電影（香港）
這部由陳可辛執導的香港電影，講述了兩位好友在改革開放浪潮中創業奮鬥的故事，由黃曉明、鄧超、佟大為主演。請問這部電影是？,中國合伙人 / 海闊天空 American Dreams in China,5.2,娛樂,電影（香港）
這部香港電影是《無間道》系列的前傳，講述了陳永仁和劉健明在警校及成為臥底初期的故事。請問這部電影是？,無間道II Infernal Affairs II,5.2,娛樂,電影（香港）
這部由王家衛執導的香港電影，以1960年代的香港為背景，描寫了周慕雲和蘇麗珍之間含蓄壓抑的情感。請問這部電影是？,花樣年華 In the Mood for Love,5.5,娛樂,電影（香港）
這部由王家衛執導的香港電影，在阿根廷取景，描寫一對同性戀人的愛情故事，由梁朝偉和張國榮主演。請問這部電影是？,春光乍洩,5.8,娛樂,電影（香港）
這位香港女導演以其細膩寫實的風格和對社會議題的關注而聞名，代表作包括《女人四十》、《桃姐》等。請問這位導演是？,許鞍華 Ann Hui,5.8,娛樂,電影（香港）
這部由杜琪峯監製，游乃海執導的香港電影，探討了人性的「七宗罪」與警隊內部的鬥爭。請問這部電影是？,跟蹤 Eye in the Sky,6,娛樂,電影（香港）
這是華人最重要的傳統節日，通常在一月或二月慶祝，習俗包括吃團年飯、派利是、舞龍舞獅等。請問這個節日是？,農曆新年 Lunar New Year / Chinese New Year,1.8,文化,中華文化、風俗
這是中國農曆新年期間，長輩給予晚輩裝有金錢的紅包，寓意祝福和好運。請問這個習俗物品是？,利是 / 紅包,2,文化,中華文化、風俗
這種裝飾品是中秋節的傳統物品，通常用紙或塑膠製成，內有燈泡或蠟燭，夜晚時點亮。請問這種裝飾品是？,燈籠 Lantern,2,文化,中華文化、風俗
這個傳統節日在農曆八月十五日慶祝，是華人重要的節日之一，習俗包括賞月、吃月餅和提燈籠。請問這個節日是？,中秋節 Mid-Autumn Festival,2.5,文化,中華文化、風俗
在農曆新年期間，人們會在家門口貼上紅色的紙條，寫上祝福或對仗的語句。請問這種裝飾品是？,揮春 / 春聯 Fai Chun / Spring Couplets,2.5,文化,中華文化、風俗
在端午節，人們會吃一種用糯米包裹餡料，再用竹葉或蘆葦葉捆綁蒸煮而成的食品。請問這種食品是？,粽子 Zongzi / Rice Dumpling,2.8,文化,中華文化、風俗
在中國傳統習俗中，人們相信在本命年（與自己生肖相同的年份）穿戴紅色的衣物可以辟邪。請問這個習俗與哪種顏色有關？,紅色,3,文化,中華文化、風俗
這是香港傳統的飲食文化之一，人們會聚集在茶樓，一邊品嚐點心，一邊聊天。請問這種文化活動是？,飲茶 Yum Cha,3,文化,中華文化、風俗
在廣東地區的飲茶文化中，這種點心是以米漿蒸製而成，口感滑嫩，可以加入蝦米、叉燒等餡料。請問這種點心是？,腸粉 Cheong Fun / Rice Noodle Roll,3.2,文化,中華文化、風俗
在香港的茶餐廳文化中，客人點餐後，侍應會寫在一張小紙條上，這張紙條通常稱為？,單 / 寫單 / 飛 (Accept reasonable terms),3.5,文化,中華文化、風俗
農曆新年期間，香港的家庭和商舖會擺放一種柑橘類水果，因其名稱與「吉利」諧音而寓意吉祥。請問這種水果是？,桔 / 柑橘 Kumquat / Mandarin Orange,3.5,文化,中華文化、風俗
香港人在喜慶場合，例如婚禮或店舖開張，喜歡舞動這種模仿傳說中瑞獸的道具，以求吉祥。請問這種表演是？,舞獅 Lion Dance,3.5,文化,中華文化、風俗
香港人拜神時，除了燒香，還會燃燒一些印有圖案或文字的紙錢，相信可以在陰間使用。請問這種紙錢統稱為什麼？,元寶 / 冥鈔 / 金銀衣紙 (Accept reasonable terms),3.8,文化,中華文化、風俗
在香港，人們在清明節和重陽節有掃墓祭祖的習俗，通常會帶備香燭、元寶和哪種烤製的肉類？,燒肉 / 燒豬 Roasted Pork / Roasted Pig,3.8,文化,中華文化、風俗
在香港，冬至是一個重要的傳統節日，許多家庭會在這一天團聚吃飯，俗稱「做冬」。請問這一天在習俗上常被說成「什麼大過年」？,冬大過年,4,文化,中華文化、風俗
在中國傳統文化中，這四種植物——梅、蘭、竹、菊，因其各自的品格特徵而被譽為君子。請問它們合稱為什麼？,四君子,4,文化,中華文化、風俗
這是香港長洲太平清醮的一項傳統特色活動，參賽者需攀爬一座由平安包砌成的包山搶奪包子，活動曾因意外停辦多年後復辦並加入安全措施，請問這項充滿地道色彩的競技活動是？,搶包山 Bun scrambling,4,文化,中華文化、風俗
這是香港長洲每年舉行的重要傳統節慶活動，以飄色巡遊和搶包山比賽聞名。請問這個節慶是？,長洲太平清醮 Cheung Chau Bun Festival,4,文化,中華文化、風俗
在香港，農曆七月被認為是鬼門關大開的月份，人們會進行燒街衣、盂蘭勝會等活動。請問這個月份俗稱為什麼？,鬼月 Ghost Month,4,文化,中華文化、風俗
這是香港新界地區一種傳統的群居村落形式，通常有圍牆環繞，居民多為同一宗族。請問這種村落形式是？,圍村,4.5,文化,中華文化、風俗
這是一種香港民間習俗，通常在驚蟄時節於特定地點（如鵝頸橋底）進行，儀式涉及用紙製的「小人」象徵憎恨對象並用鞋拍打，請問這種驅除厄運、報復仇敵的儀式稱為什麼？,打小人 Villain hitting,4.5,文化,中華文化、風俗
在中國傳統婚禮中，新郎到新娘家迎親時，通常會遇到由伴娘設置的遊戲或挑戰，目的是考驗新郎的誠意。請問這個習俗環節稱為什麼？,玩新郎 / 接親遊戲,4.5,文化,中華文化、風俗
這是中國傳統戲曲京劇中的一種化妝方式，不同顏色代表不同的人物性格，例如紅色通常代表忠勇。請問這種化妝方式是？,臉譜 Facial Makeup in Peking Opera,5.5,文化,中華文化、風俗
這是香港兒童在遊戲或分組時常唱的一首廣東話童謠，歌詞包含「點指兵兵點著誰人做大兵」。請問這首童謠是？,點指兵兵,3,文化,傳統音樂
這首中國民歌源自江蘇，旋律優美，歌詞描繪了江南水鄉的秀麗景色，在國際上也廣為流傳。請問這首民歌是？,茉莉花,3.5,文化,傳統音樂
這是一種在特定節奏下吟誦的詩歌形式，起源於美國非裔社群，是嘻哈文化的重要組成部分。請問這種形式是？,說唱 / 饒舌 Rap,4,文化,傳統音樂
這是香港重要的傳統表演藝術，結合唱、做、唸、打等元素，著名伶人有任劍輝、白雪仙等。請問這種表演藝術是？,粵劇 Cantonese Opera,4.2,文化,傳統音樂
這是中國南方的一種地方戲曲，以廣東話演唱，融合了唱、做、唸、打等表演元素。請問這種戲曲是？,粵劇 Cantonese Opera,4.2,文化,傳統音樂
這首蘇格蘭民謠旋律感人，常在告別或紀念場合演唱，中文譯為《友誼萬歲》。請問這首歌曲的英文原名是？,Auld Lang Syne,5,文化,傳統音樂
這種起源於阿根廷的雙人舞蹈，舞步熱情、節奏感強，充滿戲劇張力。請問這種舞蹈是？,探戈 Tango,5.2,文化,傳統音樂
這首歌曲是中華人民共和國的國歌，原名為《義勇軍進行曲》。請問這首歌曲的作詞者是？,田漢,5.5,文化,傳統音樂
這種藝術形式常見於香港廟街等地，表演者會演唱粵曲選段，並由樂師伴奏，是香港的地道文化表演之一，請問這種街頭粵曲表演稱為什麼？,瞽師賣唱 / 街頭賣唱 Street singing (Cantonese opera),5.5,文化,傳統音樂
這是中國許多少數民族使用的傳統樂器，由多根長短不一的竹管組成，聲音悠揚。請問這種樂器是？,蘆笙 Lusheng,6,文化,傳統音樂
這是一種傳統的說唱藝術形式，起源於北京，以快板或鼓點伴奏，內容多為幽默故事或社會評論。請問這種藝術形式是？,快板書 Kuaiban / 快書 Kuaishu,6.2,文化,傳統音樂
這是中國京劇中的主要伴奏樂器之一，是一種弓弦樂器，音色高亢明亮。請問這種樂器是？,京胡 Jinghu,6.5,文化,傳統音樂
這是一種流傳於中國北方的民間戲曲，以唱腔高亢、表演質樸著稱，著名劇目有《鍘美案》。請問這種戲曲是？,秦腔,6.5,文化,傳統音樂
這是一種中國傳統的彈撥樂器，有七根弦，音色古樸深沉，被認為是文人雅士修身養性的樂器。請問這種樂器是？,古琴 Guqin,6.8,文化,傳統音樂
這個節日在每年十月三十一日晚上慶祝，起源於凱爾特人的傳統，習俗包括變裝打扮和「不給糖就搗蛋」。請問這個節日是？,萬聖節 Halloween,3.2,文化,其他文化、風俗
這個節日在每年11月的第四個星期四慶祝（主要在美國），傳統食物是火雞，旨在感謝過去一年的豐收和恩賜。請問這個節日是？,感恩節 Thanksgiving,4,文化,其他文化、風俗
這個節日是紀念耶穌基督復活的基督教節日，日期在每年春分月圓之後的第一個星期日，習俗包括尋找彩蛋。請問這個節日是？,復活節 Easter,4.2,文化,其他文化、風俗
這個在泰國慶祝新年的節日，日期在每年的4月13日至15日，人們會互相潑水祝福。請問這個節日是？,潑水節 Songkran,4.8,文化,其他文化、風俗
這個在日本慶祝的節日，日期在每年的7月7日或8月7日，源自中國的七夕節，人們會將願望寫在彩色紙條上掛在竹子上。請問這個節日是？,七夕 Tanabata,5,文化,其他文化、風俗
這個慶祝活動在每年二月或三月舉行，以其盛大的桑巴舞巡遊和華麗的服裝聞名於世，最著名的舉辦地點是巴西里約熱內盧。請問這個慶祝活動是？,巴西嘉年華 Brazilian Carnival,5,文化,其他文化、風俗
這個在德國慕尼黑舉行的節日，是世界上最大的啤酒節和民間節慶，每年吸引數百萬遊客。請問這個節日是？,慕尼黑啤酒節 Oktoberfest,5,文化,其他文化、風俗
這個節日在伊斯蘭曆的第九個月，全球穆斯林會在此月進行齋戒，從日出到日落禁食禁飲。請問這個月份是？,齋戒月 Ramadan,5.2,文化,其他文化、風俗
這個在每年春天舉行的印度教節日，人們會互相潑灑彩色粉末和顏料，慶祝春天的到來和正義戰勝邪惡。請問這個節日是？,侯麗節 / 色彩節 Holi,5.5,文化,其他文化、風俗
這個節日是紀念印度脫離英國獨立的日子，日期是每年的8月15日。請問這個節日是？,印度獨立日 Indian Independence Day,5.5,文化,其他文化、風俗
這個在日本慶祝男孩健康成長的節日，日期是每年的5月5日，家家戶戶會掛起鯉魚旗。請問這個節日是？,男孩節 / 端午節 (Tango no Sekku - now Children's Day),5.5,文化,其他文化、風俗
這是愛爾蘭的國慶日，於每年3月17日慶祝，以紀念愛爾蘭的主保聖人聖派翠克，慶祝活動通常包括巡遊和穿戴綠色衣物。請問這個節日是？,聖派翠克節 St. Patrick's Day,5.5,文化,其他文化、風俗
這個位於西班牙潘普洛納的節日，以其奔牛活動聞名，每年吸引大量遊客參與或觀看。請問這個節日是？,聖費爾明節 / 奔牛節 San Fermín Festival,6,文化,其他文化、風俗
這個節日是猶太教最重要的贖罪日，教徒會進行齋戒和祈禱，反思過去一年的罪過。請問這個節日是？,贖罪日 Yom Kippur,6.8,文化,其他文化、風俗
這位奧地利作曲家是音樂神童，創作出歌劇《魔笛》、《費加洛的婚禮》和多首交響曲、協奏曲。請問這位作曲家是？,莫扎特 Wolfgang Amadeus Mozart,4,文化,古典樂
這位德國作曲家是古典主義音樂的代表人物，雖然晚年失聰，但仍創作出《命運交響曲》、《月光奏鳴曲》等不朽名作。請問這位作曲家是？,貝多芬 Ludwig van Beethoven,4.2,文化,古典樂
這位波蘭作曲家兼鋼琴家，以其創作的鋼琴作品聞名，充滿浪漫氣息和民族風格，被譽為「鋼琴詩人」。請問這位作曲家是？,蕭邦 Frédéric Chopin,5.5,文化,古典樂
這位奧地利作曲家以其圓舞曲作品聞名，被譽為「圓舞曲之王」，代表作有《藍色多瑙河》。請問這位作曲家是？,小約翰·施特勞斯 Johann Strauss II,5.8,文化,古典樂
這位俄羅斯作曲家以其芭蕾舞劇音樂聞名，作品旋律優美，富有童話色彩，代表作有《天鵝湖》、《胡桃夾子》。請問這位作曲家是？,柴可夫斯基 Pyotr Ilyich Tchaikovsky,5.8,文化,古典樂
這位德國作曲家是巴洛克音樂時期的代表人物，以其精湛的複音音樂技巧和豐富的作品聞名於世。請問這位作曲家是？,巴赫 Johann Sebastian Bach,6,文化,古典樂
這位奧地利作曲家被譽為「交響樂之父」，創作了超過一百首交響曲，對古典音樂的發展有重要貢獻。請問這位作曲家是？,海頓 Joseph Haydn,6,文化,古典樂
這位意大利作曲家以其創作的歌劇聞名，作品旋律優美，戲劇性強，代表作有《茶花女》、《弄臣》、《阿伊達》。請問這位作曲家是？,威爾第 Giuseppe Verdi,6.2,文化,古典樂
這位捷克作曲家以其充滿民族色彩的作品聞名，其第九交響曲《來自新世界》融合了美國黑人靈歌和印第安音樂元素。請問這位作曲家是？,德伏扎克 Antonín Dvořák,6.2,文化,古典樂
這位德國作曲家是巴洛克音樂晚期的重要代表，與巴赫同年出生，其清唱劇《彌賽亞》中的《哈利路亞》合唱廣為人知。請問這位作曲家是？,韓德爾 George Frideric Handel,6.5,文化,古典樂
這位匈牙利作曲家兼鋼琴家，以其高超的鋼琴技巧和充滿激情、戲劇性的作品聞名，代表作有《匈牙利狂想曲》。請問這位作曲家是？,李斯特 Franz Liszt,6.8,文化,古典樂
這位芬蘭作曲家以其充滿民族史詩感和描寫自然景色的交響詩和交響曲聞名，代表作有《芬蘭頌》。請問這位作曲家是？,西貝流士 Jean Sibelius,7,文化,古典樂
這位俄羅斯作曲家是20世紀重要的現代派作曲家之一，其芭蕾舞劇《春之祭》以其原始、不協和的音樂引發了巨大爭議。請問這位作曲家是？,史特拉汶斯基 Igor Stravinsky,7.2,文化,古典樂
這位意大利小提琴家兼作曲家，以其精湛的小提琴演奏技巧和充滿炫技性的作品聞名，被譽為「小提琴魔鬼」。請問這位音樂家是？,帕格尼尼 Niccolò Paganini,7.2,文化,古典樂
這位英國作曲家是20世紀重要的歌劇作曲家之一，作品風格獨特，代表作有《彼得·格林》和《戰爭安魂曲》。請問這位作曲家是？,布列頓 Benjamin Britten,7.5,文化,古典樂
這種視覺藝術形式利用相機捕捉影像，可以記錄現實，也可以進行藝術創作，香港有不少攝影愛好者。請問這種藝術形式是？,攝影 Photography,2.5,文化,平面藝術
這種藝術形式是用毛筆、墨汁在紙或絹上書寫漢字，講究線條、結構和意境，是中華文化的重要組成部分。請問這種藝術形式是？,書法 Calligraphy,3.5,文化,平面藝術
這種設計領域專注於通過視覺元素（如圖像、文字、色彩）來傳達信息或創造美感，應用範圍包括海報、書籍、標誌等。請問這個設計領域是？,平面設計 Graphic Design,3.8,文化,平面藝術
這幅達文西的畫作是世界上最著名的肖像畫之一，現藏於法國巴黎羅浮宮。請問這幅畫是？,蒙娜麗莎 Mona Lisa,3.8,文化,平面藝術
這種繪畫技巧使用水調和顏料在畫布或畫紙上作畫，色彩透明，效果輕快。請問這種繪畫技巧是？,水彩畫 Watercolor Painting,4,文化,平面藝術
這種藝術形式是利用塗鴉噴漆或馬克筆在牆壁、火車等公共空間進行創作，起源於美國街頭文化。請問這種藝術形式是？,塗鴉 Graffiti,4.2,文化,平面藝術
這種繪畫方法使用油性顏料在畫布、木板或金屬板上作畫，色彩豐富，表現力強，是西方繪畫的主要形式之一。請問這種繪畫方法是？,油畫 Oil Painting,4.2,文化,平面藝術
這是中國書法的主要字體之一，字形方正，筆畫清晰，結構平穩，是學習書法常用的入門字體。請問這種字體是？,楷書 Regular Script / Kaishu,4.5,文化,平面藝術
這種藝術是利用黏土等可塑材料，通過捏、塑、雕、刻等手法製作成型的藝術。請問這種藝術是？,陶藝 Pottery / Ceramics,4.5,文化,平面藝術
這種藝術形式是將單一顏色的墨水，通過濃淡變化在紙或絹上描繪物象，講究筆墨情趣。請問這種繪畫形式是？,水墨畫 Ink Wash Painting,4.8,文化,平面藝術
這種藝術技巧是將不同顏色或材質的小塊（如玻璃、石頭、陶瓷）鑲嵌組合，形成圖案或圖像。請問這種技巧是？,馬賽克 Mosaic,5,文化,平面藝術
這位街頭塗鴉者以在香港各處用毛筆書寫自己名字和祖先事蹟而聞名，自稱「九龍皇帝」。請問這位人物是？,曾灶財 Tsang Tsou Choi,5.2,文化,平面藝術
這位法國印象派畫家以其對光線和色彩的捕捉而聞名，其《睡蓮》系列畫作是印象派的代表作之一。請問這位畫家是？,莫奈 Claude Monet,5.2,文化,平面藝術
這種藝術形式使用各種顏色的線或紗線，通過刺繡、編織等方式在織物上創作圖案。請問這種藝術是？,織物藝術 / 纖維藝術 Textile Art / Fiber Art,5.5,文化,平面藝術
這種版畫技術是將圖案蝕刻在木板上，再印刷而成，是中國傳統的藝術形式，也影響了日本的浮世繪。請問這種技術是？,木刻版畫 Woodcut Printing,5.8,文化,平面藝術
這種印刷技術是將油墨透過網孔轉印到承印物上，可以應用於多種材質，常用於T恤、海報印刷。請問這種技術是？,絲網印刷 Silk Screen Printing / Serigraphy,6,文化,平面藝術
這種版畫技術是利用化學腐蝕的方法在金屬板上製作圖案，再進行印刷。請問這種技術是？,蝕刻版畫 Etching,6.5,文化,平面藝術
這個大型燈光音樂匯演是香港旅遊發展局推廣的項目，每晚在維多利亞港上演，展示維港兩岸建築物的燈光效果。請問這個匯演是？,幻彩詠香江 A Symphony of Lights,3.5,文化,文化（其他）
這種樂器通過敲擊琴鍵帶動琴槌敲擊琴弦發聲，音域寬廣，表現力豐富，被譽為「樂器之王」。請問這種樂器是？,鋼琴 Piano,2.2,文化,樂理、樂器
這種樂器有六根弦，是流行音樂、搖滾樂、民謠等風格中不可或缺的樂器，分為原聲和電聲兩種。請問這種樂器是？,吉他 Guitar,2.8,文化,樂理、樂器
這種弓弦樂器有四根弦，是管弦樂團中體積最小、音高最高的弦樂器，演奏時夾在左肩和下巴之間。請問這種樂器是？,小提琴 Violin,3,文化,樂理、樂器
這種打擊樂器由大小不同的一組鼓和金屬鈸組成，是搖滾樂、爵士樂等樂隊的核心節奏樂器。請問這種樂器組合是？,爵士鼓 / 架子鼓 Drum Kit,3.8,文化,樂理、樂器
這種用竹子製成的吹管樂器，音色清脆悠揚，是中國傳統樂器中常見的一種。請問這種樂器是？,笛子 Dizi / Bamboo Flute,4,文化,樂理、樂器
這種中國傳統的弓弦樂器，有兩根弦，音色如泣如訴，表現力豐富。請問這種樂器是？,二胡 Erhu,4.5,文化,樂理、樂器
這種由黃銅製成的管樂器，音色嘹亮輝煌，是管弦樂團和軍樂隊中的重要樂器，演奏時需要按動活塞改變音高。請問這種樂器是？,小號 Trumpet,4.5,文化,樂理、樂器
這種樂器是管弦樂團中常見的木管樂器，音色柔和，經常扮演旋律角色，著名作品有莫扎特的《單簧管協奏曲》。請問這種樂器是？,單簧管 Clarinet,4.8,文化,樂理、樂器
這種大型弓弦樂器音色低沉渾厚，演奏者通常需要坐著演奏，是管弦樂團弦樂組的基礎。請問這種樂器是？,大提琴 Cello,4.8,文化,樂理、樂器
這是一種流行於美國夏威夷的四弦彈撥樂器，外形小巧，音色活潑輕快。請問這種樂器是？,烏克麗麗 Ukulele,4.8,文化,樂理、樂器
這種中國傳統彈撥樂器，有四根弦，形狀像半個梨，音色清脆明亮。請問這種樂器是？,琵琶 Pipa,5,文化,樂理、樂器
這種蘇格蘭的風笛樂器，聲音響亮獨特，是蘇格蘭傳統文化的重要象徵。請問這種樂器是？,風笛 Bagpipes,5.5,文化,樂理、樂器
這種大型鍵盤樂器，通過氣流吹響音管發聲，音色莊嚴宏偉，常見於教堂。請問這種樂器是？,管風琴 Pipe Organ,6.5,文化,樂理、樂器
這種由一系列大小不同的金屬鐘組成，用槌敲擊發聲，常見於管弦樂團，能發出清脆悅耳的聲音。請問這種打擊樂器是？,鐘琴 Glockenspiel,6.8,文化,樂理、樂器
這種中國古代的吹管樂器，聲音低沉哀婉，常用於表達悲傷或思念之情。請問這種樂器是？,塤 Xun,7,文化,樂理、樂器
"這個縮寫詞在網絡上常用來形容「笑死我了」，源自英文 ""Laughing Out Loud""。請問這個縮寫是？",LOL,2.5,文化,流行文化
"這個網絡用語來自英文 ""Do It Yourself""，指自己動手製作或修理物品。請問這個縮寫是？",DIY,2.8,文化,流行文化
它是一種常見的文字或腦筋急轉彎遊戲，答案通常出人意表或利用諧音，香港網絡和學生群體中非常流行，請問這種考驗反應和聯想力的問題統稱為什麼？,IQ題,2.8,文化,流行文化
這個網絡迷因(Meme)通常是一張圖片，上面配有吐槽或幽默的文字，用來表達某種情緒或觀點。請問這種圖片稱為什麼？,表情包 / Meme圖,3.2,文化,流行文化
這個表情符號在網絡交流中廣泛使用，通常表示無奈、諷刺或滑稽，由一個笑臉加上兩滴汗組成。請問這個表情符號常被稱為什麼？,笑到喊 / 苦笑 (Accept reasonable descriptions),3.5,文化,流行文化
這個網絡用語指社交媒體上擁有大量追隨者，並對其粉絲購買決策或觀點產生影響力的人。請問這個詞語是？,網紅 / 意見領袖 (KOL - Key Opinion Leader),3.8,文化,流行文化
這是指2006年在香港一輛巴士上發生的事件主角，事件涉及一名中年男子因被勸籲降低聲浪而情緒激動不斷辱罵鄰座青年，相關影片在網上瘋傳引發社會廣泛討論壓力問題，請問這位說出「你有壓力 我有壓力」名句的人物被網民稱為什麼？,巴士阿叔 Bus Uncle,4,文化,流行文化
這個網絡用語指在觀看影片或直播時，屏幕上大量快速飄過的即時評論。請問這個現象稱為什麼？,彈幕 Danmaku / Barrage Comments,4,文化,流行文化
這個網絡用語指將兩個或多個不相關的事物（通常是人物）想像成情侶關係。請問這個詞語是？,拉CP / 配對,4.2,文化,流行文化
這是一種在香港合法的賭博場所，專門提供場地和服務供人打麻雀耍樂，通常需要持有特定牌照才能經營，請問這種場所稱為什麼？,麻雀館 / 麻將館 Mahjong school,4.2,文化,流行文化
這個詞語源自日語，指極度熱愛和投入於某種次文化（如動漫、遊戲）的人。請問這個詞語是？,御宅族 Otaku,4.5,文化,流行文化
這個網絡用語指過於情緒化、戲劇化的反應或行為，有時帶有貶義。請問這個詞語是？,玻璃心 / 抓馬 (Drama),4.5,文化,流行文化
這個網絡用語指刻意發表引戰或挑釁性言論，以激怒他人或引發爭論的行為。請問這個行為稱為什麼？,釣魚 / Trolling,4.5,文化,流行文化
它是香港一個著名的網上討論平台，以其獨特的網絡文化、術語（如「巴打」、「絲打」）和改圖聞名，曾是香港網絡社群的重要組成部分後有部分用戶轉往連登討論區，請問這個簡稱「高登」的討論區全名是？,高登討論區 HKGolden Forum,4.5,文化,流行文化
這是香港一個次文化現象的稱呼，最初指經常在旺角出沒、打扮潮流但被認為品味俗氣的年輕人。請問這個稱呼是？,MK文化,4.8,文化,流行文化
這個網絡用語指那些看似無害、可愛，但實際上可能隱藏著負面或批評意味的內容。請問這個詞語是？,糖衣炮彈 / 包著糖衣的毒藥 (or similar description),5.5,文化,流行文化
這座位於美國紐約港的巨大雕像，是法國於1886年贈送給美國的禮物，象徵自由和民主。請問這座雕像是？,自由神像 Statue of Liberty,3,文化,立體藝術
這座位於中國北京的古代宮殿建築群，是明清兩代的皇宮，也是現存規模最大、最完整的木結構古建築群。請問這座建築群是？,故宮 Forbidden City / Palace Museum,4,文化,立體藝術
這座位於法國巴黎的博物館是世界上最著名的博物館之一，收藏了《蒙娜麗莎》、《米洛的維納斯》等藝術珍品。請問這座博物館是？,羅浮宮 Louvre Museum,4,文化,立體藝術
這種藝術是使用鑿、刻、塑、焊等方法，在硬質材料（如石頭、木材、金屬）上創作三維形象。請問這種藝術是？,雕塑 Sculpture,4,文化,立體藝術
這座位於澳洲悉尼的表演藝術中心，以其獨特的帆船造型聞名於世，是澳洲的象徵。請問這座建築是？,悉尼歌劇院 Sydney Opera House,4.2,文化,立體藝術
這座位於意大利羅馬的古代圓形競技場，是古羅馬時期舉行角鬥士比賽和公共表演的場所。請問這座建築是？,羅馬鬥獸場 Colosseum,4.5,文化,立體藝術
這座橫跨美國舊金山灣的懸索橋，以其獨特的橘紅色和宏偉的結構聞名，是舊金山的地標。請問這座橋樑是？,金門大橋 Golden Gate Bridge,4.5,文化,立體藝術
這座位於美國紐約市的摩天大樓，曾長期保持世界最高建築的紀錄，是紐約市的象徵之一。請問這座建築是？,帝國大廈 Empire State Building,4.8,文化,立體藝術
這座位於印度阿格拉的陵墓，由蒙兀兒王朝皇帝沙賈汗為紀念其妻子而建，是伊斯蘭建築的傑作。請問這座建築是？,泰姬瑪哈陵 Taj Mahal,4.8,文化,立體藝術
這座橫跨英國倫敦泰晤士河的橋樑，以其可以打開讓船隻通過的結構和維多利亞哥特式風格的塔樓聞名。請問這座橋樑是？,倫敦塔橋 Tower Bridge,5,文化,立體藝術
這座位於埃及吉薩高原的獅身人面像，是古埃及文明的象徵之一，其建造目的和確切年代仍有爭議。請問這座雕像是？,獅身人面像 Great Sphinx of Giza,5,文化,立體藝術
這座位於美國華盛頓特區的白色圓頂建築，是美國國會的辦公大樓。請問這座建築是？,美國國會大廈 United States Capitol,5,文化,立體藝術
這座位於西班牙巴塞隆拿的教堂，由建築師高迪設計，以其獨特的自然主義風格和尚未完工的狀態聞名。請問這座教堂是？,聖家堂 Sagrada Família,5,文化,立體藝術
這座位於柬埔寨的古代寺廟建築群，是世界上最大的宗教建築，原為印度教寺廟，後轉變為佛教寺廟。請問這座建築群是？,吳哥窟 Angkor Wat,5.2,文化,立體藝術
這座位於美國拉什莫爾山的紀念碑，雕刻了四位美國總統的頭像，是著名的旅遊景點。請問這座紀念碑是？,總統山 Mount Rushmore National Memorial,5.2,文化,立體藝術
這座位於俄羅斯莫斯科紅場的東正教教堂，以其色彩鮮豔、洋蔥頭狀的圓頂聞名。請問這座教堂是？,聖瓦西里主教座堂 Saint Basil's Cathedral,5.8,文化,立體藝術
這是一種在咖啡表面製作圖案的藝術技巧，常用於拿鐵咖啡，英文稱為 Latte Art。請問這種技巧的中文名稱是？,拉花,4.2,文化,飲食
他是希臘神話中的眾神之王，掌管天空和雷電；在羅馬神話中，與他對應的神祇被稱為朱庇特。請問這位希臘神祇是？,宙斯 Zeus,5.2,文學,世界神話
他是古希臘神話中的英雄，以其十二項艱鉅的任務聞名，父親是宙斯。請問這位英雄是？,赫拉克勒斯 Heracles / 海格力斯 Hercules,5.2,文學,世界神話
這是古埃及神話中的太陽神，通常被描繪成鷹頭人身，頭戴日輪。請問這位神祇是？,拉 Ra,5.5,文學,世界神話
他是北歐神話中的主神，被尊為諸神之父，掌管戰爭、死亡、智慧和詩歌，其羅馬神話對應者為墨丘利。請問這位神祇是？,奧丁 Odin,5.8,文學,世界神話
這是北歐神話中由眾神居住的領域，主神奧丁的宮殿金宮位於此處。請問這個領域是？,阿斯嘉特 Asgard,6,文學,世界神話
這部作品被認為是世界上最早的史詩之一，源自古代美索不達米亞，講述了烏魯克之王吉爾伽美什的冒險故事。請問這部史詩是？,吉爾伽美什史詩 Epic of Gilgamesh,6.8,文學,世界神話
這位詩人是唐代偉大的浪漫主義詩人，被譽為「詩仙」，作品風格豪邁奔放，富有想像力。請問這位詩人是？,李白,3.5,文學,中文文學（古典）
這部中國神話小說以唐僧師徒四人西天取經的故事為主線，充滿奇幻色彩，作者通常被認為是吳承恩。請問這部小說是？,西遊記,3.8,文學,中文文學（古典）
這位中國詩人是唐代偉大的現實主義詩人，被譽為「詩聖」，其作品深刻反映了安史之亂時期的社會動盪和人民苦難。請問這位詩人是？,杜甫,4,文學,中文文學（古典）
這部儒家經典記錄了孔子及其弟子的言行，是儒家思想的核心著作之一。請問這部經典是？,論語 Analects,4,文學,中文文學（古典）
他是金庸武俠小說《射鵰英雄傳》的男主角，性格憨厚正直，與黃蓉相戀。請問這位角色是？,郭靖,4.2,文學,中文文學（古典）
它是一部中國古典小說，被列為「四大奇書」之一，故事圍繞梁山泊一百零八位好漢展開，傳統上認為作者是施耐庵。請問這部小說是？,水滸傳,4.5,文學,中文文學（古典）
這位中國詩人是宋代豪放派詞人的代表，作品氣勢恢宏，充滿愛國情懷，代表作有《水調歌頭·明月幾時有》、《念奴嬌·赤壁懷古》。請問這位詞人是？,蘇軾 / 蘇東坡,4.5,文學,中文文學（古典）
這部小說由曹雪芹創作，被認為是中國古典小說的巔峰之作，描寫了賈、史、王、薛四大家族的興衰。請問這部小說是？,紅樓夢,4.8,文學,中文文學（古典）
這位中國戰國時期的楚國詩人，被認為是《離騷》的作者，以其愛國情懷和高潔品格著稱，端午節與他有關。請問他是誰？,屈原,4.8,文學,中文文學（古典）
這部中國古代典籍是儒家學派的核心經典之一，相傳由孔子編訂，包含了古代的詩歌總集。請問這部典籍是？,詩經 Book of Songs / Shi Jing,5,文學,中文文學（古典）
這部中國古典小說常被認為是《紅樓夢》的續書，但風格迥異，作者一般認為是高鶚。請問這部續書是？,後四十回 / 高鶚續書,5,文學,中文文學（古典）
這位中國宋代女詞人，其詞作風格婉約，前期描寫閨情，後期抒發家國之思，被譽為「千古第一才女」。請問她是誰？,李清照,5.2,文學,中文文學（古典）
這部中國古代兵書是世界上最早的軍事著作之一，包含了豐富的軍事哲學思想，作者通常被認為是孫武。請問這部兵書是？,孫子兵法 The Art of War,5.4,文學,中文文學（古典）
這部中國古典小說以神魔為主題，講述了商朝末年武王伐紂的故事，融合了歷史、神話和民間傳說。請問這部小說是？,封神演義 Investiture of the Gods,5.5,文學,中文文學（古典）
這位中國唐代詩人以其描寫田園風光和隱逸生活的詩歌著稱，與王維並稱「王孟」。請問他是誰？,孟浩然,5.5,文學,中文文學（古典）
這首長篇敘事詩是中國文學史上的傑作，講述了劉蘭芝和焦仲卿的愛情悲劇，與《木蘭辭》合稱「樂府雙璧」。請問這首詩是？,孔雀東南飛,5.8,文學,中文文學（古典）
這部中國元代戲曲由王實甫創作，講述了張生和崔鶯鶯的愛情故事，是中國戲曲史上的經典之作。請問這部作品是？,西廂記 Romance of the Western Chamber,5.8,文學,中文文學（古典）
這位中國南宋詩人以其憂國憂民的情懷和雄渾悲壯的詩風著稱，代表作有《示兒》、《釵頭鳳》。請問他是誰？,陸游,5.8,文學,中文文學（古典）
這位中國清代小說家，其代表作《聊齋志異》是一部著名的文言短篇小說集，內容多為鬼狐精怪故事。請問他是誰？,蒲松齡,5.8,文學,中文文學（古典）
這位中國元代戲曲家，被譽為「元曲四大家」之首，代表作有《竇娥冤》。請問他是誰？,關漢卿,6,文學,中文文學（古典）
這位中國唐代詩人以其邊塞詩和描寫奇幻景物的詩歌聞名，代表作有《走馬川行奉送封大夫出師西征》。請問他是誰？,岑參,6.2,文學,中文文學（古典）
這位中國明代戲曲家，其代表作《牡丹亭》描寫了杜麗娘和柳夢梅的生死離合愛情故事。請問他是誰？,湯顯祖,6.2,文學,中文文學（古典）
這位中國晚清小說家以其諷刺小說《官場現形記》揭露了當時官場的腐敗黑暗。請問他是誰？,李寶嘉 (李伯元),6.5,文學,中文文學（古典）
這位唐朝女詩人，以其才情和與道士的戀情傳聞而聞名，詩作風格清麗。請問她是誰？,魚玄機,6.8,文學,中文文學（古典）
他是著名的香港報人和作家，創辦了《明報》，創作了《射鵰英雄傳》、《神鵰俠侶》、《天龍八部》等多部膾炙人口的武俠小說，請問這位原名查良鏞的作家是誰？,金庸,2.2,文學,中文文學（近代、現代）
這位中國作家是新文化運動的重要旗手，以其犀利批判社會的作品聞名，代表作有《吶喊》、《彷徨》、《阿Q正傳》。請問這位作家是？,魯迅,4.2,文學,中文文學（近代、現代）
這位香港作家以其科幻小說聞名，筆下創造了衛斯理、原振俠等經典角色。請問他是誰？,倪匡,4.5,文學,中文文學（近代、現代）
這位中國現代詩人是新月派的代表人物，其詩歌追求格律和意境美，代表作有《再別康橋》。請問他是誰？,徐志摩,5,文學,中文文學（近代、現代）
這位中國女作家以其描寫上海都市生活的愛情小說聞名，作品風格細膩、蒼涼，代表作有《傾城之戀》、《金鎖記》。請問這位作家是？,張愛玲,5.2,文學,中文文學（近代、現代）
這位中國近代作家被譽為「人民藝術家」，其代表作有長篇小說《駱駝祥子》和話劇《茶館》。請問他是誰？,老舍,5.2,文學,中文文學（近代、現代）
這位中國當代作家以其尋根文學和魔幻現實主義風格著稱，獲得諾貝爾文學獎，代表作有《紅高粱家族》、《蛙》。請問他是誰？,莫言,5.5,文學,中文文學（近代、現代）
這位中國當代小說家以其「先鋒文學」代表作《活著》和《許三觀賣血記》等聞名。請問他是誰？,余華,5.8,文學,中文文學（近代、現代）
這位中國現代小說家以其京味小說聞名，代表作《城南舊事》描寫了作者童年在北京的生活點滴。請問她是誰？,林海音,5.8,文學,中文文學（近代、現代）
這位中國現代作家以其充滿鄉土氣息和人道主義關懷的小說聞名，代表作有《邊城》。請問他是誰？,沈從文,6,文學,中文文學（近代、現代）
這位中國現代著名作家、劇作家，其代表作《雷雨》、《日出》深刻揭示了社會矛盾。請問他是誰？,曹禺,6,文學,中文文學（近代、現代）
這位中國現代女作家，以其溫婉細膩的筆觸描寫家庭生活和女性情感，代表作有《呼蘭河傳》。請問她是誰？,蕭紅,6.2,文學,中文文學（近代、現代）
這位中國現代詩人以其朦朧詩代表作《一代人》（黑夜給了我黑色的眼睛）而聞名。請問他是誰？,顧城,6.2,文學,中文文學（近代、現代）
這位中國現代作家、翻譯家，以其溫馨雋永的散文集《緣緣堂隨筆》和漫畫《子愷漫畫》聞名。請問他是誰？,豐子愷,6.2,文學,中文文學（近代、現代）
這位中國當代作家以其描寫文革時期苦難和反思的作品聞名，代表作有《芙蓉鎮》。請問他是誰？,古華,6.5,文學,中文文學（近代、現代）
這位中國現代著名詩人、學者，其詩歌融合古典與現代，代表作有《死水》、《一句话》。請問他是誰？,聞一多,6.5,文學,中文文學（近代、現代）
這位中國現代詩人以其充滿愛國熱情和反抗精神的詩歌著稱，代表作有《我愛這土地》、《大堰河——我的保姆》。請問他是誰？,艾青,6.5,文學,中文文學（近代、現代）
這位中國現代著名散文家、學者，其散文集《雅舍小品》風格幽默雋永。請問他是誰？,梁實秋,6.5,文學,中文文學（近代、現代）
這是中國神話傳說中開天闢地的創世神。請問這位神祇是？,盤古,4.8,文學,中華神話
這是《聖經·創世紀》中記載的一個故事，講述上帝指示挪亞建造一艘大船，以躲避一場毀滅性的大洪水。請問這個故事中的大船是？,挪亞方舟 Noah's Ark,4,文學,宗教經典
這是伊斯蘭教的核心經典，被穆斯林視為真主阿拉通過天使加百列傳達給先知穆罕默德的啟示。請問這部經典是？,古蘭經 Quran / Koran,5.5,文學,宗教經典
這是古埃及人用來書寫的文字系統，由圖畫符號、表音符號和限定符號組成。請問這種文字是？,象形文字 Hieroglyphics,5.8,文學,文學（其他）
這位中國近代作家、翻譯家，翻譯了《天演論》，提出了「信、達、雅」的翻譯標準。請問他是誰？,嚴復,5.8,文學,文學（其他）
這位日本作家以其獨特的風格和對現代社會的深刻洞察而聞名，代表作有《挪威的森林》、《海邊的卡夫卡》。請問這位作家是？,村上春樹 Haruki Murakami,5,文學,東方文學
這部作品是印度古代兩大史詩之一，講述了羅摩王子及其妻子悉多的故事。請問這部史詩是？,羅摩衍那 Ramayana,6.2,文學,東方文學
這部古印度的史詩是世界上最長的史詩之一，講述了婆羅多族兩支後裔俱盧族和般度族之間的戰爭。請問這部史詩是？,摩訶婆羅多 Mahabharata,6.5,文學,東方文學
這部由印度詩人泰戈爾創作的詩集，為他贏得了諾貝爾文學獎，內容充滿哲理和對自然的熱愛。請問這部詩集是？,吉檀迦利 Gitanjali,6.5,文學,東方文學
這部日本古典文學名著由紫式部創作，描寫了平安時代貴族光源氏的生平和愛情故事，被譽為世界上最早的長篇小說。請問這部作品是？,源氏物語 The Tale of Genji,6.5,文學,東方文學
這部童話故事由格林兄弟收集整理，講述一個美麗的公主因繼母妒忌而被迫害，最終與王子幸福生活的故事。請問這個童話故事是？,白雪公主 Snow White,3,文學,繪本、童話、傳說
這位丹麥作家以其童話故事聞名於世，作品包括《醜小鴨》、《美人魚》、《國王的新衣》等。請問這位作家是？,安徒生 Hans Christian Andersen,3.5,文學,繪本、童話、傳說
這部由英國作家J.K.羅琳創作的奇幻小說系列，描寫了年輕巫師哈利在霍格華茲魔法學校的學習和冒險經歷。請問這個系列是？,哈利波特 Harry Potter,3.5,文學,西方文學
這位英國劇作家被譽為西方文學史上最偉大的作家之一，他的四大悲劇包括《哈姆雷特》、《奧賽羅》、《李爾王》和《馬克白》。請問這位劇作家是？,莎士比亞 William Shakespeare,4.5,文學,西方文學
這位英國女作家以其偵探小說聞名，創造了著名偵探赫爾克里·波洛和瑪波小姐。請問這位作家是？,阿嘉莎·克莉絲蒂 Agatha Christie,4.5,文學,西方文學
這部由英國作家J.R.R.托爾金創作的奇幻小說，描寫了中土世界的史詩故事，圍繞至尊魔戒展開。請問這部小說是？,魔戒 The Lord of the Rings,4.5,文學,西方文學
這部由美國作家馬克·吐溫創作的小說，描寫了頑童湯姆在密西西比河畔的冒險經歷。請問這部小說是？,湯姆歷險記 The Adventures of Tom Sawyer,4.5,文學,西方文學
這位英國女作家以其描寫鄉紳生活的愛情小說聞名，代表作有《傲慢與偏見》、《理性與感性》。請問這位作家是？,珍·奧斯汀 Jane Austen,4.8,文學,西方文學
這部由英國作家夏綠蒂·勃朗特創作的小說，講述了一位獨立、堅強的女性追求愛情和平等的故事。請問這部小說是？,簡愛 Jane Eyre,4.8,文學,西方文學
這部由法國作家儒勒·凡爾納創作的科幻小說，講述了尼莫船長乘坐鸚鵡螺號潛艇在海底探險的故事。請問這部小說是？,海底兩萬里 Twenty Thousand Leagues Under the Seas,4.8,文學,西方文學
這部由英國作家丹尼爾·笛福創作的小說，講述了主人公在荒島上獨自生活的經歷。請問這部小說是？,魯濱遜漂流記 Robinson Crusoe,4.8,文學,西方文學
這部莎士比亞的悲劇講述丹麥王子為父報仇的故事，是世界文學的經典之作。請問這部悲劇是？,哈姆雷特 Hamlet,5,文學,西方文學
這部小說由法國作家維克多·雨果創作，描寫了19世紀法國社會的悲慘景象，主角尚萬強的經歷感人至深。請問這部小說是？,孤星淚 / 悲慘世界 Les Misérables,5,文學,西方文學
這位美國作家以其簡潔硬朗的文風和描寫戰爭、鬥牛、釣魚等題材聞名，代表作有《老人與海》、《戰地鐘聲》。請問這位作家是？,海明威 Ernest Hemingway,5,文學,西方文學
這部史詩通常被認為是荷馬的作品，講述了特洛伊戰爭最後幾週的故事，以英雄阿基里斯的憤怒為主線。請問這部史詩是？,伊利亞特 Iliad,5,文學,西方文學
這部由法國作家大仲馬創作的歷史小說，講述了三個火槍手與達太安的冒險故事。請問這部小說是？,三劍客 / 三個火槍手 The Three Musketeers,5,文學,西方文學
這部由美國作家海明威創作的中篇小說，講述了一位古巴老漁夫與巨大馬林魚搏鬥的故事。請問這部小說是？,老人與海 The Old Man and the Sea,5,文學,西方文學
這部由法國作家小仲馬創作的小說，講述了巴黎交際花瑪格麗特與青年阿芒的愛情悲劇。請問這部小說是？,茶花女 The Lady of the Camellias,5.2,文學,西方文學
這位美國作家以其短篇恐怖小說和偵探小說聞名，被譽為現代偵探小說的先驅，作品有《烏鴉》、《莫爾格街兇殺案》。請問他是誰？,愛倫·坡 Edgar Allan Poe,5.2,文學,西方文學
這部英國作家的反烏托邦小說描寫了一個極權主義社會，其中的「老大哥」監視著一切。請問這部小說是？,一九八四 Nineteen Eighty-Four,5.5,文學,西方文學
這位俄國作家是19世紀現實主義文學的代表人物，作品深刻描寫了俄羅斯社會的眾生相，代表作有《戰爭與和平》、《安娜·卡列尼娜》。請問這位作家是？,托爾斯泰 Leo Tolstoy,5.5,文學,西方文學
這本著作是達爾文進化論思想的代表作，於1859年出版，詳細闡述了自然選擇的原理。請問這本著作是？,物種起源 On the Origin of Species,5.5,文學,西方文學
這部英國小說由瑪麗·雪萊創作，被認為是哥特小說和早期科幻小說的代表作，講述了一個科學家創造怪物的悲劇。請問這部小說是？,科學怪人 / 弗蘭肯斯坦 Frankenstein,5.5,文學,西方文學
這位意大利詩人是文藝復興時期的先驅，其長詩《神曲》描寫了穿越地獄、煉獄和天堂的旅程。請問這位詩人是？,但丁 Dante Alighieri,5.8,文學,西方文學
這位英國詩人是浪漫主義文學的代表人物之一，作品充滿激情和想像力，代表作有《唐璜》、《恰爾德·哈羅爾德遊記》。請問這位詩人是？,拜倫 Lord Byron,5.8,文學,西方文學
這部由英國作家查爾斯·狄更斯創作的小說，描寫了法國大革命時期倫敦和巴黎兩個城市的故事。請問這部小說是？,雙城記 A Tale of Two Cities,5.8,文學,西方文學
這部由美國作家哈波·李創作的小說，通過一個小女孩的視角探討了美國南部的種族歧視和司法不公。請問這部小說是？,殺死一隻知更鳥 To Kill a Mockingbird,5.8,文學,西方文學
這位英國作家被譽為「科幻小說之父」之一，作品充滿科學想像力，代表作有《時間機器》、《世界大戰》。請問這位作家是？,H.G.威爾斯 H. G. Wells,6,文學,西方文學
這位美國詩人以其自由詩風格和對美國民主、自然和個人的歌頌而聞名，代表作是詩集《草葉集》。請問這位詩人是？,惠特曼 Walt Whitman,6,文學,西方文學
這部著作是古希臘哲學家柏拉圖的代表作，以對話體形式探討了正義、理想國家和哲學家王等議題。請問這部著作是？,理想國 The Republic,6,文學,西方文學
這位英國詩人是浪漫主義運動的代表人物，其詩歌充滿對自然的熱愛和對個人情感的抒發，代表作有《我孤獨地漫遊，像一朵雲》。請問他是誰？,威廉·華茲華斯 William Wordsworth,6,文學,西方文學
這部由美國作家F·斯科特·菲茨傑拉德創作的小說，描寫了美國「爵士時代」的浮華與幻滅。請問這部小說是？,大亨小傳 / 了不起的蓋茨比 The Great Gatsby,6,文學,西方文學
這位法國作家是19世紀現實主義文學的巨匠，其《人間喜劇》系列小說描繪了法國社會的廣闊圖景。請問這位作家是？,巴爾扎克 Honoré de Balzac,6.2,文學,西方文學
這部古希臘悲劇由歐里庇得斯創作，講述了美狄亞為了報復丈夫伊阿宋而殺死自己孩子的殘酷故事。請問這部悲劇是？,美狄亞 Medea,6.2,文學,西方文學
這部由俄國作家列夫·托爾斯泰創作的史詩級小說，以拿破崙侵俄戰爭為背景，描寫了俄羅斯貴族社會的生活。請問這部小說是？,戰爭與和平 War and Peace,6.2,文學,西方文學
這部由美國作家納撒尼爾·霍桑創作的小說，以清教徒時期的北美殖民地為背景，探討了罪、內疚和社會壓迫。請問這部小說是？,紅字 The Scarlet Letter,6.2,文學,西方文學
這部由美國作家傑羅姆·大衛·塞林格創作的小說，描寫了青少年主人公霍爾頓對成人世界的反叛和迷茫。請問這部小說是？,麥田捕手 / 麥田裡的守望者 The Catcher in the Rye,6.2,文學,西方文學
這位哥倫比亞作家是魔幻現實主義文學的代表人物，其代表作《百年孤寂》描寫了布恩迪亞家族七代人的傳奇故事。請問這位作家是？,加西亞·馬奎斯 Gabriel García Márquez,6.5,文學,西方文學
這位捷克作家是現代主義文學的代表人物，作品風格荒誕、壓抑，探討異化和官僚主義等主題，代表作有《變形記》、《審判》。請問這位作家是？,卡夫卡 Franz Kafka,6.5,文學,西方文學
這位美國作家以其南方哥特風格的小說聞名，作品探討人性、墮落和救贖等主題，代表作有《聲音與憤怒》、《我彌留之際》。請問這位作家是？,威廉·福克納 William Faulkner,6.5,文學,西方文學
這位英國女作家以其描寫維多利亞時代社會現實的小說聞名，代表作有《米德爾馬契》。請問她是誰？,喬治·艾略特 George Eliot (Mary Ann Evans),6.5,文學,西方文學
這部古羅馬史詩由維吉爾創作，模仿荷馬史詩，講述了特洛伊英雄埃涅阿斯建立羅馬的故事。請問這部史詩是？,埃涅阿斯紀 Aeneid,6.5,文學,西方文學
這部由英國作家威廉·戈爾丁創作的小說，描寫了一群英國學童流落荒島後，人性逐漸走向野蠻和暴力的故事。請問這部小說是？,蒼蠅王 Lord of the Flies,6.5,文學,西方文學
這部由哥倫比亞作家加西亞·馬奎斯創作的魔幻現實主義小說，描寫了布恩迪亞家族七代人的傳奇故事。請問這部小說是？,百年孤寂 One Hundred Years of Solitude,6.5,文學,西方文學
這部由愛爾蘭作家奧斯卡·王爾德創作的唯一一部長篇小說，探討了青春、美麗、道德和墮落的主題。請問這部小說是？,道林·格雷的畫像 The Picture of Dorian Gray,6.5,文學,西方文學
這部由英國作家勃朗特姐妹之一艾米莉·勃朗特創作的小說，描寫了呼嘯山莊中兩代人的愛恨情仇，充滿狂野、神秘的氣息。請問這部小說是？,咆哮山莊 / 呼嘯山莊 Wuthering Heights,6.5,文學,西方文學
這部古希臘悲劇由索福克勒斯創作，講述了底比斯王俄狄浦斯在不知情下殺父娶母的命運悲劇。請問這部悲劇是？,伊底帕斯王 Oedipus Rex,6.8,文學,西方文學
這位俄國作家以其心理描寫深刻、探討人性善惡的小說聞名，代表作有《罪與罰》、《卡拉馬助夫兄弟們》。請問這位作家是？,杜斯妥也夫斯基 Fyodor Dostoevsky,6.8,文學,西方文學
這部由俄國作家陀思妥耶夫斯基創作的小說，探討了罪、罰、救贖和人性的複雜，主角是大學生拉斯柯爾尼科夫。請問這部小說是？,罪與罰 Crime and Punishment,6.8,文學,西方文學
這部由法國作家司湯達創作的小說，以拿破崙時代為背景，描寫了青年于連·索黑爾野心勃勃又充滿矛盾的一生。請問這部小說是？,紅與黑 The Red and the Black,6.8,文學,西方文學
這部由美國作家約翰·史坦貝克創作的小說，描寫了大蕭條時期奧克拉荷馬州農民被迫遷徙加州的苦難歷程。請問這部小說是？,憤怒的葡萄 The Grapes of Wrath,6.8,文學,西方文學
這部由法國作家福樓拜創作的長篇小說，描寫了女主角包法利夫人追求浪漫愛情而最終幻滅走向毀滅的故事，是現實主義文學的代表作。請問這部小說是？,包法利夫人 Madame Bovary,6.8,文學,西方文學
這部由俄國作家屠格涅夫創作的小說，描寫了舊貴族與年輕一代虛無主義者之間的衝突。請問這部小說是？,父與子 Fathers and Sons,6.8,文學,西方文學
這位愛爾蘭作家是現代主義文學的重要人物，其長篇小說《尤利西斯》以意識流手法描寫都柏林一天內發生的事情。請問這位作家是？,詹姆斯·喬伊斯 James Joyce,7,文學,西方文學
這部由德國作家歌德創作的詩體悲劇，取材於德國浮士德傳說，探討了知識、信仰、愛情和救贖等宏大主題。請問這部作品是？,浮士德 Faust,7,文學,西方文學
這部由英國作家托馬斯·哈代創作的小說，描寫了女主角苔絲悲慘的命運，揭示了維多利亞時代的社會偏見和道德束縛。請問這部小說是？,德伯家的苔絲 Tess of the d'Urbervilles,7,文學,西方文學
這部由英國作家維吉尼亞·吳爾芙創作的現代主義小說，以意識流手法描寫了一位倫敦貴婦一天中的生活和思緒。請問這部小說是？,達洛維夫人 Mrs Dalloway,7.2,文學,西方文學
這部由美國作家庫爾特·馮內果創作的反戰小說，以其非線性敘事和黑色幽默風格著稱。請問這部小說是？,第五號屠宰場 Slaughterhouse-Five,7.2,文學,西方文學
這部由愛爾蘭作家詹姆斯·喬伊斯創作的現代主義小說，以意識流手法描寫了主角利奧波德·布盧姆在都柏林一天內的經歷。請問這部小說是？,尤利西斯 Ulysses,7.5,文學,西方文學
這位馬其頓國王師從亞里士多德，繼承王位後東征西討，建立了橫跨歐亞非的龐大帝國。請問這位國王是？,亞歷山大大帝 Alexander the Great,4.8,歷史,世界史（古代～中世）
這位羅馬帝國的獨裁官，以其軍事才能和政治改革聞名，最終在公元前44年被元老院成員刺殺。請問這位人物是？,凱撒 Julius Caesar,5,歷史,世界史（古代～中世）
她是古埃及托勒密王朝的最後一位法老，以其美貌和與羅馬統帥凱撒、安東尼的關係聞名。請問這位女王是？,克麗奧佩脫拉七世 Cleopatra VII / 埃及妖后,5.5,歷史,世界史（古代～中世）
這是古希臘舉行的一項宗教和體育慶典，是現代奧運會的前身，舉辦地點在奧林匹亞。請問這個慶典是？,古代奧運會 Ancient Olympic Games,5.5,歷史,世界史（古代～中世）
這位埃及法老以其完整的陵墓被發現而聞名於世，其黃金面具成為古埃及文明的象徵。請問這位法老是？,圖坦卡門 Tutankhamun,5.5,歷史,世界史（古代～中世）
這場戰爭發生在公元前492年至前449年，希臘城邦聯盟成功抵禦了波斯帝國的入侵，著名戰役有馬拉松戰役、溫泉關戰役。請問這場戰爭是？,希波戰爭 Greco-Persian Wars,5.5,歷史,世界史（古代～中世）
這位法蘭克王國的統治者在公元800年被教宗加冕為「羅馬人的皇帝」，奠定了中世紀西歐的政治格局。請問他是誰？,查理曼 / 查理大帝 Charlemagne,5.5,歷史,世界史（古代～中世）
這位埃及豔后是托勒密王朝的最後一任統治者，曾與凱撒和安東尼有過戀情。請問她的名字是？,克麗奧佩脫拉七世 Cleopatra VII,5.5,歷史,世界史（古代～中世）
這位迦太基將領在第二次布匿戰爭中率軍翻越阿爾卑斯山，多次擊敗羅馬軍隊。請問他是誰？,漢尼拔 Hannibal Barca,5.8,歷史,世界史（古代～中世）
這位古希臘數學家被譽為「幾何學之父」，其著作《幾何原本》是數學史上的里程碑。請問他是誰？,歐幾里得 Euclid,5.8,歷史,世界史（古代～中世）
這位古希臘歷史學家被譽為「歷史之父」，其著作《歷史》記述了希波戰爭等事件。請問他是誰？,希羅多德 Herodotus,6,歷史,世界史（古代～中世）
這位羅馬共和國末期的政治家、哲學家和演說家，以其雄辯和對共和制度的捍衛而聞名。請問他是誰？,西塞羅 Cicero,6.2,歷史,世界史（古代～中世）
這位拜占庭帝國皇帝在位期間編纂了《查士丁尼法典》，並試圖收復西羅馬帝國的失地。請問他是誰？,查士丁尼一世 Justinian I,6.2,歷史,世界史（古代～中世）
這位英國國王簽署了《大憲章》，限制了王權，被視為英國君主立憲制的開端。請問他是誰？,約翰王 King John,6.2,歷史,世界史（古代～中世）
這場戰爭發生在公元前431年至前404年，由雅典領導的提洛同盟與斯巴達領導的伯羅奔尼撒同盟之間展開。請問這場戰爭是？,伯羅奔尼撒戰爭 Peloponnesian War,6.5,歷史,世界史（古代～中世）
這場戰爭發生在公元前264年至前146年，羅馬共和國與迦太基之間為爭奪地中海霸權而進行了三次戰爭。請問這場戰爭是？,布匿戰爭 Punic Wars,6.5,歷史,世界史（古代～中世）
這位古埃及法老進行了宗教改革，推崇太陽神阿頓的一神信仰，並將首都遷至阿瑪納。請問他是誰？,阿肯那頓 Akhenaten,6.8,歷史,世界史（古代～中世）
這位意大利物理學家和天文學家改進了望遠鏡，並用其進行天文觀測，支持哥白尼的日心說，被譽為「觀測天文學之父」，請問他是誰？,伽利略·伽利萊 Galileo Galilei,3.2,歷史,世界史（近世）
這位蒙古帝國的創始人，統一了蒙古各部落，建立了橫跨歐亞的龐大帝國。請問這位領袖是？,成吉思汗 Genghis Khan,3.6,歷史,世界史（近世）
他是美國第一任總統，領導了美國獨立戰爭，被譽為「美國國父」。請問這位總統是？,喬治·華盛頓 George Washington,3.8,歷史,世界史（近世）
這位波蘭天文學家提出了日心說，認為太陽是宇宙的中心地球和其他行星圍繞太陽運行，他的理論顛覆了傳統的地心說，請問他是誰？,尼古拉·哥白尼 Nicolaus Copernicus,4,歷史,世界史（近世）
這位英國物理學家提出了萬有引力定律和三大運動定律，奠定了經典物理學的基礎。請問這位科學家是？,牛頓 Isaac Newton,4.2,歷史,世界史（近世）
這位意大利文藝復興時期的博學家，在繪畫、雕塑、建築、科學等多個領域都有卓越成就，代表作有《蒙娜麗莎》、《最後的晚餐》。請問這位人物是？,達文西 Leonardo da Vinci,4.2,歷史,世界史（近世）
這位探險家在1492年受西班牙資助，橫渡大西洋，抵達美洲，開啟了歐洲人探索和殖民美洲的時代。請問這位探險家是？,哥倫布 Christopher Columbus,4.5,歷史,世界史（近世）
他是法蘭西第一帝國的皇帝，以其卓越的軍事才能和政治手腕征服了歐洲大部分地區。請問這位皇帝是？,拿破崙·波拿巴 Napoleon Bonaparte,4.5,歷史,世界史（近世）
這是18世紀末在法國爆發的一場深刻的社會政治革命，推翻了君主專制統治，對世界歷史產生了深遠影響。請問這場革命是？,法國大革命 French Revolution,5,歷史,世界史（近世）
這位意大利藝術家是文藝復興盛期「三傑」之一，以其雕塑《大衛像》和西斯汀禮拜堂的壁畫《創世紀》聞名。請問這位藝術家是？,米開朗基羅 Michelangelo,5,歷史,世界史（近世）
這位航海家率領的船隊在1519年至1522年首次完成了環球航行，證明了地球是圓的。請問這位航海家是？,麥哲倫 Ferdinand Magellan,5,歷史,世界史（近世）
這位發明家改良了蒸汽機，大大提高了其效率，推動了工業革命的發展。請問他是誰？,瓦特 James Watt,5,歷史,世界史（近世）
這位葡萄牙航海家首次率領船隊繞過非洲好望角，開闢了通往東方的新航路。請問他是誰？,瓦斯科·達·伽馬 Vasco da Gama,5.2,歷史,世界史（近世）
這位英國女王是都鐸王朝的最後一位君主，在位期間英國擊敗了西班牙無敵艦隊，文化藝術也空前繁榮。請問她是誰？,伊莉莎白一世 Elizabeth I,5.2,歷史,世界史（近世）
這位英國國王因渴望與安妮·博林結婚而推動宗教改革，使英國教會脫離羅馬教廷。請問這位國王是？,亨利八世 Henry VIII,5.5,歷史,世界史（近世）
這是美國歷史上的重要文獻，於1776年7月4日發表，宣告北美十三個殖民地脫離英國獨立。請問這份文獻是？,美國獨立宣言 United States Declaration of Independence,5.5,歷史,世界史（近世）
這位法國君主在位長達72年，是歐洲歷史上在位時間最長的君主之一，以其專制統治和凡爾賽宮的奢華聞名，自稱「太陽王」。請問這位君主是？,路易十四 Louis XIV,5.5,歷史,世界史（近世）
這位德國宗教改革家在1517年發表《九十五條論綱》，反對羅馬天主教會的贖罪券，開啟了新教改革運動。請問這位人物是？,馬丁·路德 Martin Luther,5.5,歷史,世界史（近世）
這位美國開國元勳是《獨立宣言》的主要執筆者，也是美國第三任總統。請問他是誰？,湯瑪斯·傑弗遜 Thomas Jefferson,5.5,歷史,世界史（近世）
這位俄國沙皇推行西化改革，使俄國走向強盛，被尊稱為「彼得大帝」。請問這位沙皇是？,彼得一世 Peter the Great,5.8,歷史,世界史（近世）
這場發生在17世紀英國的內戰，最終導致國王查理一世被處決，克倫威爾建立了共和國。請問這場內戰是？,英國內戰 English Civil War,6,歷史,世界史（近世）
這位沙皇被稱為「恐怖的伊凡」，是俄羅斯歷史上第一位正式使用「沙皇」稱號的君主。請問他是誰？,伊凡四世 Ivan IV (Ivan the Terrible),6,歷史,世界史（近世）
這位法國啟蒙思想家主張三權分立學說，其著作《論法的精神》對後世政治制度產生深遠影響。請問他是誰？,孟德斯鳩 Montesquieu,6,歷史,世界史（近世）
這位俄國女皇通過政變推翻其丈夫彼得三世，統治期間俄國領土擴張，國力增強，被譽為「葉卡捷琳娜大帝」。請問她是誰？,葉卡捷琳娜二世 Catherine the Great,6,歷史,世界史（近世）
這位神聖羅馬帝國皇帝和西班牙國王，統治時期面臨宗教改革、與法國的戰爭等多重挑戰。請問這位君主是？,查理五世 Charles V,6.2,歷史,世界史（近世）
這位西班牙征服者率領隊伍滅亡了阿茲特克帝國。請問他是誰？,荷南·科爾蒂斯 Hernán Cortés,6.5,歷史,世界史（近世）
這位意大利政治家、外交家和作家，其著作《君王論》闡述了現實主義的政治權術思想。請問他是誰？,馬基維利 Niccolò Machiavelli,6.5,歷史,世界史（近世）
這位美國發明家和商人發明了留聲機、電影攝影機和實用的白熾燈泡等，擁有一千多項專利，請問這位被譽為「發明大王」的人是？,湯瑪斯·愛迪生 Thomas Edison,2,歷史,世界史（近現代）
這場發生在1939年至1945年的全球性衝突，是人類歷史上規模最大、破壞最嚴重的戰爭。請問這場戰爭是？,第二次世界大戰 World War II,4,歷史,世界史（近現代）
這位英國科學家提出了進化論和自然選擇學說，其著作《物種起源》顛覆了傳統的生物觀。請問他是誰？,查爾斯·達爾文 Charles Darwin,4,歷史,世界史（近現代）
這位德國獨裁者是納粹黨的領袖，發動了第二次世界大戰，並推行種族滅絕政策。請問這位獨裁者是？,阿道夫·希特拉 Adolf Hitler,4.2,歷史,世界史（近現代）
這位美國總統在任期間領導國家度過了南北戰爭，維護了國家統一，並廢除了奴隸制。請問這位總統是？,亞伯拉罕·林肯 Abraham Lincoln,4.5,歷史,世界史（近現代）
這場發生在1914年至1918年的全球性衝突，主要參戰方為協約國和同盟國，對世界格局產生了深遠影響。請問這場戰爭是？,第一次世界大戰 World War I,4.5,歷史,世界史（近現代）
這位德國出生的美國物理學家被譽為「原子彈之父」，在第二次世界大戰期間領導了曼哈頓計劃，負責研製原子彈，請問他是誰？,羅伯特·奧本海默 J. Robert Oppenheimer,4.5,歷史,世界史（近現代）
這位印度獨立運動的領導人，倡導非暴力不合作，被尊稱為「聖雄」。請問他是誰？,甘地 Mohandas Karamchand Gandhi,4.5,歷史,世界史（近現代）
這位南非反種族隔離革命家，曾因政治活動入獄27年，後成為南非首位黑人總統，致力於種族和解。請問這位人物是？,曼德拉 Nelson Mandela,4.8,歷史,世界史（近現代）
這位美國民權運動領袖，倡導非暴力抵抗，發表了著名演講《我有一個夢想》。請問這位領袖是？,馬丁·路德·金 Martin Luther King Jr.,4.8,歷史,世界史（近現代）
這位馬丁·路德·金的戰友，後來成為南非首位黑人總統，致力於廢除種族隔離制度。請問他是誰？,納爾遜·曼德拉 Nelson Mandela,4.8,歷史,世界史（近現代）
這位英國理論物理學家，提出了黑洞蒸發理論，著有《時間簡史》。請問他是誰？,史蒂芬·霍金 Stephen Hawking,4.8,歷史,世界史（近現代）
這位英國首相在第二次世界大戰期間領導英國抵抗納粹德國，以其堅韌不拔的精神和鼓舞人心的演講聞名。請問這位首相是？,溫斯頓·丘吉爾 Winston Churchill,5,歷史,世界史（近現代）
這位英國女王在位長達63年，其統治時期被稱為「維多利亞時代」，是大英帝國的鼎盛時期。請問這位女王是？,維多利亞女王 Queen Victoria,5,歷史,世界史（近現代）
這位美國總統在任期間推行「新政」（New Deal），幫助美國度過大蕭條時期，並領導美國參加二戰。請問他是誰？,富蘭克林·羅斯福 Franklin D. Roosevelt (FDR),5,歷史,世界史（近現代）
這位蘇聯領導人在第二次世界大戰期間及戰後統治蘇聯，以其鐵腕統治和個人崇拜聞名。請問這位領導人是？,史太林 Joseph Stalin,5.2,歷史,世界史（近現代）
這場發生在1950年至1953年的戰爭，是冷戰時期的第一場大規模局部戰爭，參戰方包括北韓、中國、南韓及以美國為首的聯合國軍。請問這場戰爭是？,韓戰 Korean War,5.2,歷史,世界史（近現代）
這次事件發生在1929年至1930年代，全球經濟陷入嚴重衰退，對各國社會和政治產生了深遠影響。請問這次經濟危機是？,大蕭條 The Great Depression,5.5,歷史,世界史（近現代）
她是英國歷史上第一位女首相，以其強硬的政治作風和經濟政策聞名，人稱「鐵娘子」。請問這位前首相是？,戴卓爾夫人 Margaret Thatcher,5.5,歷史,世界史（近現代）
這位古巴革命領導人，領導推翻了巴蒂斯塔獨裁政權，建立了古巴社會主義國家，長期擔任古巴最高領導人。請問這位人物是？,菲德爾·卡斯特羅 Fidel Castro,5.5,歷史,世界史（近現代）
這位蘇聯領導人發起了「改革重組」（Perestroika）和「公開性」（Glasnost），最終導致蘇聯解體。請問他是誰？,戈巴契夫 Mikhail Gorbachev,5.5,歷史,世界史（近現代）
這位奧地利大公在薩拉熱窩被刺殺，成為第一次世界大戰的導火線。請問他是誰？,斐迪南大公 Archduke Franz Ferdinand,5.5,歷史,世界史（近現代）
這位德國哲學家和革命家，與恩格斯共同創立了馬克思主義，著有《資本論》。請問他是誰？,卡爾·馬克思 Karl Marx,5.5,歷史,世界史（近現代）
這位法國微生物學家、化學家，發明了巴氏消毒法，並研製出狂犬病疫苗。請問他是誰？,路易·巴斯德 Louis Pasteur,5.5,歷史,世界史（近現代）
這次革命發生在1917年的俄國，推翻了沙皇專制統治，最終建立了世界上第一個社會主義國家。請問這次革命是？,俄國十月革命 October Revolution,5.8,歷史,世界史（近現代）
這次發生在1962年的危機，是冷戰時期美蘇之間最接近核戰爭的對抗，起因是蘇聯在古巴部署導彈。請問這次危機是？,古巴導彈危機 Cuban Missile Crisis,5.8,歷史,世界史（近現代）
這次事件發生於1914年6月28日，奧匈帝國皇儲斐迪南大公夫婦在薩拉熱窩被塞爾維亞民族主義者刺殺，成為第一次世界大戰的導火線。請問這次事件是？,薩拉熱窩事件 Sarajevo Incident,5.8,歷史,世界史（近現代）
這場戰爭發生在1904年至1905年，日本與俄羅斯為爭奪在中國東北和朝鮮的利益而爆發。請問這場戰爭是？,日俄戰爭 Russo-Japanese War,5.8,歷史,世界史（近現代）
這位德意志帝國的「鐵血宰相」，通過普丹、普奧、普法三次王朝戰爭統一了德國。請問他是誰？,俾斯麥 Otto von Bismarck,5.8,歷史,世界史（近現代）
這位美國政治家是《獨立宣言》的主要起草人，後來成為美國第三任總統。請問這位人物是？,湯馬斯·傑弗遜 Thomas Jefferson,6.5,歷史,世界史（近現代）
這位春秋時期的思想家、教育家，是儒家學派的創始人，其思想對中國及東亞文化產生了深遠影響。請問他是誰？,孔子,3.5,歷史,中國史（～魏晉南北朝）
這位三國時期蜀漢的丞相，以其智慧和忠誠輔佐劉備父子，著有《出師表》。請問他是誰？,諸葛亮,4,歷史,中國史（～魏晉南北朝）
這位三國時期曹魏的奠基者，是著名的政治家、軍事家和文學家。請問他是誰？,曹操,4.2,歷史,中國史（～魏晉南北朝）
這位秦朝末年的軍事領袖，在鉅鹿之戰中破釜沉舟，大敗秦軍，後與劉邦爭奪天下失敗，自刎於烏江。請問這位人物是？,項羽,4.8,歷史,中國史（～魏晉南北朝）
這位西漢的史學家、文學家，著有《史記》，開創了紀傳體史書的體例。請問他是誰？,司馬遷,5,歷史,中國史（～魏晉南北朝）
這位漢朝皇帝採納董仲舒的建議，「罷黜百家，獨尊儒術」，使儒家思想成為中國封建社會的正統思想。請問這位皇帝是？,漢武帝 Emperor Wu of Han,5.5,歷史,中國史（～魏晉南北朝）
這是秦始皇統治時期的一項政策，旨在統一思想、壓制異議，涉及焚燒書籍和坑殺儒生。請問這個歷史事件是？,焚書坑儒,5.5,歷史,中國史（～魏晉南北朝）
這位秦朝的丞相，協助秦始皇統一度量衡、文字和貨幣，但後來因趙高誣陷而被腰斬。請問他是誰？,李斯,5.5,歷史,中國史（～魏晉南北朝）
這位東晉時期的書法家被譽為「書聖」，其代表作《蘭亭集序》被稱為「天下第一行書」。請問他是誰？,王羲之,5.5,歷史,中國史（～魏晉南北朝）
這位戰國時期著名的縱橫家，主張合縱抗秦，身佩六國相印。請問他是誰？,蘇秦,5.5,歷史,中國史（～魏晉南北朝）
這位漢朝將領被匈奴俘虜後，持節不屈達十九年之久，是忠誠愛國的典範。請問他是誰？,蘇武,5.8,歷史,中國史（～魏晉南北朝）
這位漢初的開國功臣，以其卓越的軍事才能被譽為「兵仙」，後被呂后設計殺害。請問他是誰？,韓信,5.8,歷史,中國史（～魏晉南北朝）
這位西漢名將，七次出擊匈奴，取得了漠北之戰的勝利，封為大司馬驃騎將軍。請問他是誰？,霍去病,6,歷史,中國史（～魏晉南北朝）
這位南北朝時期的數學家、天文學家，精確計算出圓周率到小數點後第七位。請問他是誰？,祖沖之,6.2,歷史,中國史（～魏晉南北朝）
這位東漢末年的醫學家被尊稱為「醫聖」，著有《傷寒雜病論》。請問他是誰？,張仲景,6.2,歷史,中國史（～魏晉南北朝）
這位北魏時期的改革家，推行漢化政策，遷都洛陽，促進了民族融合。請問他是誰？,北魏孝文帝 Emperor Xiaowen of Northern Wei,6.5,歷史,中國史（～魏晉南北朝）
這位中國共產黨的主要創始人之一，領導了中國革命，建立了中華人民共和國。請問這位領袖是？,毛澤東,3.5,歷史,中國史（清末～）
這場戰爭發生在1839年至1842年，英國以鴉片貿易為藉口對清朝發動戰爭，最終迫使清朝簽訂《南京條約》。請問這場戰爭是？,第一次鴉片戰爭 First Opium War,4.8,歷史,中國史（清末～）
這次事件發生在1894年至1895年，清朝與日本為爭奪朝鮮控制權而爆發戰爭，最終清朝戰敗，簽訂《馬關條約》。請問這次事件是？,甲午戰爭 First Sino-Japanese War,5,歷史,中國史（清末～）
這位清朝末年的重要政治人物，是洋務運動的主要領導者之一，創辦了江南製造總局、輪船招商局等。請問這位人物是？,李鴻章,5.2,歷史,中國史（清末～）
這場發生在19世紀中葉的中國南方大規模農民起義，由洪秀全領導，建立了太平天國政權。請問這次起義是？,太平天國運動,5.2,歷史,中國史（清末～）
這位清朝末年的重要官員，是洋務運動的代表人物之一，創辦了福州船政局。請問他是誰？,左宗棠,5.8,歷史,中國史（清末～）
這位中國近代思想家、革命家，是戊戌變法的領導者之一，著有《仁學》。請問他是誰？,譚嗣同,6.2,歷史,中國史（清末～）
這位中國歷史上唯一的女皇帝，建立了武周王朝，統治期間頗有政績。請問這位女皇帝是？,武則天,4.2,歷史,中國史（隋～清中葉）
這位唐朝高僧歷經艱險前往天竺（印度）取經，帶回大量佛經，對中國佛教發展產生了深遠影響。請問這位高僧是？,玄奘,4.5,歷史,中國史（隋～清中葉）
這位明朝航海家曾七次奉命下西洋，遍訪亞非多國，促進了中國與海外的交流。請問這位航海家是？,鄭和,4.5,歷史,中國史（隋～清中葉）
這位宋朝名將以精忠報國、抗擊金兵聞名，後被奸臣秦檜以「莫須有」罪名殺害。請問這位名將是？,岳飛,4.8,歷史,中國史（隋～清中葉）
這位清朝乾隆年間的權臣，以巨貪聞名，後被嘉慶皇帝賜死。請問他是誰？,和珅,5,歷史,中國史（隋～清中葉）
這位清朝皇帝在位61年，是中國歷史上在位時間最長的皇帝，其統治時期被稱為「康乾盛世」的一部分。請問這位皇帝是？,康熙帝,5.2,歷史,中國史（隋～清中葉）
這位南宋末年的民族英雄，抵抗元朝入侵失敗後，留下「人生自古誰無死，留取丹心照汗青」的詩句後就義。請問他是誰？,文天祥,5.2,歷史,中國史（隋～清中葉）
這位明朝皇帝發動靖難之役奪取皇位，遷都北京，並派遣鄭和下西洋。請問這位皇帝是？,明成祖 / 朱棣,5.5,歷史,中國史（隋～清中葉）
這位明朝末年的農民起義領袖，率軍攻入北京，推翻明朝統治，但很快被清軍擊敗。請問他是誰？,李自成,5.5,歷史,中國史（隋～清中葉）
這位清朝皇帝是康熙帝的第四子，在位期間整頓吏治，加強中央集權。請問他是誰？,雍正帝,5.5,歷史,中國史（隋～清中葉）
這位北宋的改革家，推行變法試圖富國強兵，但最終失敗。請問他是誰？,王安石,5.5,歷史,中國史（隋～清中葉）
這位女真族首領統一女真各部，建立後金政權，為清朝的建立奠定了基礎。請問他是誰？,努爾哈赤,5.8,歷史,中國史（隋～清中葉）
這位明朝著名的清官，以其廉潔公正、不畏權貴而深受百姓愛戴。請問他是誰？,海瑞,6,歷史,中國史（隋～清中葉）
這位唐朝高僧為鑒真東渡日本弘揚佛法，歷經多次失敗最終成功。請問他是誰？,鑒真,6,歷史,中國史（隋～清中葉）
這位唐朝著名的奸相，口蜜腹劍，排斥賢能，最終導致安史之亂。請問他是誰？,李林甫,6.8,歷史,中國史（隋～清中葉）
這是一個描述領土主權轉移的政治術語，在香港特指1997年7月1日發生主權由英國移交至中華人民共和國的事件，與此相對的詞語是「殖民統治」，請問這個標誌香港歷史轉折點的事件通稱為什麼？,香港回歸 / 主權移交 Handover of Hong Kong / Transfer of sovereignty over Hong Kong,2.5,歷史,香港史
在香港回歸前發行的一系列硬幣上，印有當時在位的英國君主的頭像。請問這位英國君主是？,英女皇伊利沙伯二世 Queen Elizabeth II,3.5,歷史,香港史
這是一份由兩國政府簽署的國際文件，於1984年簽訂內容關乎香港的前途問題，確立了中國將於1997年恢復對香港行使主權以及香港將實行「一國兩制」，請問這份決定香港命運的文件全稱是？,中華人民共和國政府和大不列顛及北愛爾蘭聯合王國政府關於香港問題的聯合聲明 Sino-British Joint Declaration,4.5,歷史,香港史
這種雀鳥在香港非常常見，體型細小，羽毛多為啡色和灰色，經常在市區和公園活動。請問這種雀鳥是？,麻雀 Sparrow,2,理科,動植物
這種花是香港的市花，在香港區旗和區徽上都有出現。請問這種花是？,洋紫荊 Bauhinia blakeana,3,理科,動植物
這兩隻大熊貓曾是香港海洋公園的明星動物，深受市民和遊客喜愛，分別於2016年和2022年離世。請問牠們的名字是？,佳佳與安安 Jia Jia and An An,4,理科,動植物
這是一種重要的無機化合物，化學式是 H₂O，是地球上所有已知生命生存所必需的，覆蓋了地球表面的大部分，請問這種物質是？,水 Water,1,理科,化學
這是一種無色無味的氣體，佔地球大氣約 21%，是生命呼吸所必需的，也是燃燒反應的助燃劑，請問這種化學元素是？,氧氣 Oxygen,1.5,理科,化學
它是一種常見的鹽，化學式是 NaCl，是維持人體正常生理功能所必需的，也是日常烹飪中重要的調味料，請問這種化合物是？,氯化鈉 Sodium chloride / 食鹽 Table salt,1.5,理科,化學
這個化學元素是最輕的元素，也是宇宙中含量最豐富的元素，是構成水和所有有機物的基本成分，符號是 H，請問這個元素是？,氫 Hydrogen,1.8,理科,化學
這是一種金屬元素，符號 Au，以其稀有、穩定和美麗的黃色光澤而備受珍視，常用作貨幣儲備和珠寶製作，請問這個貴金屬是？,黃金 Gold,1.8,理科,化學
這個化學術語指由兩種或多種元素以固定比例通過化學鍵結合而成的純淨物，具有特定的化學性質，例如水（H₂O）、二氧化碳（CO₂），請問這類物質是？,化合物 Compound,2,理科,化學
它是一種非金屬元素，符號 C，是構成所有有機物的基本骨架，以鑽石和石墨等同素異形體存在，請問這個元素是？,碳 Carbon,2,理科,化學
這個化學術語指原子失去或獲得電子後形成的帶電粒子，失去電子帶正電稱為陽離子，獲得電子帶負電稱為陰離子，請問這個帶電粒子是？,離子 Ion,2.5,理科,化學
這個化學概念用於量度溶液的酸鹼程度，數值範圍通常是 0 到 14，7 代表中性，小於 7 代表酸性，大於 7 代表鹼性，請問這個值是？,pH值 pH,2.8,理科,化學
這是一個基本的化學定律，指出在任何化學反應中，反應前後物質的總質量保持不變，請問這個定律是？,質量守恆定律 Law of conservation of mass,2.8,理科,化學
這個鹼土金屬元素是骨骼和牙齒的主要成分，也參與肌肉收縮和神經傳導，符號是 Ca，常見化合物有碳酸鈣（石灰石），請問這個元素是？,鈣 Calcium,2.8,理科,化學
這個化學過程是指酸和鹼反應生成鹽和水的過程，反應後溶液的酸鹼性趨於中和，請問這個反應是？,中和反應 Neutralization reaction,3,理科,化學
這是化學中用於展示化學元素的表格，按原子序數、電子構型和化學性質排列。請問這個表格是？,元素週期表 Periodic Table,3,理科,化學
這個化學術語指表示分子中原子種類和確切數目的化學式，例如葡萄糖的分子式是 C₆H₁₂O₆，請問這個化學式是？,分子式 Molecular formula,3,理科,化學
這個非金屬元素是地球大氣中最豐富的元素，佔大氣體積約 78%，是蛋白質和核酸的重要組成部分，符號是 N，請問這個元素是？,氮 Nitrogen,3,理科,化學
這位波蘭裔法國籍物理學家和化學家是放射性研究的先驅，發現了釙和鐳兩種元素，是首位獲得兩次諾貝爾獎（物理學和化學）的人，請問她是誰？,瑪麗·居禮 Marie Curie,3,理科,化學
這是一種常見的金屬，符號是 Al，質輕、耐腐蝕，是地殼中含量最豐富的金屬元素，廣泛應用於航空、建築和包裝等領域，請問這個金屬是？,鋁 Aluminium,3,理科,化學
這個化學術語指溶液中溶質的量與溶液或溶劑的量之比，常用的表示方法有質量分數、體積分數、摩爾濃度等，請問這個量度是？,濃度 Concentration,3.2,理科,化學
這種化學反應類型是指一種化合物分解成兩種或多種較簡單物質的反應，例如水電解生成氫氣和氧氣，請問這種反應是？,分解反應 Decomposition reaction,3.5,理科,化學
這種化學反應類型是指兩種或多種較簡單的物質結合成一種較複雜物質的反應，例如氫氣和氧氣反應生成水，請問這種反應是？,化合反應 Combination reaction / Synthesis reaction,3.5,理科,化學
這位俄國化學家創建了元素週期表，根據元素的原子量和化學性質對其進行排序，並預測了當時尚未發現的元素，請問他是誰？,德米特里·門得列夫 Dmitri Mendeleev,3.5,理科,化學
這個貴族氣體元素是已知的最輕的惰性氣體，宇宙中含量第二豐富（僅次於氫），常用於填充氣球和飛艇，也用作冷卻劑，符號是 He，請問這個元素是？,氦 Helium,3.5,理科,化學
它是一種鹵素元素，符號是 Cl，常溫下是黃綠色有毒氣體，具有強氧化性，常用於消毒和漂白，請問這個元素是？,氯 Chlorine,3.5,理科,化學
這個化學術語指物質能夠溶解在特定溶劑中的最大量，通常以單位體積溶劑中溶質的質量或摩爾數表示，請問這個性質是？,溶解度 Solubility,3.5,理科,化學
這種有機化合物是生命的基礎分子之一，由碳、氫、氧三種元素組成，包括糖、澱粉和纖維素等，是生物體主要的能量來源，請問這類化合物統稱為什麼？,碳水化合物 Carbohydrate,3.5,理科,化學
這個化學過程是指金屬與其環境（如空氣、水）發生反應而逐漸損壞的過程，鐵生鏽是最常見的例子，請問這個過程是？,腐蝕 Corrosion,3.5,理科,化學
這個鹼金屬元素比鈉更活潑，其化合物（如氯化鉀）是植物生長必需的肥料成分，也用於維持人體電解質平衡，符號是 K，請問這個元素是？,鉀 Potassium,3.5,理科,化學
這是一種常見的酸，化學式是 HCl，是胃酸的主要成分，在工業上用途廣泛，具有強腐蝕性，請問這種酸是？,鹽酸 Hydrochloric acid,3.5,理科,化學
這個化學術語指能夠加快化學反應速率，而其本身在反應前後的化學性質和質量不發生改變的物質，請問這種物質是？,催化劑 Catalyst,3.8,理科,化學
這是一種化學反應類型，指物質與氧化合的過程，通常伴隨放熱和發光，例如燃燒，廣義上也指物質失去電子的過程，請問這種反應是？,氧化反應 Oxidation,3.8,理科,化學
這個化學元素是地殼中含量第二豐富的非金屬元素，僅次於氧，是製造玻璃、水泥和半導體（如電腦晶片）的重要原料，符號是 Si，請問這個元素是？,矽 Silicon,3.8,理科,化學
這個非金屬元素是構成生命體必需的元素之一，也用於製造硫酸（工業之母）和火藥，常溫下是黃色固體，符號是 S，請問這個元素是？,硫 Sulfur,3.8,理科,化學
這個金屬元素是地殼中含量最豐富的鹼土金屬，其化合物（如硫酸鎂、氧化鎂）常用作瀉藥、耐火材料和乾燥劑，符號是 Mg，請問這個元素是？,鎂 Magnesium,3.8,理科,化學
這個國際單位制中的基本單位用於量度電流強度，以一位法國物理學家的名字命名，符號是 A，請問這個單位是？,安培 Ampere,4,理科,化學
這個過程是指物質從固態不經過液態直接轉變為氣態的過程，例如乾冰（固態二氧化碳）在常溫常壓下會直接變成氣體，請問這個過程是？,昇華 Sublimation,4,理科,化學
這個非金屬元素是構成生命體必需的元素之一，是 DNA、RNA 和 ATP 的重要組成部分，也用於製造肥料和火柴，符號是 P，請問這個元素是？,磷 Phosphorus,4,理科,化學
這個化學術語指一種化學鍵，通過原子間靜電吸引力形成，通常發生在金屬原子和非金屬原子之間，例如氯化鈉中的鈉離子和氯離子，請問這種化學鍵是？,離子鍵 Ionic bond,4,理科,化學
這種化學鍵涉及兩個原子共享電子對，是構成大多數有機分子的主要鍵合方式，例如水分子中的氫氧鍵，請問這種化學鍵是？,共價鍵 Covalent bond,4.2,理科,化學
這個化學術語指具有相同原子數目但中子數目不同的同一元素的不同核種，它們的化學性質幾乎相同，但物理性質（如質量、放射性）可能不同，請問這類核種互稱為什麼？,同位素 Isotope,4.2,理科,化學
這個鹵素元素常溫下是黃綠色氣體，具有強氧化性和刺激性，是已知電負性最強的元素，其化合物（如氟利昂）曾廣泛使用但對臭氧層有破壞作用，符號是 F，請問這個元素是？,氟 Fluorine,4.2,理科,化學
這個鹵素元素是人體必需的微量元素之一，對甲狀腺激素的合成至關重要，缺乏會導致甲狀腺腫大，常溫下是紫黑色固體，符號是 I，請問這個元素是？,碘 Iodine,4.2,理科,化學
這個化學術語指表示分子中原子種類和數目的最簡整數比的化學式，例如葡萄糖的實驗式是 CH₂O，請問這個化學式是？,實驗式 / 最簡式 Empirical formula,4.5,理科,化學
這個貴族氣體元素在空氣中含量約為 1%，是一種惰性氣體，常用於填充燈泡以防止燈絲氧化，也用於焊接時作保護氣體，符號是 Ar，請問這個元素是？,氬 Argon,4.5,理科,化學
這個鹵素元素常溫下是紅棕色液體，具有強腐蝕性和刺激性氣味，其化合物可用作阻燃劑和消毒劑，符號是 Br，請問這個元素是？,溴 Bromine,4.5,理科,化學
這是一種常見的聚合物塑膠，縮寫為 PVC，常用於製造水管、電線外皮、窗框、地板等，請問這種塑膠是？,聚氯乙烯 Polyvinyl Chloride,4.5,理科,化學
這個化學術語指一莫耳（mole）物質所含的粒子數目，約等於 6.022 x 10²³，以一位意大利科學家的名字命名，請問這個常數是？,阿伏加德羅常數 Avogadro constant / Avogadro's number,4.5,理科,化學
這個化學元素是一種非金屬，是空氣中含量最高的惰性氣體，常用於填充燈泡和霓虹燈管（產生紅光），符號是 Ne，請問這個元素是？,氖 Neon,4.8,理科,化學
這種化學反應類型涉及氧化數的改變，即反應過程中發生電子轉移的反應，通常包含氧化過程和還原過程，請問這種反應是？,氧化還原反應 Redox reaction (Reduction-Oxidation),4.8,理科,化學
這個化學術語指在化學反應中實際消耗或生成的物質的量與理論上應消耗或生成的物質的量之比，通常以百分數表示，請問這個比率是？,產率 Yield,4.8,理科,化學
這位英國化學家和物理學家提出了原子論，認為物質由不可分割的原子組成，不同元素的原子具有不同的質量和性質，請問他是誰？,約翰·道爾頓 John Dalton,4.8,理科,化學
這個化學術語指具有相同分子式但原子排列方式或空間取向不同的化合物，它們可能具有不同的物理和化學性質，請問這類化合物互稱為什麼？,同分異構體 Isomer,5,理科,化學
這個化學術語指表示化學反應中反應物和生成物相對數量的計量關係，通常涉及摩爾比，請問這個概念是？,化學計量 Stoichiometry,5.5,理科,化學
這個貴族氣體元素在空氣中含量極少，是已知的最重的貴族氣體之一，用於高強度放電燈（如汽車頭燈）和閃光燈，符號是 Xe，請問這個元素是？,氙 Xenon,5.5,理科,化學
這個化學術語指在特定溫度和壓力下，可逆反應達到平衡狀態時，生成物濃度（或分壓）冪之積與反應物濃度（或分壓）冪之積的比值，是一個常數，請問這個常數是？,平衡常數 Equilibrium constant (K),5.8,理科,化學
這個化學術語指描述化學反應速率與反應物濃度之間關係的數學表達式，通常包含速率常數和反應級數，請問這個表達式是？,速率定律 / 速率方程 Rate law / Rate equation,6.5,理科,化學
這位瑞典化學家發明了現代化學命名法和符號系統，發現了矽、硒、釷等多種元素，請問這位對化學發展有巨大貢獻的科學家是？,永斯·貝采利烏斯 Jöns Jacob Berzelius,6.8,理科,化學
這個化學術語指溶液中所有溶質粒子的總摩爾濃度與理想溶液中相同溫度和壓力下非電解質溶液的摩爾濃度之比，反映了溶質在溶液中的解離或締合程度，請問這個因子是？,范特霍夫因子 van 't Hoff factor,7.2,理科,化學
這是一種自然現象，指地球表面或內部岩層突然釋放能量，引起地面震動，可能造成建築物損毀和人員傷亡，請問這種地質災害是？,地震 Earthquake,1.5,理科,地球科學
這個生物學概念指一個特定區域內所有生物（生物群落）與其非生物環境（如陽光、水、土壤）相互作用構成的動態系統，請問這個系統是？,生態系統 Ecosystem,2.5,理科,地球科學
這是地球上最大的生態系統，覆蓋了地球表面的 70% 以上，包含了極其多樣的生物和環境，請問這個生態系統是？,海洋生態系統 Marine ecosystem,2.8,理科,地球科學
這是香港天文台發出的最高級別熱帶氣旋警告信號，表示香港的風力已經或預計會達到颶風程度。請問這個信號是？,十號颶風信號 Hurricane Signal No. 10,3,理科,地球科學
這個生物學概念指地球上所有生命形式的多樣性，包括物種多樣性、遺傳多樣性和生態系統多樣性，請問這個概念是？,生物多樣性 Biodiversity,3,理科,地球科學
這種氣象儀器用於量度風向，通常安裝在建築物頂部，外形常設計成公雞或箭頭的模樣，請問這個儀器稱為什麼？,風向標 Wind vane / Weather vane,3.5,理科,地球科學
這是地球大氣層中最內層的一層，從地面延伸至約10-15公里高空，包含了地球上大部分的空氣和水汽，幾乎所有的天氣現象都發生在此層，請問這一層是？,對流層 Troposphere,4.8,理科,地球科學
這是指空氣中實際水蒸氣含量與同溫度下飽和水蒸氣含量的百分比，是量度空氣濕度的常用指標。請問這個氣象術語是？,相對濕度 Relative Humidity,6,理科,地球科學
它是太陽系的中心天體，是一顆黃矮星，通過核融合反應產生光和熱，為地球提供能量，請問這個恆星是？,太陽 Sun,1,理科,天文學
這是地球唯一的天然衛星，它圍繞地球公轉，對地球產生潮汐力，其陰晴圓缺是曆法的重要依據，請問這個天體是？,月球 Moon,1,理科,天文學
這顆行星是太陽系中最大的行星，是一顆氣態巨行星，以其表面的大紅斑（一個巨大的反氣旋風暴）而聞名，請問這顆行星是？,木星 Jupiter,2,理科,天文學
這顆帶有明顯環狀系統的行星是太陽系中第二大的行星，是一顆氣態巨行星，其密度小於水，請問這顆行星是？,土星 Saturn,2.2,理科,天文學
這個天文現象發生在當月球運行到地球和太陽之間，擋住了部分或全部太陽光的時候，分為日全食、日偏食和日環食，請問這個現象是？,日食 Solar eclipse,2.5,理科,天文學
這個天文現象是指當地球運行到太陽和月球之間，地球的影子投射到月球上，使得月球看起來變暗或呈現紅銅色，請問這個現象是？,月食 Lunar eclipse,2.5,理科,天文學
這顆行星是離太陽最近的行星，也是太陽系中最小的行星，表面類似月球布滿隕石坑，沒有大氣層和天然衛星，請問這顆行星是？,水星 Mercury,2.5,理科,天文學
這個巨大的星系是我們太陽系所在的星系，從地球上看去像一條銀色的河流橫跨夜空，是一個棒旋星系，請問這個星系是？,銀河系 Milky Way Galaxy,2.5,理科,天文學
這個天文學事件被認為是宇宙的開端，發生在大約 138 億年前，宇宙從一個極高溫、極高密度的狀態開始膨脹和冷卻，請問這個事件是？,大爆炸 Big Bang,3,理科,天文學
這顆淡藍色的行星是太陽系中第七顆行星，是一顆冰巨行星，其自轉軸相對於公轉軌道有極大的傾斜，幾乎是「躺著」運轉，請問這顆行星是？,天王星 Uranus,3,理科,天文學
這是太陽系中的八大行星之一，按距離太陽由近至遠排列第四，因其表面的氧化鐵而呈現紅色。請問這顆行星是？,火星 Mars,3,理科,天文學
這個天文術語指每年特定時間從天空中某個固定點（輻射點）輻射出來的大量流星的現象，由地球穿過彗星或小行星殘骸軌道引起，請問這個現象是？,流星雨 Meteor shower,3.2,理科,天文學
這顆藍色的行星是太陽系中距離太陽最遠的行星，是一顆冰巨行星，以其強烈的風暴（如大黑斑）而聞名，請問這顆行星是？,海王星 Neptune,3.2,理科,天文學
這個天文學術語指圍繞在某些行星（如土星、天王星）周圍由冰塊、塵埃和岩石組成的扁平環狀結構，請問這個結構是？,行星環 Planetary ring,3.5,理科,天文學
這個天文物體具有極強的引力，以至於包括光在內的任何物質都無法逃逸，是由大質量恆星坍縮形成的，請問這個天體是？,黑洞 Black hole,3.8,理科,天文學
這個天文學術語指兩個天體（如行星和恆星）在天空中看起來彼此靠近的現象，儘管它們在空間中可能相距很遠，請問這個現象是？,合 Conjunction,4,理科,天文學
這種類型的望遠鏡使用透鏡來聚焦光線形成圖像，伽利略和克卜勒都曾設計過這種類型的望遠鏡，請問它是？,折射望遠鏡 Refracting telescope,4,理科,天文學
這個天文學術語指恆星生命終結後留下的一種緻密殘骸，主要由電子簡併壓力支撐，體積小、密度極高，會逐漸冷卻變暗，請問這個天體是？,白矮星 White dwarf,4.5,理科,天文學
這個天文學術語指除太陽系行星之外的行星，即圍繞其他恆星運行的行星，近年來已發現數千顆，請問這類行星統稱為什麼？,系外行星 Exoplanet / Extrasolar planet,4.5,理科,天文學
這是一個位於火星和木星軌道之間的小行星密集區域，包含了數十萬顆大小不等的小行星，其中最大的是穀神星，請問這個區域是？,小行星帶 Asteroid Belt,4.8,理科,天文學
這個天文術語指恆星在其演化末期發生劇烈爆炸的現象，會釋放出巨大的能量並產生極高的亮度，其殘骸可能形成中子星或黑洞，請問這個現象是？,超新星 Supernova,4.8,理科,天文學
這個曾經被認為是太陽系第九大行星的天體，由於其大小和軌道特性，在2006年被國際天文學聯合會重新分類為矮行星。請問這個天體是？,冥王星 Pluto,5,理科,天文學
這個天文學術語指太陽系中除了行星、矮行星和它們的衛星之外的所有其他天體，包括小行星、彗星、柯伊伯帶天體和歐特雲天體等，請問這類天體統稱為什麼？,太陽系小天體 Small Solar System Body (SSSB),5,理科,天文學
這個天文單位用於量度恆星的亮度，數值越小表示恆星越亮，分為視星等（看起來的亮度）和絕對星等（實際發光能力），請問這個單位是？,星等 Magnitude,5,理科,天文學
這個天文學概念指恆星內部通過核融合將氫轉化為氦的階段，是恆星生命中最長、最穩定的階段，我們的太陽目前就處於這個階段，請問這個階段是？,主序星階段 Main sequence,5.2,理科,天文學
這個天文學術語指水星或金星從地球和太陽之間經過，在地球上觀測到一個小黑點劃過日面的現象，請問這個現象是？,凌日 Transit,5.5,理科,天文學
這個天文學分支研究宇宙的起源、演化、結構和最終命運，涉及廣義相對論、粒子物理學等多個領域，請問這個分支是？,宇宙學 Cosmology,5.8,理科,天文學
這個天文學術語指恆星生命末期拋出的氣體外殼被中心殘骸（通常是白矮星）發出的紫外輻射激發而發光形成的雲氣狀天體，與行星無關，請問這個天體是？,行星狀星雲 Planetary nebula,5.8,理科,天文學
這個天文現象是指來自遙遠天體的星光在到達地球前，受到沿途大質量天體（如星系、星系團）引力場的影響而發生彎曲的現象，愛因斯坦的廣義相對論預言了此現象，請問它是？,引力透鏡效應 Gravitational lensing,6.5,理科,天文學
這是我們太陽系外圍一個理論上存在的、包圍太陽系的巨大球狀雲團，被認為是長週期彗星的來源地，請問這個假想的雲團是？,歐特雲 Oort cloud,6.5,理科,天文學
這位法國數學家和天文學家將牛頓的萬有引力定律應用於太陽系，發展了天體力學，並提出了星雲假說來解釋太陽系的起源，請問他是誰？,皮耶-西蒙·拉普拉斯 Pierre-Simon Laplace,6.5,理科,天文學
這個天文學術語指行星圍繞恆星運行的橢圓軌道的近日點和遠日點連線，請問這條連線稱為什麼？,拱線 / 近遠軸線 Apsidal line,7.5,理科,天文學
這個數學常數約等於 3.14159，代表圓的周長與其直徑之比，是一個無理數，請問這個用希臘字母表示的常數是？,圓周率 Pi (π),1.8,理科,數學、電腦科學
這個數學定理描述了直角三角形三條邊之間的關係，即斜邊的平方等於兩條直角邊的平方和（a²+b²=c²），請問這個定理是？,畢氏定理 / 勾股定理 Pythagorean theorem,1.8,理科,數學、電腦科學
這個數學領域研究圖形的性質，包括點、線、面、體等，歐幾里得的《幾何原本》是其經典著作，請問這個領域是？,幾何學 Geometry,2.5,理科,數學、電腦科學
這位古希臘數學家被譽為「幾何學之父」，他的著作《幾何原本》是西方數學的基礎，系統地闡述了平面幾何和立體幾何，請問他是誰？,歐幾里得 Euclid,3.8,理科,數學、電腦科學
這是一種廣泛應用的高級程式語言，以其簡潔的語法和強大的功能而聞名，常用於數據科學、人工智能、網絡開發等領域。請問這種程式語言是？,Python,4,理科,數學、電腦科學
這個數學分支研究機率現象的數量規律，涉及隨機事件、機率分佈、期望值等概念，請問這個分支是？,機率論 Probability theory,4,理科,數學、電腦科學
這個計算機科學概念指一套定義好的、解決特定問題或完成特定任務的步驟，是編寫電腦程式的基礎，請問這個概念是？,演算法 Algorithm,4,理科,數學、電腦科學
這位英國數學家和邏輯學家被認為是計算機科學和人工智能之父，提出了圖靈機模型和圖靈測試，請問他是誰？,艾倫·圖靈 Alan Turing,4.2,理科,數學、電腦科學
這個數學分支主要研究變化率和累積量，包括微分學和積分學兩部分，由牛頓和萊布尼茲獨立創立，請問這個分支是？,微積分 Calculus,4.5,理科,數學、電腦科學
這位法國數學家、物理學家和哲學家在機率論、射影幾何、流體力學等方面有重要貢獻，提出了帕斯卡定律和帕斯卡三角形，請問他是誰？,布萊茲·帕斯卡 Blaise Pascal,4.8,理科,數學、電腦科學
這個數學常數約等於 2.71828，是自然對數的底數，是一個超越數，在微積分和複利計算中非常重要，請問這個用字母 e 表示的常數是？,歐拉數 / 自然常數 Euler's number / Napier's constant (e),4.8,理科,數學、電腦科學
這位瑞士數學家和物理學家對微積分、圖論、力學、流體動力學、光學和天文學等多個領域做出了巨大貢獻，引入了許多現代數學符號和術語，請問他是誰？,李昂哈德·歐拉 Leonhard Euler,5,理科,數學、電腦科學
這位德國數學家、物理學家和天文學家被認為是歷史上最偉大的數學家之一，在數論、代數、統計、微分幾何、電磁學等多個領域做出了奠基性貢獻，請問他是誰？,卡爾·弗里德里希·高斯 Carl Friedrich Gauss,5.5,理科,數學、電腦科學
這位英國數學家和哲學家與牛頓各自獨立發明了微積分，他引入了許多至今仍在使用的微積分符號，如 dx 和積分號 ∫，請問他是誰？,戈特弗里德·威廉·萊布尼茲 Gottfried Wilhelm Leibniz,5.5,理科,數學、電腦科學
這是一種電腦程式設計的範式，將數據和操作數據的方法封裝在一起，其核心概念包括繼承、封裝和多型，請問這種程式設計方法是？,物件導向程式設計 Object-Oriented Programming (OOP),5.5,理科,數學、電腦科學
這個物理量用於量度物體冷熱程度，常見的溫標有攝氏溫標、華氏溫標和開氏溫標（絕對溫標），請問這個物理量是？,溫度 Temperature,1.2,理科,物理學
這位英國科學家發現了萬有引力定律和三大運動定律，奠定了經典物理學的基礎，他在光學和數學（微積分）方面也有巨大貢獻，請問他是誰？,艾薩克·牛頓 Isaac Newton,2,理科,物理學
這個物理量描述物體所含物質的多少，是物體的固有屬性，在國際單位制中以公斤（kg）為單位，請問這個物理量是？,質量 Mass,2,理科,物理學
這位科學家提出了相對論，其中最著名的質能等價公式是 E=mc²，他是一位出生於德國的猶太裔物理學家，請問他是誰？,阿爾伯特·愛因斯坦 Albert Einstein,2.2,理科,物理學
這個物理學概念指電荷的定向移動，單位時間內通過導體橫截面的電荷量，單位是安培（A），請問這個物理量是？,電流 Electric current,2.2,理科,物理學
它是一種能量形式，由物體內部粒子的無規則運動產生，可以通過傳導、對流和輻射三種方式傳遞，請問這種能量是？,熱能 Heat energy,2.5,理科,物理學
這個物理學概念指沒有外力作用或所受外力合力為零時，物體保持靜止或勻速直線運動狀態的性質，請問這個定律是？,牛頓第一運動定律 / 慣性定律 Newton's first law of motion / Law of inertia,2.5,理科,物理學
這個物理量描述物體運動的快慢和方向，是向量，定義為單位時間內位移的變化量，請問這個物理量是？,速度 Velocity,2.5,理科,物理學
這個物理量描述物體位置隨時間變化的快慢，是純量，只考慮大小不考慮方向，定義為單位時間內通過的路程，請問這個物理量是？,速率 Speed,2.5,理科,物理學
這個物理學概念指物體由於其運動而具有的能量，等於二分之一乘以質量再乘以速度的平方（Ek = ½mv²），請問這個能量是？,動能 Kinetic energy,2.8,理科,物理學
這個物理學概念指物體由於其位置或狀態而具有的能量，例如重力勢能、彈性勢能等，請問這個能量是？,勢能 / 位能 Potential energy,3,理科,物理學
這個物理量描述壓力的強度，定義為單位面積上所受的垂直作用力，單位是帕斯卡（Pa）或其他壓力單位，請問這個物理量是？,壓強 Pressure,3,理科,物理學
這個物理學概念指物體維持其原有運動狀態（靜止或勻速直線運動）的趨勢，質量是慣性大小的量度，請問這個概念是？,慣性 Inertia,3,理科,物理學
這個科學定律描述了電流、電壓和電阻之間的關係，即電壓等於電流乘以電阻（V=IR），請問這個電學基本定律是？,歐姆定律 Ohm's Law,3,理科,物理學
這個物理定律指出，作用力與反作用力大小相等、方向相反，作用在同一條直線上，請問這是牛頓的第幾運動定律？,牛頓第三運動定律 Newton's third law of motion,3,理科,物理學
這個物理量描述物體振動或波動的快慢，定義為單位時間內完成的完整振動或波動的次數，單位是赫茲（Hz），請問這個物理量是？,頻率 Frequency,3,理科,物理學
這個物理學分支研究物體的運動及其原因（力），牛頓的三大運動定律是其基礎，請問這個經典物理學分支是？,力學 Mechanics,3.2,理科,物理學
這個物理量描述物體運動狀態變化的快慢，定義為單位時間內速度的變化量，是向量，單位是米每二次方秒（m/s²），請問這個物理量是？,加速度 Acceleration,3.5,理科,物理學
這個物理學概念指物體由於發生彈性形變而儲存的能量，例如被壓縮或拉伸的彈簧所具有的能量，請問這個能量是？,彈性勢能 Elastic potential energy,3.5,理科,物理學
這個現象是指光線在通過不同介質界面時發生方向偏折的現象，例如筷子放入水中看起來像折斷了，透鏡成像也是基於此原理，請問這個光學現象是？,折射 Refraction,3.5,理科,物理學
這個物理學原理指出，能量不能被創造也不能被消滅，只能從一種形式轉化為另一種形式，或者從一個物體轉移到另一個物體，其總量保持不變，請問這個原理是？,能量守恆定律 Law of conservation of energy / 熱力學第一定律 First law of thermodynamics,3.5,理科,物理學
這個物理量描述物體在單位時間內做的功，即能量轉換或轉移的速率，單位是瓦特（W），請問這個物理量是？,功率 Power,3.8,理科,物理學
這個單位用於量度能量、功或熱量，在國際單位制中以一位英國物理學家的名字命名，符號是 J，請問這個單位是？,焦耳 Joule,3.8,理科,物理學
這個物理量描述物體運動狀態改變的難易程度，定義為物體的質量與其速度的乘積，是向量，遵循動量守恆定律，請問這個物理量是？,動量 Momentum,4,理科,物理學
這個物理學原理指出，浸在流體（液體或氣體）中的物體受到向上的浮力，其大小等於物體所排開流體的重量，請問這個原理是？,阿基米德原理 Archimedes' principle,4,理科,物理學
這位科學家因其對光電效應的解釋而獲得諾貝爾物理學獎，而非其更著名的相對論，請問這位科學家是誰？,阿爾伯特·愛因斯坦 Albert Einstein,4,理科,物理學
這個物理量描述物體內部儲存的能量總和，包括分子動能和分子勢能，是狀態函數，請問這個熱力學量是？,內能 Internal energy,4.5,理科,物理學
這個物理學定律指出，對於一個理想氣體，在溫度不變的情況下，其壓力與體積成反比，可以用公式 PV = k 表示，請問這個定律是？,波以耳定律 Boyle's Law,4.5,理科,物理學
這個物理學概念指波的頻率或波長隨波源與觀測者相對運動而改變的現象，例如駛近的救護車警報聲聽起來音調更高，駛離時音調更低，請問這個效應是？,都卜勒效應 Doppler effect,4.5,理科,物理學
這個物理學分支研究電和磁現象及其相互關係，麥克斯韋方程組是其核心理論，光被證明是一種電磁波，請問這個分支是？,電磁學 Electromagnetism,4.5,理科,物理學
這位英國實驗物理學家發現了電磁感應現象，奠定了發電機和電動機的基礎，也提出了電場線和磁場線的概念，請問他是誰？,麥可·法拉第 Michael Faraday,4.5,理科,物理學
這個物理量描述力對物體產生的轉動效果，等於力的大小乘以力臂的長度，是向量，請問這個物理量是？,力矩 Torque / Moment of force,4.8,理科,物理學
這個化學定律指出，一定量的氣體，在壓力不變的情況下，其體積與絕對溫度成正比（V/T = k），請問這個定律是？,查理定律 Charles's Law / 蓋-呂薩克定律 Gay-Lussac's Law,4.8,理科,物理學
這個物理量描述帶電物體在電場中某點具有的電勢能與其所帶電荷量的比值，單位是伏特（V），請問這個物理量是？,電位 / 電勢 Electric potential,4.8,理科,物理學
這位丹麥物理學家建立了原子的量子模型，認為電子在特定能級軌道上運動，對量子力學的發展做出了巨大貢獻，請問他是誰？,尼爾斯·波耳 Niels Bohr,5,理科,物理學
這個物理量描述物體從外界吸收熱量後溫度升高 1 開爾文（或攝氏度）所需的熱量，是物體的固有屬性，單位是焦耳每開爾文（J/K），請問這個物理量是？,熱容量 Heat capacity,5,理科,物理學
這是由牛頓提出的三個描述物體運動與力之間關係的基本定律，構成了經典力學的基礎。請問這些定律是？,牛頓運動定律 Newton's Laws of Motion,5,理科,物理學
這位英國物理學家提出了電磁波理論，預言了無線電波的存在，並進行了實驗驗證，被譽為「無線電之父」，請問他是誰？,海因里希·赫茲 Heinrich Hertz,5.2,理科,物理學
這個物理現象是指波在遇到障礙物或通過窄縫時繞過障礙物傳播的現象，光和聲音都具有這種性質，請問這個現象是？,繞射 Diffraction,5.2,理科,物理學
這位意大利物理學家建造了世界上第一個核反應堆，對核物理學的發展做出了巨大貢獻，獲得了1938年諾貝爾物理學獎，請問他是誰？,恩里科·費米 Enrico Fermi,5.5,理科,物理學
這位英國物理學家發現了電子，並測量了其荷質比，提出了原子的「梅子布丁模型」，獲得了1906年諾貝爾物理學獎，請問他是誰？,約瑟夫·湯姆森 J. J. Thomson,5.5,理科,物理學
這是由牛頓提出的物理學定律，描述了宇宙中任何兩個具有質量的物體之間相互吸引的力。請問這個定律是？,萬有引力定律 Law of Universal Gravitation,5.5,理科,物理學
這位德國物理學家是量子力學的創始人之一，提出了普朗克常數和能量量子化假說，獲得了1918年諾貝爾物理學獎，請問他是誰？,馬克斯·普朗克 Max Planck,5.5,理科,物理學
這個物理學概念指兩個或多個波源發出的波在空間中疊加時，某些位置的振動始終加強，某些位置的振動始終減弱，形成穩定的干涉圖樣的現象，請問這個現象是？,駐波 Standing wave,5.5,理科,物理學
這個物理學概念指熱量從高溫物體自發傳向低溫物體的趨勢，以及孤立系統熵（混亂度）總是增加的趨勢，請問這個定律是？,熱力學第二定律 Second law of thermodynamics,5.8,理科,物理學
這位美國物理學家因其在量子電動力學方面的貢獻而獲得諾貝爾物理學獎，他也以其費曼圖、路徑積分和獨特的教學風格而聞名，請問他是誰？,理查·費曼 Richard Feynman,5.8,理科,物理學
這位蘇格蘭物理學家統一了電學、磁學和光學，提出了描述電磁場行為的四個方程組，預言了電磁波的存在，請問他是誰？,詹姆斯·克拉克·麥克斯韋 James Clerk Maxwell,5.8,理科,物理學
這位英國物理學家發現了中子，對核物理學的發展至關重要，獲得了1935年諾貝爾物理學獎，請問他是誰？,詹姆斯·查兌克 James Chadwick,5.8,理科,物理學
這是由愛因斯坦提出的物理學理論，描述了時間、空間、質量和能量之間的關係，分為狹義相對論和廣義相對論。請問這個理論是？,相對論 Theory of Relativity,6,理科,物理學
這位德國物理學家提出了測不準原理（不確定性原理），是量子力學的主要創始人之一，獲得了1932年諾貝爾物理學獎，請問他是誰？,維爾納·海森堡 Werner Heisenberg,6.2,理科,物理學
這是現代物理學的一個重要分支，研究微觀粒子的行為和性質，與相對論並列為現代物理學的兩大支柱。請問這個物理學分支是？,量子力學 Quantum Mechanics,6.5,理科,物理學
這位奧地利物理學家以其在統計力學和熱力學方面的貢獻聞名，提出了玻爾茲曼常數和熵的微觀解釋，請問他是誰？,路德維希·玻爾茲曼 Ludwig Boltzmann,6.8,理科,物理學
它是人體循環系統的核心器官，負責泵送血液到全身，分為四個腔室：左心房、右心房、左心室、右心室，請問這個器官是？,心臟 Heart,1.2,理科,生物學
這是生物學中的一個基本單位，所有生物體都由它構成，它可以獨立進行生命活動，分為原核和真核兩大類，請問這個單位是？,細胞 Cell,1.5,理科,生物學
它是人體呼吸系統的主要器官，負責氣體交換，將吸入的氧氣輸送到血液中，並將血液中的二氧化碳排出體外，請問這個器官是？,肺 Lung,1.8,理科,生物學
它是人體最大的器官，覆蓋全身表面，具有保護、調節體溫和感覺等功能，請問這個器官是？,皮膚 Skin,2,理科,生物學
這個生物學術語指生物體代代相傳的性狀和特徵，由基因決定，請問這個現象是？,遺傳 Heredity / Inheritance,2,理科,生物學
這是植物和某些生物利用葉綠素，將光能轉化為化學能，並產生氧氣的過程。請問這個過程是？,光合作用 Photosynthesis,2.2,理科,生物學
這個生物學概念指在生態系統中，能量沿著不同營養級的生物體流動的過程，通常從生產者（植物）開始，經過消費者（食草、食肉動物）到分解者，請問這個鏈條是？,食物鏈 Food chain,2.2,理科,生物學
這是生物體內遺傳信息的載體，是一種長鏈聚合物，由脫氧核糖核苷酸組成，呈現雙螺旋結構，請問這個分子是？,DNA (Deoxyribonucleic acid),2.5,理科,生物學
這個生物學術語指生物體內負責協調和控制各種生理活動的系統，主要由大腦、脊髓和周圍神經組成，請問這個系統是？,神經系統 Nervous system,2.8,理科,生物學
這是一種重要的生物大分子，由胺基酸組成，在生物體內扮演多種角色，如催化反應（酶）、構成組織、運輸物質等，請問這類分子是？,蛋白質 Protein,2.8,理科,生物學
這個生物學領域研究生物體如何將遺傳信息代代相傳，以及基因如何表達和調控，孟德爾定律是其基礎，請問這個領域是？,遺傳學 Genetics,2.8,理科,生物學
這位英國博物學家提出了物競天擇的演化理論，著作有《物種起源》，他的理論奠定了現代生物學的基礎，請問他是誰？,查爾斯·達爾文 Charles Darwin,3,理科,生物學
這個生物學術語指生物體內負責產生、儲存和運輸生殖細胞（配子）以及孕育後代的器官系統，請問這個系統是？,生殖系統 Reproductive system,3,理科,生物學
這個生物學術語指生物體將食物分解、吸收、轉化為自身物質和能量，並將代謝廢物排出體外的過程，包括同化作用和異化作用，請問這個過程是？,新陳代謝 Metabolism,3.2,理科,生物學
這個生物學概念指生物體為了在特定環境中生存和繁殖而發展出的形態、結構、生理功能或行為上的特徵，請問這個概念是？,適應 Adaptation,3.2,理科,生物學
這是一種單細胞真菌，在食品工業中廣泛應用於發酵，例如釀酒和製作麵包，請問這種微生物是？,酵母 Yeast,3.2,理科,生物學
這個生物學分類階元是生物分類的基本單位，指能夠相互交配並產生可育後代的生物群體，例如智人（現代人類），請問這個階元是？,種 Species,3.5,理科,生物學
這是植物細胞特有的結構，位於細胞膜之外，主要成分是纖維素，具有支持和保護細胞的作用，請問這個結構是？,細胞壁 Cell wall,3.5,理科,生物學
這個過程是指糖類（如葡萄糖）在無氧條件下被微生物（如酵母、細菌）分解產生酒精、二氧化碳或乳酸等產物的過程，請問這個生物化學過程是？,發酵 Fermentation,3.8,理科,生物學
這個生物學術語指生物體或細胞接收外界或內部刺激並作出反應的特性，是生命的基本特徵之一，請問這個特性是？,應激性 Irritability / Responsiveness,4,理科,生物學
這是神經系統的基本單位，負責傳遞神經衝動（電信號和化學信號），由細胞體、樹突和軸突組成，請問這個細胞是？,神經元 Neuron,4,理科,生物學
這位英國自然科學家提出了進化論，認為物種是通過自然選擇逐漸演變而來的。請問這位科學家是？,達爾文 Charles Darwin,4,理科,生物學
這位奧地利遺傳學家通過豌豆實驗，發現了遺傳的基本定律（分離定律和自由組合定律），被譽為「遺傳學之父」，請問他是誰？,格雷戈爾·孟德爾 Gregor Mendel,4.2,理科,生物學
它是動物細胞中的一種細胞器，被稱為細胞的「能量工廠」，負責進行細胞呼吸，將葡萄糖等有機物氧化分解產生 ATP，請問這個細胞器是？,粒線體 Mitochondrion,4.2,理科,生物學
這個生物學術語指生物體內部維持相對穩定的生理狀態（如體溫、血糖、pH值）的能力，是生命活動正常進行的必要條件，請問這個狀態是？,體內平衡 / 恆定性 Homeostasis,4.8,理科,生物學
這位被譽為「微生物學之父」的荷蘭科學家首次觀測到細菌、原生動物等微生物，並改進了顯微鏡的設計，請問他是誰？,安東尼·范·列文虎克 Antonie van Leeuwenhoek,5,理科,生物學
這個生物學術語指一個物種在生態系統中所扮演的角色和所處的地位，包括其棲息地、食物來源、與其他物種的關係等，請問這個概念是？,生態龕 / 生態位 Ecological niche,5.2,理科,生物學
這是生物分類學中的最高級別，由卡爾·烏斯提出，將所有生命分為三大域：細菌域、古菌域和真核域，請問這個分類級別是？,域 Domain,5.5,理科,生物學
它是一種基因工程技術，能夠精確地編輯生物體的 DNA，被譽為「基因剪刀」，近年來在醫學和生物研究領域引起廣泛關注，請問這個技術系統是？,CRISPR-Cas9,6.5,理科,生物學
這個縮寫詞代表全球資訊網，是一個通過互聯網訪問的超文本系統，使用者可以通過網頁瀏覽器瀏覽網頁，請問這個縮寫是？,WWW (World Wide Web),1.5,理科,科技、資訊科技
這是由微軟公司開發的操作系統系列，是目前全球個人電腦市場佔有率最高的作業系統。請問這個操作系統系列是？,Windows,1.8,理科,科技、資訊科技
這是一種由美國公司開發的導航系統，利用多顆衛星向地面接收器發送信號，以確定接收器的精確位置、速度和時間，請問這個全球定位系統是？,GPS (Global Positioning System),2,理科,科技、資訊科技
這個術語指設計用於執行特定任務或應用程式的軟件，例如文書處理器、網頁瀏覽器、遊戲等，與系統軟件相對，請問這類軟件是？,應用程式 Application software / App,2,理科,科技、資訊科技
這個無線通信技術允許電子設備在短距離內交換數據，常用於連接手機、耳機、鍵盤、滑鼠等設備，請問這個技術是？,藍牙 Bluetooth,2,理科,科技、資訊科技
這是一種由英國計算機科學家發明的標記語言，用於創建網頁結構，是構成網頁的基礎骨架，請問這種語言是？,HTML (HyperText Markup Language),2.5,理科,科技、資訊科技
這個術語指互聯網協議（IP）地址的文本表示，用於在網絡上標識和定位電腦或其他設備，例如 google.com，請問這個名稱是？,域名 Domain name,2.5,理科,科技、資訊科技
這個術語指控制電腦硬件和軟件資源、為用戶提供操作界面的系統軟件，常見的例子有 Windows、macOS、Linux、Android 等，請問這個系統軟件是？,操作系統 Operating System (OS),2.5,理科,科技、資訊科技
這個術語指使用電腦和互聯網進行的商業活動，包括在線購物、電子支付、網絡營銷等，請問這種商業模式是？,電子商務 E-commerce,2.5,理科,科技、資訊科技
這是一種通用的串行總線標準，用於連接電腦和外部設備，近年來 Type-C 接口逐漸普及。請問這個標準的英文縮寫是？,USB (Universal Serial Bus),2.8,理科,科技、資訊科技
這個電腦術語指儲存數據的基本單位，通常由8個位元（bit）組成，可以表示一個字符、數字或符號，請問這個單位是？,位元組 Byte,2.8,理科,科技、資訊科技
這個術語指允許用戶通過圖形元素（如圖標、窗口、按鈕）與電腦進行交互的界面，相對於命令行界面，請問這種界面是？,圖形用戶界面 Graphical User Interface (GUI),2.8,理科,科技、資訊科技
這個電腦科學領域研究如何讓機器模仿人類的智能行為，包括學習、推理、解決問題、感知和語言理解等，請問這個領域是？,人工智能 Artificial Intelligence (AI),3,理科,科技、資訊科技
這個術語指電腦系統中用於短期儲存正在運行程式和數據的記憶體，讀寫速度快，但斷電後數據會丟失，請問這種記憶體是？,隨機存取記憶體 RAM (Random Access Memory),3.2,理科,科技、資訊科技
這個術語指一組用於在互聯網上識別和定位資源的字符串，通常包含協議、域名或 IP 地址、端口號、路徑和查詢參數等部分，請問這個統一資源標識符是？,URL (Uniform Resource Locator),3.5,理科,科技、資訊科技
這個術語指為網頁添加樣式（如顏色、字體、佈局）的樣式表語言，與 HTML 結合使用，用於控制網頁的外觀，請問這個語言是？,層疊樣式表 CSS (Cascading Style Sheets),3.5,理科,科技、資訊科技
它是一種常見的圖像檔案格式，以其無失真壓縮和支援透明背景而聞名，廣泛應用於網頁設計和圖標製作，請問這個檔案格式是？,PNG (Portable Network Graphics),3.8,理科,科技、資訊科技
這個術語指保護數位信息免受未經授權訪問、使用、洩露、修改或破壞的做法和技術，涉及密碼學、防火牆、身份驗證等多方面，請問這個領域是？,網絡安全 Cybersecurity,3.8,理科,科技、資訊科技
這個術語指通過互聯網提供計算資源（如伺服器、儲存、數據庫、軟件）的服務模式，用戶可以按需獲取資源，請問這個計算模式是？,雲端運算 Cloud Computing,3.8,理科,科技、資訊科技
這個術語指利用互聯網技術連接日常物品，使它們能夠收集和交換數據，例如智能家居設備、可穿戴設備等，請問這個技術概念是？,物聯網 Internet of Things (IoT),4,理科,科技、資訊科技
這個術語指一套規則和標準，用於定義數據如何在電腦系統或網絡中表示、儲存和交換，例如 ASCII、UTF-8 等，請問這個標準是？,編碼 Encoding,4,理科,科技、資訊科技
這個術語指模仿人類智能的電腦系統能夠從數據中學習和改進，而無需明確編程，是人工智能的一個重要分支，請問這個領域是？,機器學習 Machine Learning,4.2,理科,科技、資訊科技
這是一種開源的操作系統內核，由林納斯·托瓦茲最初開發，是許多操作系統（如 Android、Ubuntu）的基礎，請問這個內核是？,Linux內核 Linux kernel,4.5,理科,科技、資訊科技
這個術語指一組用於構建和操作關係型數據庫的標準語言，包括數據定義（DDL）、數據操縱（DML）和數據控制（DCL）等部分，請問這個語言是？,結構化查詢語言 SQL (Structured Query Language),4.5,理科,科技、資訊科技
這個術語指一種分散式的、不可篡改的數位帳本技術，最初為比特幣等加密貨幣而設計，現已應用於金融、供應鏈等多個領域，請問這個技術是？,區塊鏈 Blockchain,4.8,理科,科技、資訊科技
這個電腦網絡術語指將人類可讀的域名（如 www.google.com）轉換為機器可讀的 IP 地址的系統，是互聯網的基礎設施之一，請問這個系統是？,域名系統 DNS (Domain Name System),4.8,理科,科技、資訊科技
這個術語指使用多個處理器或計算核心同時執行多個任務或一個任務的不同部分的計算模式，以提高計算速度和效率，請問這個計算模式是？,平行運算 Parallel computing,5,理科,科技、資訊科技
這個術語指模擬人類大腦神經元網絡結構的計算模型，用於機器學習和模式識別，是深度學習的基礎，請問這個模型是？,神經網絡 Neural Network,5.8,理科,科技、資訊科技
這是一種曾在2003年爆發的嚴重呼吸道傳染病，疫情源頭被追溯至中國廣東並迅速擴散至全球，香港是當時疫情最嚴重的地區之一對社會造成巨大衝擊，請問這個簡稱SARS的疾病全名是？,嚴重急性呼吸系統綜合症 Severe Acute Respiratory Syndrome,2.5,理科,醫學、衛生
它是人體主要的排泄器官，負責過濾血液中的廢物產生尿液，並調節體內水分和電解質平衡，通常成對存在，請問這個器官是？,腎臟 Kidney,3,理科,醫學、衛生
這是人體內分泌系統中的一個重要腺體，位於頸部前方，分泌甲狀腺激素，調節新陳代謝、生長和發育，請問這個腺體是？,甲狀腺 Thyroid gland,3.8,理科,醫學、衛生
這是人體消化系統的一部分，位於胃和小腸之間，主要功能是分泌胰液（含消化酶）和胰島素（調節血糖），請問這個器官是？,胰臟 Pancreas,4,理科,醫學、衛生
這個醫學成像技術利用強力磁場和無線電波產生身體內部結構的詳細圖像，不使用電離輻射，對軟組織成像效果尤佳，請問這個技術是？,磁力共振成像 Magnetic Resonance Imaging (MRI),5,理科,醫學、衛生
它是一種在香港家喻戶曉的豆奶飲品品牌，由羅桂祥博士於1940年創立，除了原味豆奶還推出了麥精、朱古力等多種口味，請問這個香港本地飲品品牌是？,維他奶 Vitasoy,1.5,生活,企業團體
這間總部位於美國的科技公司，以其iPhone智能手機、Mac電腦和iPad平板電腦等產品聞名。請問這間公司是？,蘋果公司 Apple Inc.,2,生活,企業團體
這是香港歷史最悠久的高等教育機構之一，位列世界頂尖大學，英文縮寫為 HKU。請問這所大學是？,香港大學 The University of Hong Kong,2,生活,企業團體
這間總部位於美國的跨國科技公司，以其搜索引擎、Android操作系統和各種網絡服務聞名。請問這間公司是？,Google 谷歌,2.5,生活,企業團體
這間總部位於美國的跨國科技公司，由比爾蓋茨創立，以其Windows操作系統和Office辦公軟件聞名。請問這間公司是？,微軟 Microsoft,2.5,生活,企業團體
這間總部位於美國的跨國咖啡連鎖店，在全球各地設有分店，以其多樣的咖啡飲品和店內氛圍聞名。請問這間公司是？,星巴克 Starbucks,2.5,生活,企業團體
這間美國快餐連鎖店以其炸雞聞名，其創始人桑德斯上校的形象深入民心。請問這間快餐店是？,肯德基 KFC (Kentucky Fried Chicken),2.8,生活,企業團體
它是香港一個極受歡迎的連鎖米線餐廳品牌，以其多款湯底選擇（如麻辣、酸辣、番茄湯）和自選配料聞名，與另一品牌「譚仔雲南米線」源自同一家族後被日本企業收購，請問這個以「三哥」命名的米線品牌是？,譚仔三哥米線 TamJai SamGor Mixian,2.8,生活,企業團體
這間美國公司是全球最大的電子商務平台之一，也提供雲計算服務。請問這間公司是？,亞馬遜 Amazon,3,生活,企業團體
這間瑞典公司以其自行組裝的傢俱、家居用品和獨特的店內設計聞名全球。請問這間公司是？,宜家家居 IKEA,3,生活,企業團體
它是香港一個主要的公共交通營運商，其巴士車身主要顏色為紅色和白色（近年加入金色），公司英文縮寫為 KMB，請問這間提供專營巴士服務的公司全稱是？,九龍巴士（一九三三）有限公司 Kowloon Motor Bus Co. (1933) Ltd.,3.2,生活,企業團體
這間香港本地的航空公司，以香港國際機場為樞紐，提供客運和貨運服務，其標誌是翹首振翅的形象。請問這間航空公司是？,國泰航空 Cathay Pacific,3.2,生活,企業團體
它是一種在香港家喻戶曉的外用藥品，主要成分包括薄荷腦、樟腦、水楊酸甲酯等，常用於緩解頭痛、蚊叮蟲咬、肌肉酸痛等，請問這個由顏玉瑩創製的藥油品牌是？,白花油 White Flower Embrocation,3.2,生活,企業團體
這間總部位於瑞士的跨國食品和飲料公司，是全球最大的食品公司之一，旗下品牌包括雀巢咖啡、美祿等。請問這間公司是？,雀巢 Nestlé,3.2,生活,企業團體
這間全球最大的零售公司，以其連鎖超市和百貨商店聞名，總部位於美國。請問這間公司是？,沃爾瑪 Walmart,3.5,生活,企業團體
它是一間香港著名的連鎖式茶餐廳，以其相對較高的價位和標準化運營模式著稱，招牌菜包括脆嘩奶油豬、魚蛋粉、海南雞飯等，請問這間已上市的茶餐廳集團是？,翠華餐廳 Tsui Wah Restaurant,3.5,生活,企業團體
它曾是香港一個著名的連鎖甜品店品牌，以芒果系列甜品如芒果西米撈、芒椰奶西等聞名，全盛時期分店遍佈香港及海外但近年已大規模結業，請問這間以售賣龜苓膏起家後轉型專攻芒果甜品的品牌是？,許留山 Hui Lau Shan,3.5,生活,企業團體
這間香港電力公司負責為香港島和南丫島提供電力服務。請問這間公司是？,香港電燈有限公司 Hongkong Electric Company (HK Electric),3.8,生活,企業團體
這間提供全球匯款和財經資訊服務的美國公司，其終端機曾是金融界的重要工具。請問這間公司是？,彭博 Bloomberg L.P.,5.5,生活,企業團體
這種穿在腳上的織物，用於保暖、吸汗和保護腳部。請問這個物品是？,襪子 Socks,1.5,生活,服飾、時尚
這種戴在眼睛前方，用於矯正視力、防護或遮擋陽光的框架加鏡片組合。請問這個物品是？,眼鏡 Glasses / Spectacles,1.8,生活,服飾、時尚
這種戴在手上，用於保暖或保護的物品，通常分為五指。請問這個物品是？,手套 Gloves,2.2,生活,服飾、時尚
這種戴在手腕上的計時工具，除了顯示時間，也常被視為時尚配飾。請問這個物品是？,手錶 Watch,2.2,生活,服飾、時尚
這種褲子最初是為工人設計的，以其耐用性和藍色斜紋棉布（丹寧布）著稱，現已成為全球流行的休閒服裝。請問這種褲子是？,牛仔褲 Jeans,2.2,生活,服飾、時尚
這種佩戴在耳朵上的飾物，有多種款式，如耳釘、耳環、耳墜等。請問這種飾物是？,耳環 Earrings,2.2,生活,服飾、時尚
這種長度及膝或以下的裙子，是女性常見的服裝款式之一。請問這種服裝是？,半身裙 Skirt,2.5,生活,服飾、時尚
這種化妝品用於塗抹在嘴唇上，以增加色彩和光澤，有多種顏色和質地可供選擇。請問這種化妝品是？,唇膏 / 口紅 Lipstick,2.5,生活,服飾、時尚
這種由皮革或人造物料製成，用於繫在腰間以固定褲子或作為裝飾的帶子。請問這個物品是？,皮帶 Belt,2.5,生活,服飾、時尚
這種鞋子通常用於運動或休閒場合，鞋底較軟，穿著舒適。請問這種鞋子統稱為什麼？,運動鞋 Sneakers / Trainers,2.5,生活,服飾、時尚
這種圍在頸部，用於保暖或裝飾的長條形織物。請問這個物品是？,頸巾 / 圍巾 Scarf,2.5,生活,服飾、時尚
這種上衣沒有袖子，通常在炎熱天氣或運動時穿著。請問這種上衣是？,背心 Vest / Tank Top,2.8,生活,服飾、時尚
這種佩戴在頸部的飾物，通常由金屬、寶石或珍珠串連而成。請問這種飾物是？,項鍊 Necklace,2.8,生活,服飾、時尚
這種圍在頸部的布料飾物，通常由男性在穿著西裝時佩戴。請問這個飾物是？,領帶 Necktie,2.8,生活,服飾、時尚
這種通常由羊毛、棉或合成纖維製成的保暖衣物，可以套頭穿或開襟。請問這種衣物是？,毛衣 Sweater / Jumper / Cardigan,3,生活,服飾、時尚
這種服裝通常由外套和褲子（或裙子）組成，採用相同面料製成，常用於正式場合或作為職業裝。請問這種服裝是？,西裝 / 套裝 Suit,3,生活,服飾、時尚
這種在眼睛上佩戴的鏡片，用於矯正視力或改變眼睛顏色。請問這個物品是？,隱形眼鏡 Contact Lens,3.2,生活,服飾、時尚
這種由金屬或塑膠製成，用於固定衣物或作為裝飾的針狀物品。請問這個物品是？,扣針 / 別針 Pin / Brooch,3.5,生活,服飾、時尚
香港市民日常生活中廣泛使用的非接觸式智能卡，可用於支付交通、零售等費用。請問這張卡是？,八達通 Octopus Card,1.5,生活,生活
在香港街道上常見，用於收集行人棄置垃圾的容器。請問這個設施是？,垃圾桶 Litter Bin / Trash Can,1.5,生活,生活
香港市民常用的身份證明文件，是一張載有個人資料和照片的卡片。請問這張卡是？,香港身份證 Hong Kong Identity Card (HKID),1.8,生活,生活
這是香港一種由政府興建的住宅類型，目的是為低收入家庭提供可負擔的居所，由房屋委員會或房屋協會負責管理和編配，請問這種公共租住房屋簡稱為什麼？,公屋 Public rental housing,2,生活,生活
這是香港天文台發出的一種天氣警告，用數字表示熱帶氣旋的威脅程度數字越高越嚴重，最高級別是十號颶風信號，請問這套警告系統統稱為什麼？,熱帶氣旋警告信號 Tropical Cyclone Warning Signal,2,生活,生活
這是一種香港常見的公共房屋類型，由政府資助興建，業主擁有單位的業權，價格較私人樓宇低，但設有轉售限制，請問這種房屋類型稱為什麼？,居者有其屋計劃房屋 / 居屋 Home Ownership Scheme (HOS) flat,3,生活,生活
香港公共圖書館提供的自助借書機，讓讀者可以自行辦理借閱手續。請問這個方便的服務設施是？,自助借書機 Self-checkout Machine,3,生活,生活
香港常見的交通標誌，一個紅色圓圈中間加一條橫線，表示禁止車輛駛入。請問這個標誌代表什麼？,不准駛入 / 禁止進入 No Entry,3.5,生活,生活
香港為65歲或以上長者及合資格殘疾人士提供的公共交通票價優惠計劃，可以每程2元乘搭指定交通工具。請問這個計劃俗稱什麼？,二元乘車優惠 / $2乘車計劃 $2 Scheme,3.5,生活,生活
這是一種在香港常見的居住單位類型，指將一個普通住宅單位分割成多個更小的獨立單位出租，通常面積狹小居住環境欠佳，請問這種分間樓宇單位稱為什麼？,劏房 Subdivided flat,3.8,生活,生活
在香港，如果想申請為期超過逗留期限的簽證或延長逗留期限，應向哪個政府部門提出申請？,入境事務處 Immigration Department,4,生活,生活
香港政府為鼓勵市民回收廢物而設立的社區回收網絡，市民可以通過回收指定物品賺取積分。請問這個計劃的名稱是？,綠在區區 GREEN@COMMUNITY,4.2,生活,生活
在香港，如果市民拾獲他人遺失的財物，應將其交予哪個政府部門處理？,香港警務處 Hong Kong Police Force,4.2,生活,生活
在香港公共屋邨內，負責管理和維修工作的機構通常是哪個？,房屋署 Housing Department / 外判管理公司 Outsourced Management Company,4.5,生活,生活
香港公共交通費用補貼計劃，市民每月交通開支超出指定水平後，可以獲得部分補貼。請問這個計劃的名稱是？,公共交通費用補貼計劃 Public Transport Fare Subsidy Scheme,4.8,生活,生活
香港住宅樓宇外牆常見的冷氣機去水喉，如果滴水對他人造成滋擾，可以向哪個政府部門投訴？,食物環境衞生署 Food and Environmental Hygiene Department (FEHD),4.8,生活,生活
這是一種存在於香港等地的特殊居所，通常是指以鐵絲網圍住的床位出租單位，居住環境極為惡劣是都市貧窮問題的體現，請問這種居住空間極度狹小的住處稱為什麼？,籠屋 Cage home,5,生活,生活
香港市民棄置大型垃圾，如舊傢俱、電器等，應如何處理？,聯絡食物環境衞生署安排收集 / 使用指定的廢物轉運站或堆填區 (Contact FEHD / Use designated refuse transfer stations or landfills),5,生活,生活
香港為應對人口老化而推出的年金計劃，讓長者將一筆過款項轉化為穩定的每月收入。請問這個計劃是由哪間公營機構負責營運？,香港年金有限公司 Hong Kong Mortgage Corporation Annuity Limited (HKMC Annuity),5.8,生活,生活
這種用於擦拭身體，尤其是在沐浴後吸乾水分的織物。請問這個物品是？,毛巾 Towel,1.2,生活,生活（其他）
這種用於個人衞生，主要成分是肥皂或合成洗滌劑的清潔用品。請問這個物品是？,番梘 / 肥皂 Soap,1.2,生活,生活（其他）
這種用於梳理頭髮，使之整齊順滑的工具。請問這個工具是？,梳子 Comb / Hairbrush,1.5,生活,生活（其他）
這種用於清潔牙齒的工具，通常由刷頭和刷柄組成，有手動和電動兩種。請問這個工具是？,牙刷 Toothbrush,1.5,生活,生活（其他）
這種用於在紙上書寫或繪畫的文具，筆芯通常由石墨和黏土混合製成。請問這個文具是？,鉛筆 Pencil,1.5,生活,生活（其他）
這種用於覆蓋身體保暖，尤其是在睡眠時使用的床上用品。請問這個物品是？,被子 / 棉被 Blanket / Quilt / Duvet,1.8,生活,生活（其他）
這種用於遮擋陽光或雨水的可摺疊工具。請問這個物品是？,雨傘 / 縮骨遮 Umbrella,1.8,生活,生活（其他）
這種戴在頭上，用於保暖、遮陽或裝飾的物品。請問這個物品是？,帽子 Hat / Cap,2,生活,生活（其他）
這種用於清潔口腔、去除牙菌斑和食物殘渣的細線。請問這個物品是？,牙線 Dental Floss,3,生活,生活（其他）
這種使用畫筆和顏料在畫布或畫紙上創作圖像的興趣活動。請問這種活動是？,繪畫 Painting,3,生活,興趣
這種興趣活動是種植和照料植物，可以在花園、陽台或室內進行。請問這種興趣是？,園藝 Gardening,3.5,生活,興趣
這種源自日本的桌面角色扮演遊戲，玩家扮演訓練師，捕捉、訓練各種稱為「寶可夢」的生物進行對戰。請問這個遊戲及其衍生作品系列是？,寶可夢 / 精靈寶可夢 Pokémon,3.5,生活,興趣
這種在戶外搭建帳篷過夜的休閒活動，可以親近自然。請問這種活動是？,露營 Camping,3.5,生活,興趣
這種用彩色紙張摺疊出各種形狀的日本傳統手工藝。請問這種手工藝是？,摺紙 Origami,3.8,生活,興趣
這種在棋盤上移動棋子，目標是將死對方國王的策略遊戲。請問這種遊戲是？,國際象棋 Chess / 西洋棋 Chess,4,生活,興趣
這種興趣活動是收集不同國家或地區發行的郵票。請問這種興趣是？,集郵 Stamp Collecting,4,生活,興趣
這種飼養和觀賞魚類的興趣活動，可以在魚缸或魚池中進行。請問這種活動是？,養魚 / 水族 Fishkeeping / Aquarium Hobby,4,生活,興趣
這種使用相機捕捉影像，並將其製作成動態畫面的興趣活動或專業。請問這種活動是？,攝錄 / 拍片 Videography / Filmmaking,4.2,生活,興趣
這種收集特定主題的卡片（如球星卡、遊戲卡）的興趣活動。請問這種活動是？,卡牌收集 Card Collecting,4.5,生活,興趣
這種利用線和鉤針編織出圖案或物品的手工藝活動。請問這種活動是？,鈎織 / 鉤針編織 Crochet,4.5,生活,興趣
這種在方形棋盤上，兩人各執黑白棋子，目標是包圍並吃掉對方棋子的策略遊戲。請問這種遊戲是？,圍棋 Go / Weiqi,5,生活,興趣
這種將微縮模型（如火車、建築、人物）佈置在模擬場景中的興趣活動。請問這種興趣是？,模型製作 / 場景模型 Model Building / Diorama,5,生活,興趣
這種將捕獲的昆蟲製作成標本，進行觀察和研究的興趣活動。請問這種活動是？,昆蟲採集 / 昆蟲標本製作 Insect Collecting,5.5,生活,興趣
它是一種極具代表性的香港點心，主要分為酥皮和牛油皮兩種餅皮，餡料由雞蛋、糖和牛奶（或淡奶）製成，請問這種深受歡迎的烘焙食品是？,蛋撻 Egg tart,1.5,生活,飲食
它是一種廣受歡迎的廣東點心，通常以豬肉和蝦仁作餡用薄麵皮包裹蒸熟，在香港街頭常見的是價格較便宜、以魚肉漿製成的版本，請問這種頂部通常放有蟹籽或冬菇的點心是？,燒賣 Siu Mai,1.8,生活,飲食
這是香港非常普遍的街頭小吃，通常由魚漿製成，可以搭配不同醬汁食用，以咖喱味最為經典。請問這種小吃是？,魚蛋 Fish Ball,1.8,生活,飲食
這種用麵粉、酵母、水等材料製成的食品，是許多文化中的主食，可以烘烤、蒸煮等多種方式製作。請問這種食品是？,麵包 Bread,1.8,生活,飲食
這是香港對一種速食麵的普遍稱呼，名字源於早年一個速食麵品牌包裝上的小孩圖案，現已泛指所有品牌的速食麵，請問這個速食麵的俗稱是？,公仔麵 Instant noodles,2,生活,飲食
這種將麵包片烤至金黃酥脆的食品，常作為早餐或配餐食用。請問這種食品是？,多士 / 吐司 Toast,2,生活,飲食
這是香港一種非常受歡迎的街頭小吃，以雞蛋、砂糖、麵粉、淡奶等製成蛋漿，倒入蜂巢狀的模板烤製而成。請問這種小吃是？,雞蛋仔 Egg Waffle / Gai Daan Jai,2,生活,飲食
這種將薯仔切成條狀，油炸至金黃酥脆的食品，是快餐店常見的配菜。請問這種食品是？,薯條 French Fries / Chips,2.2,生活,飲食
這是一種廣東點心，以麵粉皮包裹叉燒餡料蒸製而成，是香港茶樓常見的點心之一。請問這個點心是？,叉燒包 Char Siu Bao,2.5,生活,飲食
這種起源於意大利的麵食，通常由硬質小麥粉和水製成，有多種形狀，如長條形、螺旋形等。請問這種麵食統稱為什麼？,意粉 / 意大利麵 Pasta,2.5,生活,飲食
這種由碎牛肉或其他肉類製成肉餅，夾在麵包中間，通常配有生菜、番茄、芝士等。請問這種快餐食品是？,漢堡包 Hamburger,2.5,生活,飲食
這種由大米煮成的糊狀食品，是亞洲許多地區常見的早餐或主食。請問這種食品是？,粥 Congee / Porridge,2.5,生活,飲食
這種將生魚片、米飯和海苔等捲起或握捏而成的日本料理。請問這種料理是？,壽司 Sushi,2.8,生活,飲食
這種將各種水果切塊混合而成的沙律，可以作為甜品或配菜。請問這種食品是？,水果沙律 / 水果撈 Fruit Salad,2.8,生活,飲食
它是香港茶餐廳最具代表性的飲品之一，以混合多種茶葉沖泡並用特製的白布袋過濾茶渣，因濾袋染色後狀似絲襪而得名，請問這種口感香滑濃厚的奶茶是？,絲襪奶茶 Hong Kong-style milk tea / Pantyhose milk tea,2.8,生活,飲食
這種烹調方法是將食材放入蒸籠或蒸鍋中，利用水蒸氣加熱煮熟。請問這種方法是？,蒸 Steaming,2.8,生活,飲食
這是一種源自意大利的著名食品，通常由麵餅、番茄醬、芝士和各種配料烘烤而成，其中一款經典口味以意大利王后瑪格麗特命名。請問這種食品是？,薄餅 Pizza,2.8,生活,飲食
這是一款非常受歡迎的香港甜品，主要材料包括芒果、西柚、西米和椰奶，名字富有詩意口感清爽香甜，請問這款經典港式甜品是？,楊枝甘露 Mango pomelo sago,3,生活,飲食
這種亞洲常見的烹調方法是使用圓底鍋（鑊），在高溫下快速翻炒食材。請問這種方法是？,炒 Stir-frying,3,生活,飲食
它是一種香港茶餐廳的特色食品，由一個橫向切開的菠蘿包組成，中間夾著一片厚切的牛油，請問這種冷熱交融的食品是？,菠蘿油,3,生活,飲食
這種用豆腐製作的甜品，口感滑嫩，通常配以糖水或薑汁食用。請問這種甜品是？,豆腐花 Tofu Fa / Douhua,3,生活,飲食
它是一種香港街頭常見的麵食，特色是顧客可以自由選擇麵條、湯底和多種配料，名字源於早期流動小販用木頭車售賣，請問這種充滿個人化選擇的麵食是？,車仔麵 Cart noodle,3,生活,飲食
這種由碎肉、蔬菜等餡料包裹在麵皮中，通常是半月形，可以煎、蒸或炸食。請問這種食品是？,餃子 Dumpling,3,生活,飲食
它是一種在香港非常受歡迎的手信或零食，以其鬆化的牛油曲奇和鐵罐上的泰迪熊圖案聞名，原店位於尖沙咀經常大排長龍後在多區開設分店品牌名為「珍妮曲奇」，請問這種曲奇餅的俗稱是什麼？,小熊餅乾 Jenny Bakery cookies,3.2,生活,飲食
這是一種用瓦煲烹煮的米飯料理，米飯上通常會鋪上臘味、排骨、雞肉等配料，其特色是鍋底形成的香脆飯焦，請問這種在香港秋冬常見的暖食是？,煲仔飯 Clay pot rice,3.2,生活,飲食
這是香港茶餐廳的特色飲品之一，以混合多種茶葉沖泡，再用狀似絲襪的濾袋過濾，加入淡奶製成。請問這種飲品是？,絲襪奶茶 Hong Kong-style Milk Tea / Silk Stocking Milk Tea,3.2,生活,飲食
在香港茶餐廳中，這種混合了咖啡和奶茶的飲品，是本地獨特的風味。請問這種飲品是？,鴛鴦 Yuenyeung,3.2,生活,飲食
它是一種香港傳統的露天食肆，通常設於街邊提供鑊氣小炒、粥粉麵飯等，因牌照問題及市區發展數目已大幅減少，請問這種充滿地道風味的食肆類型是？,大排檔 Dai pai dong,3.5,生活,飲食
這是一種源自日本的餐飲形式，指在指定時間內顧客可以無限量任食菜單上的食物，在香港日式放題餐廳非常流行，請問這種自助餐形式的日文借詞是？,放題 All-you-can-eat (from Japanese 'hōdai'),3.5,生活,飲食
這種甜點通常由水果、糖漿、奶油或冰淇淋混合而成，冷藏後食用。請問這種甜點是？,沙冰 / 思慕雪 Smoothie / Sorbet / Parfait (depends on ingredients),3.5,生活,飲食
它是廣東、香港和澳門地區常見的飲料，通常帶有苦味，被認為有清熱袪濕等功效，廿四味是其中一種著名的種類，請問這種傳統中草藥飲料統稱為什麼？,涼茶,3.5,生活,飲食
這個點心是香港茶樓常見的點心之一，以半透明的澄麵皮包裹蝦肉餡料蒸製而成。請問這個點心是？,蝦餃 Har Gow,3.5,生活,飲食
這是一道香港新界圍村的傳統菜餚，通常在節慶或特殊場合食用，將多種食材層層疊疊放入大盆中。請問這道菜是？,盆菜,3.8,生活,飲食
這種用麵粉製成的薄餅，可以包裹各種餡料食用，是墨西哥菜的代表之一。請問這種食品是？,墨西哥薄餅 / 卷餅 Tortilla / Burrito,4,生活,飲食
這款涼茶由多種中草藥混合熬製，味道甘苦，被認為有清熱去濕的功效。請問這款涼茶是？,廿四味 Twenty-four Flavors Tea,4,生活,飲食
這是一種在秋冬季於香港和廣東地區流行的湯羹，主要材料是蛇肉通常會加入雞肉、冬菇、木耳等，被認為有驅寒暖身的功效，請問這種以爬行動物為主要食材的羹湯是？,蛇羹 Snake soup,4.5,生活,飲食
這是一種創新的烹飪方法，利用物理和化學原理改變食材的形態和質感，創造出獨特的味覺和視覺體驗。請問這種烹飪方法是？,分子料理 Molecular Gastronomy,6.2,生活,飲食
這位古希臘哲學家和科學家被認為是西方哲學的奠基人之一，師從柏拉圖，研究領域廣泛，包括邏輯學、物理學、生物學、倫理學等，請問他是誰？,亞里士多德 Aristotle,3,社會,倫理、哲學
這位古希臘哲學家是蘇格拉底的學生，亞里士多德的老師，其著作《理想國》探討了正義、政治和哲學等議題。請問這位哲學家是？,柏拉圖 Plato,3,社會,倫理、哲學
這位中國古代思想家、教育家是儒家學派的創始人，其思想對中國及東亞文化產生了深遠影響。請問這位思想家是？,孔子 Confucius,3.5,社會,倫理、哲學
這位法國哲學家和數學家被認為是現代西方哲學的奠基人之一，提出了「我思故我在」的著名命題，創立了解析幾何，請問他是誰？,勒內·笛卡兒 René Descartes,4,社會,倫理、哲學
哲學中探討道德原則、價值判斷和行為規範的分支。請問這個分支是？,倫理學 Ethics,5,社會,倫理、哲學
這位古希臘哲學家以其詰問式的教學方法聞名，認為「未經審視的人生不值得過」，後被雅典法庭判處死刑。請問這位哲學家是？,蘇格拉底 Socrates,5,社會,倫理、哲學
這位中國古代思想家是道家學派的代表人物，著有《道德經》，主張無為而治。請問這位思想家是？,老子 Laozi,5.2,社會,倫理、哲學
倫理學的一個分支，探討特定職業或領域中的道德問題和行為準則。請問這個分支是？,專業倫理 Professional Ethics,5.5,社會,倫理、哲學
這種倫理學觀點主張，一個行為的道德價值取決於其後果是否能為最大多數人帶來最大幸福。請問這種觀點是？,功利主義 Utilitarianism,6.2,社會,倫理、哲學
這種哲學思想強調個人自由、責任和主觀經驗，認為人的存在先於本質。請問這種思想是？,存在主義 Existentialism,6.5,社會,倫理、哲學
哲學上探討美和藝術的本質、形式及價值的分支。請問這個分支是？,美學 Aesthetics,6.5,社會,倫理、哲學
哲學中探討知識的來源、性質和範圍的分支被稱為什麼？,知識論 Epistemology,6.8,社會,倫理、哲學
這位奧地利出生的英國哲學家主要貢獻在科學哲學領域，提出了否證論，認為科學理論的標誌是其可被證偽性，請問他是誰？,卡爾·波普爾 Karl Popper,7,社會,倫理、哲學
這位德國哲學家以其批判哲學聞名，著有《純粹理性批判》等「三大批判」，對後世哲學產生深遠影響。請問這位哲學家是？,康德 Immanuel Kant,7,社會,倫理、哲學
它是香港最大的註冊銀行，是香港三間發鈔銀行之一，其總部大樓位於中環由諾曼·福斯特設計，請問這間簡稱HSBC的銀行全名是？,香港上海滙豐銀行有限公司 The Hongkong and Shanghai Banking Corporation Limited,2,社會,商業、金融
公司為推廣產品或服務而進行的規劃、定價、促銷和分銷等一系列活動，常被概括為「4P」。請問市場營銷的英文是？,Marketing,4.8,社會,商業、金融
指公司在營運過程中所需的所有開支，例如租金、工資、原材料成本等。請問這個會計術語是？,成本 / 費用 Cost / Expense,5,社會,商業、金融
指公司根據其盈利狀況，向股東分配的部分利潤。請問這個概念是？,股息 Dividend,5.2,社會,商業、金融
在香港證券交易所上市的股票中，那些市值大、業績穩定、具有行業代表性的公司股票被稱為什麼？,藍籌股 Blue Chip Stock,5.2,社會,商業、金融
在股票市場，公司首次公開向公眾發行股票以籌集資金的過程，稱為什麼？（英文縮寫）,IPO (首次公開募股 Initial Public Offering),5.5,社會,商業、金融
公司在制定營銷策略時，常會分析自身的優勢(Strengths)、劣勢(Weaknesses)、機會(Opportunities)和威脅(Threats)。請問這個分析工具的英文縮寫是？,SWOT分析 SWOT Analysis,5.5,社會,商業、金融
指公司在一段時間內（通常是一年）的總收入減去總成本後的利潤。請問這個會計術語是？,淨利潤 / 純利 Net Profit / Net Income,5.5,社會,商業、金融
指公司對其經營活動所產生的利潤需要繳納的稅項。請問這種稅是？,利得稅 Profits Tax,5.8,社會,商業、金融
指企業將部分非核心業務外判給其他公司處理，以降低成本或提高效率的做法。請問這個商業術語是？,外判 Outsourcing,5.8,社會,商業、金融
指公司每年發布，向公眾和投資者披露其財務狀況、經營成果和業務發展的報告。請問這份報告是？,年報 Annual Report,5.8,社會,商業、金融
指公司的資產總額減去負債總額後的淨值，代表了股東在公司中的權益。請問這個會計術語是？,股東權益 / 淨資產 Shareholder Equity / Net Assets,6,社會,商業、金融
在會計學上，用來記錄公司資產、負債和股東權益在特定時間點狀況的財務報表。請問這份報表是？,資產負債表 Balance Sheet,6,社會,商業、金融
指企業為吸引投資者而美化財務報表，使其看起來比實際情況更好的做法。請問這個帶有負面含義的會計術語是？,粉飾櫥窗 Window Dressing,6.5,社會,商業、金融
指公司為了維持營運或擴大生產而投入的長期資產支出，例如購買機器、建築廠房等。請問這個財務術語是？,資本支出 Capital Expenditure (CapEx),6.5,社會,商業、金融
這是香港一座著名的道教寺廟，位於九龍黃大仙區，以供奉黃初平（黃大仙）和「有求必應」的簽文聞名，請問這座香火鼎盛的寺廟全名是？,嗇色園黃大仙祠 Sik Sik Yuen Wong Tai Sin Temple,2.2,社會,宗教、神秘學
基督教最重要的節日之一，紀念耶穌基督的誕生，日期在每年的12月25日。請問這個節日是？,聖誕節 Christmas,2.5,社會,宗教、神秘學
中國民間信仰中，負責管理人們財富的神明，農曆新年期間常被供奉。請問這位神明是？,財神 God of Wealth / Caishen,4.5,社會,宗教、神秘學
西方占星學將一年劃分為十二個星座，認為出生時太陽所在的星座會影響人的性格和命運。請問第一個星座是？,白羊座 Aries,4.8,社會,宗教、神秘學
佛教創始人釋迦牟尼在哪棵樹下悟道成佛？,菩提樹 Bodhi Tree,5,社會,宗教、神秘學
中國傳統信仰中，認為影響住宅、墓地等環境氣場好壞的一門學問，涉及方位、佈局等。請問這門學問是？,風水 Feng Shui,5,社會,宗教、神秘學
北歐神話中，奧丁的兒子，掌管雷電、風暴和力量，手持雷神之鎚。請問這位神祇是？,索爾 Thor,5.2,社會,宗教、神秘學
中國傳統觀念中，認為一年有二十四個時段，每個時段有特定的氣候特徵和農事活動。請問這個劃分時間的系統稱為什麼？,二十四節氣 24 Solar Terms,5.5,社會,宗教、神秘學
佛教中指眾生因行為（業）而產生相應結果（報），並在六道中不斷輪迴轉世的觀念。請問這個觀念是？,因果報應 / 輪迴 Karma / Reincarnation / Samsara,5.5,社會,宗教、神秘學
古希臘神話中，掌管智慧、戰爭和技藝的女神，也是雅典城的守護神。請問這位女神是？,雅典娜 Athena,5.5,社會,宗教、神秘學
伊斯蘭教一年一度前往麥加朝覲的宗教義務，是全球穆斯林的重要宗教活動。請問這個朝覲稱為什麼？,朝覲 Hajj,5.8,社會,宗教、神秘學
這是印度教三大主神之一，被認為是毀滅之神、苦行之神和舞蹈之神。請問這位神祇是？,濕婆 Shiva,5.8,社會,宗教、神秘學
古希臘神話中，冥界的統治者，也是宙斯和波塞冬的兄弟。請問這位神祇是？,黑帝斯 Hades,5.8,社會,宗教、神秘學
印度教三大主神之一，被認為是宇宙的維護者，有多種化身（阿凡達）下凡拯救世界。請問這位神祇是？,毗濕奴 Vishnu,6,社會,宗教、神秘學
古埃及神話中，奧西里斯的妻子，也是母性、生育和魔法的女神。請問這位女神是？,伊西斯 Isis,6.2,社會,宗教、神秘學
猶太教的經典，被基督徒稱為《舊約聖經》。請問這部經典的希伯來語名稱是？,塔納赫 Tanakh (or Torah in a broader sense),6.2,社會,宗教、神秘學
錫克教徒通常會佩戴頭巾，並遵循不剪髮、佩戴鋼手鐲等「5K」原則。請問錫克教的創始人是誰？,古魯那納克 Guru Nanak Dev,6.5,社會,宗教、神秘學
這位16世紀的法國預言家，以其四行詩形式的預言集《百詩集》聞名。請問這位預言家是？,諾查丹瑪斯 Nostradamus,6.8,社會,宗教、神秘學
印度教中代表知識、音樂、藝術和智慧的女神，通常被描繪成手持維納琴。請問這位女神是？,辯才天女 / 薩拉斯瓦蒂 Saraswati,6.8,社會,宗教、神秘學
中國傳統的占卜方法之一，通過觀察龜甲或獸骨在火烤後產生的裂紋來預測吉凶。請問這種方法是？,甲骨占卜 Oracle Bone Divination,7,社會,宗教、神秘學
社會學中指社會成員按照財富、權力、聲望等因素被劃分為不同層級的現象。請問這個現象是？,社會階層 Social Stratification,5.8,社會,心理學、社會學
心理學上指個體同時持有兩種或多種相互矛盾的信念、想法或價值觀時所體驗到的心理不適。請問這種狀態稱為什麼？,認知失調 Cognitive Dissonance,6,社會,心理學、社會學
心理學上指學習過程中，一個原本中性的刺激，因為與一個能引發反應的刺激聯繫起來，最終也能引發該反應的現象。請問這個現象是？,經典條件反射 Classical Conditioning,6.5,社會,心理學、社會學
這位現任香港特別行政區行政長官，於2022年上任。請問他是誰？,李家超 John Lee,3,社會,政治
負責管理香港出入境事務、簽發護照和身份證、處理簽證申請等的政府部門。請問這個部門是？,入境事務處 Immigration Department,3.5,社會,政治
香港特別行政區政府的首長，由選舉委員會選舉產生，並由中央人民政府任命。請問這個職位是？,行政長官 Chief Executive,3.5,社會,政治
這是香港特別行政區政府負責食物安全和環境衞生的部門，英文簡稱為 FEHD。請問這個部門的全名是？,食物環境衞生署,3.5,社會,政治
香港特別行政區政府負責制定教育政策和管理學校體系的部門。請問這個部門是？,教育局 Education Bureau (EDB),3.8,社會,政治
香港特別行政區的立法機關，負責制定、修改和廢除法律，並審核及通過財政預算。請問這個機關是？,立法會 Legislative Council,3.8,社會,政治
他是英國皇室成員，封號為薩塞克斯公爵，近年與妻子梅根移居美國。請問這位王子的名字是？,哈里王子 Prince Harry,4,社會,政治
聯合國安全理事會擁有否決權的五個常任理事國，分別是中國、法國、俄羅斯、英國以及哪個國家？,美國 United States,4,社會,政治
負責處理勞資糾紛、促進和諧勞資關係的香港政府部門。請問這個部門是？,勞工處 Labour Department,4.2,社會,政治
負責香港的土地規劃、基建發展和建築物安全的政府部門。請問這個部門是？,發展局 Development Bureau,4.8,社會,政治
負責制定和執行香港貨幣政策，維持貨幣和銀行體系穩定的機構。請問這個機構是？,香港金融管理局 Hong Kong Monetary Authority (HKMA),4.8,社會,政治
這是香港一個已解散的學生政治組織，由黃之鋒等人於2011年創立，最初以反對德育及國民教育科為主要訴求，請問這個在雨傘運動中扮演重要角色的學生組織是？,學民思潮 Scholarism,5,社會,政治
負責規管香港證券及期貨市場運作的獨立法定機構。請問這個機構的簡稱是？,證監會 SFC (Securities and Futures Commission),5,社會,政治
負責監察香港選舉（行政長官、立法會、區議會）公平公正進行的獨立法定機構。請問這個機構是？,選舉管理委員會 Electoral Affairs Commission (EAC),5,社會,政治
這是一場於2014年在香港發生的公民抗命運動，最初由學者戴耀廷等人提出旨在爭取符合國際標準的普選，其後演變成大規模的雨傘運動，請問這個以佔領金融區為手段的運動計劃原稱是什麼？,讓愛與和平佔領中環 Occupy Central with Love and Peace,5.2,社會,政治
負責規管香港廣播業（電視和電台）的獨立法定機構。請問這個機構是？,通訊事務管理局 Communications Authority (CA),5.2,社會,政治
這是一個涉及香港交通的政策概念，旨在透過調整三條過海隧道的收費，以達致更平均的車流分佈紓緩交通擠塞，請問這個調整紅隧、東隧、西隧收費以分流車輛的方案統稱為什麼？,三隧分流 Traffic distribution scheme for the three road harbour crossings,5.5,社會,政治
聯合國的主要司法機關，設在荷蘭海牙，負責解決國家之間的法律爭端。請問這個機關是？,國際法院 International Court of Justice (ICJ),5.5,社會,政治
負責促進香港本地藝術發展、管理多個演藝場地的法定機構。請問這個機構是？,香港藝術發展局 Hong Kong Arts Development Council (HKADC),5.5,社會,政治
這是指2016年農曆新年期間在香港發生的一場騷亂，事件起因與食環署取締旺角街頭小販有關，因涉及保護售賣魚蛋等小食的小販而被部分媒體稱為此名，請問這場發生在旺角的警民衝突事件常被稱為什麼？,旺角騷亂 / 魚蛋革命 Mong Kok riot / Fishball Revolution,5.8,社會,時事
在香港，如果發生火警或需要緊急救護服務，應撥打哪個三位數的緊急求助電話？,999,2,社會,法律
這是香港特別行政區的憲制性文件，規定了香港的社會、法律和政治制度，於1997年7月1日香港主權移交時生效，請問這部法律的全稱是？,中華人民共和國香港特別行政區基本法 Basic Law of the Hong Kong Special Administrative Region of the People's Republic of China,2.5,社會,法律
它是香港一個獨立的反貪污機構，成立於1974年直接向行政長官負責，其標誌是一隻獬豸象徵公正，請問這個簡稱ICAC的機構全名是？,廉政公署 Independent Commission Against Corruption,2.8,社會,法律
這是一部由全國人大常委會制定並在香港實施的法律，旨在防範、制止和懲治分裂國家、顛覆國家政權、恐怖活動、勾結外國勢力等罪行，於2020年6月30日深夜生效對香港社會產生深遠影響，請問這部法律的簡稱是？,香港國安法 / 國安法 Hong Kong National Security Law / National Security Law,3,社會,法律
這是香港法律規定僱主必須支付給僱員的最低時薪水平，英文是 Minimum Wage。請問這個制度的中文名稱是？,最低工資,3.5,社會,法律
香港法律規定，所有11歲或以上的香港居民，必須時刻隨身攜帶哪種身份證明文件？,香港身份證 Hong Kong Identity Card (HKID),3.5,社會,法律
這是香港一項旨在減少塑膠廢物的環保政策，規定零售商須就提供的塑膠購物袋向顧客收費，費用最初為每個五毫港元後增加至一港元，請問這項政策的正式名稱是？,塑膠購物袋收費 Plastic Shopping Bag Charging,3.8,社會,法律
香港法律規定，所有道路使用者都必須遵守交通規則，行人應使用行人過路設施橫過馬路。請問最常見的兩種行人過路設施是紅綠燈控制的過路處和什麼？,斑馬線 Zebra Crossing,3.8,社會,法律
根據香港法律，年滿多少歲的香港永久性居民才有資格在區議會和立法會選舉中投票？,18歲,4,社會,法律
香港《基本法》規定，香港特別行政區享有高度自治權，保持原有的哪種制度和生活方式五十年不變？,資本主義制度 Capitalism,4.2,社會,法律
香港法律體系屬於哪種源自英國的法律體系，其特點是依賴判例法？,普通法 Common Law,4.5,社會,法律
香港處理大多數民事糾紛和較輕微刑事案件的法院是哪個？,區域法院 District Court,5,社會,法律
根據香港《婚姻條例》，舉行婚禮的最低法定年齡是多少歲？,16歲 (需父母或監護人同意，18歲則不需要),5.2,社會,法律
香港法律規定，在公眾地方造成噪音滋擾可能會被檢控。請問負責處理一般噪音投訴的政府部門主要是？,香港警務處 / 環境保護署 (Depends on noise type),5.2,社會,法律
香港法律體系中的最高上訴法院，負責審理來自高等法院的最終上訴案件。請問這個法院是？,終審法院 Court of Final Appeal (CFA),5.5,社會,法律
根據香港法例，禁止在法定禁止吸煙區吸食任何點燃的煙草產品，違例者會被定額罰款。請問負責執行控煙條例的政府部門主要是？,衞生署轄下控煙酒辦公室 Tobacco and Alcohol Control Office,5.5,社會,法律
香港法律規定，僱主必須為其僱員購買哪種保險，以承擔僱員因工受傷或死亡的法律責任？,勞工保險 / 僱員補償保險 Employees' Compensation Insurance,5.8,社會,法律
香港法律規定，所有車輛必須購買第三者風險保險，才能在道路上行駛。請問這種保險的作用是什麼？,保障車禍中受傷或財物損失的第三方,6,社會,法律
在香港，哪個法定機構負責處理市民對政府部門或公營機構的行政失當投訴？,申訴專員公署 Office of The Ombudsman,6,社會,法律
根據香港《個人資料（私隱）條例》，收集和使用個人資料必須遵循六項保障資料原則，請問負責監察條例執行的獨立法定機構是？,個人資料私隱專員公署 Office of the Privacy Commissioner for Personal Data (PCPD),6.2,社會,法律
香港法律下的刑事罪行，指非法進入他人建築物意圖干犯偷竊或其他嚴重罪行。請問這項罪行是？,入屋犯法罪 / 爆竊 Burglary,6.5,社會,法律
這是香港現行的主要大學入學考試，由香港考試及評核局舉辦，取代了舊有的香港中學會考和香港高級程度會考，請問這個考試的中文全稱是？,香港中學文憑考試 Hong Kong Diploma of Secondary Education Examination,2,社會,社會（其他）
這是一個曾困擾香港社會的人口及資源問題，指父母雙方均非香港永久性居民卻在香港出生的嬰兒，根據《基本法》和終審法院判例這些嬰兒自動獲得香港居留權引發資源分配爭議，請問這個涉及非本地孕婦來港產子及其子女居留權的問題稱為什麼？,雙非問題 / 雙非嬰兒問題 Issue of anchor babies / babies born to mainland parents,5.5,社會,社會（其他）
這是一個概括香港某種主流社會意識形態的詞語，通常指以經濟發展、金融、專業主義、精英管治為核心的觀念，常被批評者認為忽略社會公義、基層利益和文化保育，請問這種與香港中環作為金融中心地位相關的價值觀稱為什麼？,中環價值 Core values of Central,6.5,社會,社會（其他）
這是香港一項強制性的退休保障計劃，僱主和僱員都需要定期供款，其英文縮寫為 MPF，請問這個制度的中文全稱是？,強制性公積金 Mandatory Provident Fund,3,社會,經濟
經濟學中用來衡量一個國家或地區在一定時期內生產的所有最終商品和服務的市場價值總和的指標。請問這個指標的英文縮寫是？,GDP (國內生產總值 Gross Domestic Product),4.5,社會,經濟
經濟學上指生產要素（如勞動力、資本）未能被充分利用的狀態，通常以失業率作為衡量指標。請問這個現象是？,失業 Unemployment,4.8,社會,經濟
經濟學上指商品和服務的總需求超過總供給，導致物價水平持續上升的現象。請問這個現象稱為什麼？,通貨膨脹 Inflation,4.8,社會,經濟
經濟學上指貨幣購買力普遍下降，同樣的貨幣只能買到比以前更少商品和服務的現象。請問這個現象是？,通貨膨脹 Inflation,4.8,社會,經濟
指某個國家或地區的貨幣相對於其他貨幣的價值下降。請問這個經濟術語是？,貶值 Devaluation / Depreciation,5,社會,經濟
指一個國家在一年內進口商品和服務的總值超過出口總值的現象。請問這個經濟術語是？,貿易逆差 / 入超 Trade Deficit,5,社會,經濟
經濟學中，研究個別經濟單位（如消費者、廠商）行為和市場運作的領域。請問這個領域是？,微觀經濟學 Microeconomics,5.2,社會,經濟
經濟學上指政府通過調節支出和稅收來影響宏觀經濟的政策。請問這種政策是？,財政政策 Fiscal Policy,5.2,社會,經濟
經濟學上指個人或家庭在扣除稅項和非稅負擔後，可以實際用於消費或儲蓄的收入。請問這個概念是？,可支配收入 Disposable Income,5.5,社會,經濟
經濟學上指在資源稀缺的情況下，為了得到某種東西而必須放棄的其他東西中價值最高的那一項。請問這個概念是？,機會成本 Opportunity Cost,5.5,社會,經濟
經濟學上指中央銀行通過調節利率、貨幣供應量等手段來影響宏觀經濟的政策。請問這種政策是？,貨幣政策 Monetary Policy,5.5,社會,經濟
指為了生產商品或服務而投入的資源，通常分為勞動力、資本、土地和企業家才能四種。請問這個經濟學概念是？,生產要素 Factors of Production,5.8,社會,經濟
這是一個批評香港社會經濟結構的用語，指少數大型地產發展商壟斷市場對經濟、政治和民生造成過大影響力，常與高樓價、租金昂貴、小商戶經營困難等問題聯繫起來，請問這個描述地產商主導社會狀況的術語是？,地產霸權 Real estate hegemony,6,社會,經濟
經濟學上指所有生產要素都得到充分利用時，一個經濟體所能達到的最大產出水平。請問這個概念是？,潛在產出 / 潛在GDP Potential Output / Potential GDP,6.2,社會,經濟
經濟學上指生產和消費過程中，對第三方產生的、未在市場交易中反映的影響，可以是正面的或負面的。請問這個概念是？,外部性 Externality,6.5,社會,經濟
這個詞語在香港指前往某個特定地理方向，通常指前往中國內地，近年常用於描述港人到內地消費、旅遊、工作或定居的現象，請問這個描述前往內地方向的詞語是？,北上 Going north (to mainland China),3,語言,廣東話
這個廣東話俗語形容人做事沒有主見，容易受他人影響而改變立場，好像牆上的草一樣隨風擺動，請問這個詞語是？,牆頭草 Reed on the wall / Fence-sitter,3.8,語言,廣東話
這是指香港一個流行的網上討論區的用戶，該討論區以LIHKG作為名稱，此稱呼常用於描述該平台用戶的集體特徵或行為模式，請問這個稱呼是？,連登仔 LIHKG user,3.8,語言,廣東話
這個詞語在廣東話中有比喻義，原意指從水上到達陸地，現常用來比喻成功脫離困境、達到安穩狀態例如大學畢業找到好工作、買樓成功、還清債務等，請問這個比喻成功達到目標或穩定狀態的詞語是？,上岸,4,語言,廣東話
這是一個帶有貶義的香港網絡和社會用語，用來形容被認為沒有上進心、不務正業、依賴家庭或社會福利的年輕人，常被用作標籤參與社會運動或表達不滿的年輕群體，請問這個貶稱是？,廢青 Wasted youth,4,語言,廣東話
這是一個近年常用於形容香港某些地區的稱呼，指該區缺乏多元化、高質素或價錢合理的餐飲選擇，將軍澳、科學園、東涌等地區常被戲稱為此，請問這個形容餐飲選擇貧乏地區的稱呼是？,美食沙漠 Food desert,4,語言,廣東話
這是香港一個帶有社會標籤意味的稱呼，用來指在公共屋邨長大的年輕男性，有時帶有貶義暗示出身基層或缺乏教養，請問這個稱呼是？,屋邨仔,4.2,語言,廣東話
這是香港電影或電視製作行業的一個術語，指沒有固定對白或戲份的群眾演員，其作用主要是營造場景氣氛，請問這種臨時演員的俗稱是什麼？,老臨 / 臨記 Extra / Background actor,4.2,語言,廣東話
這是一個在香港網絡和社會上帶有貶義的標籤，用來形容被認為拜金、公主病、勢利、崇洋媚外等的香港女性，此標籤常引發性別定型的爭議，請問這個充滿爭議的標籤是？,港女 Hong Kong girl (pejorative),4.8,語言,廣東話
這個詞語在2019年香港反修例運動期間廣泛流傳，指繞過執法和司法程序由民眾自行對被指控者施以懲罰或暴力，是一種法治受損的表現，請問這種繞過法律程序的私刑行為稱為什麼？,私了 Private settlement / Vigilantism,5,語言,廣東話
這個成語源於一個古代故事，比喻因疑神疑鬼而引起不必要的恐懼。故事講述一個人把弓的影子誤認為是蛇。請問這個成語是？,杯弓蛇影,4.8,語言,成語
這個詞語在香港常指未經預約、直接前往診所求醫的病人，亦可指直接上門銷售商品或服務，請問這個常用於描述即場參與者的詞語是？,Walk-in,4,語言,英文
它可以指一種天氣現象即持續異常高溫，它也是香港一款知名薯片的名稱，該款薯片以其香辣味和波浪形切割為特色，請問這個同時代表天氣和零食的詞語是？,熱浪 Heatwave / Calbee Hot & Spicy Potato Chips,4.5,語言,語言Crossover
這項球類運動在長方形桌面上進行，兩名或四名球員使用小球拍擊打一個輕質空心球。請問這項運動是？,乒乓球 Table Tennis / Ping Pong,2.2,運動,個人球類
這位瑞士網球運動員被譽為史上最偉大的球員之一，擁有20個大滿貫單打冠軍。請問這位運動員是？,費達拿 Roger Federer,3.5,運動,個人球類
這項運動起源於蘇格蘭，球員使用不同類型的球桿，將一個小球擊入一系列的洞中，桿數越少越好。請問這項運動是？,高爾夫球 Golf,3.5,運動,個人球類
這項運動是鐵人三項的其中一個項目，運動員需要在公開水域或游泳池中進行長距離游泳。請問這項運動是？,游泳 Swimming,2.5,運動,個人非球類
這項運動涉及在戶外環境中行走，通常在山區或郊野公園進行，是香港熱門的休閒活動。請問這項運動是？,遠足 / 行山 Hiking,2.8,運動,個人非球類
這項水上運動是運動員從不同高度的跳台或跳板上做出各種空中動作後躍入水中。請問這項運動是？,跳水 Diving,3,運動,個人非球類
這是一項長距離的跑步比賽，標準距離為42.195公里，考驗參賽者的耐力和體能。請問這項比賽是？,馬拉松 Marathon,3,運動,個人非球類
這項運動需要運動員在冰面上穿著冰鞋滑行，可以進行速度、花樣或冰球等不同項目。請問這項運動統稱為什麼？,滑冰 Ice Skating,3.5,運動,個人非球類
這項運動是運動員穿著帶輪子的鞋在平地上滑行。請問這項運動是？,滾軸溜冰 / 輪滑 Roller Skating,3.5,運動,個人非球類
在田徑比賽中，運動員需要快速奔跑越過一系列欄架的項目是？,跨欄 Hurdling,4,運動,個人非球類
這項運動使用長而扁平的板在雪地上滑行，是冬季奧運會的項目之一。請問這項運動是？,滑雪板 Snowboarding,4.2,運動,個人非球類
這項運動需要運動員運用雙槳或單槳划動艇隻在水面上競速。請問這項運動是？,賽艇 Rowing,5,運動,個人非球類
這項運動需要運動員在冰壺場地上，將一個重約20公斤的花崗岩石壺推向目標區（大本營）。請問這項運動是？,冰壺 Curling,5.2,運動,個人非球類
這項體操項目需要運動員在一條寬10厘米、長5米的平衡木上完成一系列平衡、跳躍和翻滾動作。請問這項運動是？,平衡木 Balance Beam,5.2,運動,個人非球類
這項運動需要運動員在彈網上反覆跳躍，並完成各種空中技巧動作。請問這項運動是？,彈網 / 蹦床 Trampoline Gymnastics,5.5,運動,個人非球類
這項田徑項目需要運動員助跑後，利用竿子撐起身體越過橫杆。請問這項運動是？,撐竿跳高 Pole Vault,5.8,運動,個人非球類
這項運動需要運動員在體操場地上，配合音樂完成一套包含體操、舞蹈和器械操作的動作。請問這項運動是？,藝術體操 Rhythmic Gymnastics,5.8,運動,個人非球類
這項冬季運動需要運動員俯臥在一個小型雪橇上，頭朝前高速滑下冰道。請問這項運動是？,俯式冰橇 / 鋼架雪車 Skeleton,6.8,運動,個人非球類
這種運動方式是在跑步機上或戶外進行的長跑或快走，是常見的有氧運動。請問這種運動是？,跑步 / 慢跑 Running / Jogging,2,運動,健體
這種練習透過重複、有節奏的動作，例如跑步、游泳、單車等，來提升心血管系統的功能。請問這種類型的運動統稱為什麼？,有氧運動 Aerobic Exercise,3,運動,健體
這種練習方式注重身心結合，通過一系列姿勢、呼吸控制和冥想來達到強身健體、平靜心靈的效果。請問這種練習是？,瑜伽 Yoga,3.2,運動,健體
這種健身方式通常在健身房進行，利用各種器械或自身重量鍛煉肌肉，以增強力量和塑造體型。請問這種健身方式是？,健身 / 重量訓練 Weight Training / Bodybuilding,3.5,運動,健體
這種結合了音樂和舞蹈的有氧運動，通常在導師帶領下進行，旨在提升心肺功能和燃燒脂肪。請問這種運動是？,健美操 / 有氧舞蹈 Aerobics,3.8,運動,健體
這種團體健身課程通常在室內固定自行車上進行，配合音樂和導師指導，模擬不同路況和強度。請問這種課程是？,動感單車 / 飛輪課程 Spinning / Indoor Cycling,4.5,運動,健體
這種低強度、全身性的運動，通常在水中進行，利用水的浮力和阻力達到鍛煉效果。請問這種運動是？,水中健體 / 水中有氧 Aqua Aerobics,4.8,運動,健體
這種訓練方法通過一系列動作來提高身體的核心肌群力量、穩定性和柔韌性。請問這種由德國人約瑟夫·皮拉提斯創立的運動是？,普拉提 Pilates,5.2,運動,健體
這種健身課程通常涉及舉起槓鈴，配合音樂進行全身性的力量訓練。請問這種課程的常見品牌名稱是？,槓鈴有氧 / BodyPump,5.2,運動,健體
這種高強度的間歇訓練方法，通過短時間的全力運動和短暫的休息交替進行，以提升體能和燃燒脂肪。請問這種訓練方法的英文縮寫是？,HIIT (High-Intensity Interval Training - 高強度間歇訓練),5.5,運動,健體
這種結合了舞蹈、體操和平衡動作的運動，通常在鋼管上進行，對力量和柔韌性要求很高。請問這種運動是？,鋼管舞 Pole Dancing,5.5,運動,健體
這種訓練方式利用懸掛的繩索帶，通過自身重量進行各種力量和穩定性練習。請問這種訓練系統常被稱為什麼？,懸吊訓練 / TRX Suspension Training,5.8,運動,健體
這項運動是全球最受歡迎的體育運動之一，兩隊各11名球員在長方形草地上，主要用腳踢球射入對方龍門。請問這項運動是？,足球 Football / Soccer,1.5,運動,團體球類
這項球類運動需要兩隊各五名球員在長方形場地上，將球投入對方籃筐得分。請問這項運動是？,籃球 Basketball,1.8,運動,團體球類
這項運動兩隊各六名球員隔網對壘，用手擊球，目標是將球擊落到對方場區內。請問這項運動是？,排球 Volleyball,3,運動,團體球類
這位巴西足球運動員被譽為「球王」，曾三度帶領巴西國家隊奪得世界盃冠軍。請問這位球員是？,比利 Pelé,3.8,運動,團體球類
這項球類運動在菱形場地上進行，兩隊各九名球員，使用球棒擊球並跑壘得分。請問這項運動是？,棒球 Baseball,4.5,運動,團體球類
這項運動在草地上進行，兩隊球員使用長柄球棒擊打一個小硬球，目標是將球擊入對方龍門。請問這項運動是？,曲棍球 Hockey,5,運動,團體球類
這項運動在美國非常流行，兩隊各11名球員在長方形場地上，通過帶球跑或傳球推進，將球送入對方達陣區得分。請問這項運動是？,美式足球 American Football,5,運動,團體球類
這項球類運動起源於英國，在橢圓形場地上進行，兩隊球員可以持球跑、傳球和踢球得分。請問這項運動是？,欖球 Rugby,5.2,運動,團體球類
這項在冰面上進行的球類運動，兩隊球員穿冰鞋，使用球桿擊打一個硬質橡膠冰球射入對方龍門。請問這項運動是？,冰球 Ice Hockey,5.5,運動,團體球類
這項運動與棒球相似，但使用更大的球和更小的場地，投球方式為下手投球。請問這項運動是？,壘球 Softball,5.5,運動,團體球類
這項在室內場地進行的小型足球比賽，每隊五名球員，使用較小且彈性較低的足球。請問這項運動是？,五人制足球 Futsal,5.8,運動,團體球類
這項運動在水中進行，兩隊球員游泳並傳球，目標是將球射入對方龍門。請問這項運動是？,水球 Water Polo,6,運動,團體球類
這項球類運動使用長柄帶網的球棒，在草地上進行，目標是將球射入對方球門。請問這項運動是？,袋棍球 Lacrosse,6.5,運動,團體球類
這項運動在長方形場地上進行，兩隊球員使用勺子狀的球棒傳球和射門，起源於北美原住民。請問這項運動是？,長曲棍球 / 袋棍球 Lacrosse (often called Lacrosse for both field/box),6.5,運動,團體球類
這項格鬥運動由兩名運動員在方形擂台上，佩戴拳套進行比賽。請問這項運動是？,拳擊 Boxing,3.8,運動,格鬥技
這項中國傳統武術的統稱，包含了多種拳法、器械和流派。請問這個統稱是？,功夫 / 中國武術 Kung Fu / Chinese Martial Arts,4,運動,格鬥技
這項格鬥運動起源於韓國，以腿技為主，運動員穿著道服和護具進行比賽。請問這項運動是？,跆拳道 Taekwondo,4,運動,格鬥技
這項使用劍具進行格鬥的運動，分為花劍、重劍和佩劍三個項目。請問這項運動是？,劍擊 Fencing,4.2,運動,格鬥技
這項格鬥運動起源於沖繩，後傳入日本本土，強調拳腳攻擊和防守技巧。請問這項運動是？,空手道 Karate,4.2,運動,格鬥技
這項格鬥運動起源於日本，運動員主要利用摔、投、關節技、絞技制服對手。請問這項運動是？,摔跤 / 角力 Wrestling / Sumo Wrestling (Sumo is specific),4.5,運動,格鬥技
這項格鬥運動源自日本，運動員穿著道服，利用投技、寢技制服對手，分為柔道和柔術等。請問這項運動是？,柔道 Judo / 柔術 Jujutsu,4.5,運動,格鬥技
這項全身性的格鬥運動允許使用拳擊、摔跤、柔術、泰拳等多種格鬥技術。請問這項運動的英文縮寫是？,MMA (Mixed Martial Arts - 綜合格鬥),4.8,運動,格鬥技
這項格鬥運動起源於泰國，以拳、腳、肘、膝進行攻擊，被稱為「八肢的藝術」。請問這項運動是？,泰拳 Muay Thai,4.8,運動,格鬥技
這項中國傳統武術流派，以柔克剛、借力打力為特點，動作緩慢但內含勁力。請問這個武術流派是？,太極拳 Tai Chi (as martial art),5,運動,格鬥技
這項格鬥運動結合了拳擊的拳法和跆拳道的腿法，以及一些膝擊。請問這項運動是？,自由搏擊 / 踢拳 Kickboxing,5,運動,格鬥技
這項格鬥運動著重於地面纏鬥，利用關節技和絞技迫使對手認輸。請問這項源自巴西的武術是？,巴西柔術 Brazilian Jiu-Jitsu (BJJ),5.8,運動,格鬥技
這項運動需要參與者從高處（如懸崖、橋樑）跳下，利用彈性繩索的拉力反彈。請問這項極限運動是？,笨豬跳 / 蹦極 Bungee Jumping,4.5,運動,極限運動
這項水上運動是運動員站在衝浪板上，利用海浪的力量滑行。請問這項運動是？,衝浪 Surfing,4.5,運動,極限運動
這項運動需要參與者利用繩索、岩點等器材攀登陡峭的岩壁或人工岩場。請問這項極限運動是？,攀石 / 攀岩 Rock Climbing,4.8,運動,極限運動
這項運動需要運動員從高處跳傘，在空中進行各種動作或編隊，最後打開降落傘著陸。請問這項極限運動是？,跳傘 Skydiving,5,運動,極限運動
這項運動需要參與者在城市環境中，利用跑、跳、攀爬等動作快速穿越障礙物。請問這項極限運動是？,跑酷 / 自由飛躍 Parkour,5.5,運動,極限運動
這項運動需要參與者穿著輪滑鞋，在U形池或街道場地完成各種跳躍和旋轉動作。請問這項極限運動是？,極限直排輪 / 花式輪滑 Aggressive Inline Skating,6,運動,極限運動
這項運動需要參與者利用滑翔傘從高處起飛，藉助氣流在空中滑翔。請問這項極限運動是？,滑翔傘 Paragliding,6,運動,極限運動
這項運動需要參與者在陡峭的山坡上快速騎行自行車下山，對技巧和膽量要求很高。請問這項極限運動是？,山地速降 Downhill Mountain Biking,6.2,運動,極限運動
這項運動需要參與者沿著峽谷溪流下降，結合了攀爬、跳水、繩降等多種技巧。請問這項極限運動是？,溪降 / 峽谷探險 Canyoning,6.5,運動,極限運動
這項運動需要參與者在沒有輔助呼吸設備的情況下，潛入水中閉氣活動。請問這項極限運動是？,自由潛水 Freediving,6.8,運動,極限運動
這項運動需要參與者腳踏滑雪板，利用風箏的拉力在雪地或冰面上滑行。請問這項極限運動是？,雪地風箏 / 風箏滑雪 Snowkiting,6.8,運動,極限運動
這項運動是從飛機或高處平台跳下後，不立即打開降落傘，而是在空中自由落體一段時間。請問這項極限運動是？,定點跳傘 / 低空跳傘 BASE Jumping,7,運動,極限運動
這項運動需要參與者利用翼裝（一種特殊的飛行服）從高處跳下，在空中滑翔。請問這項極限運動是？,翼裝飛行 Wingsuit Flying,7.5,運動,極限運動
這項運動是騎師策騎馬匹進行速度競賽，在香港由香港賽馬會舉辦和管理。請問這項運動是？,賽馬 Horse Racing,2.5,運動,車輛、動物運動
這項賽車運動使用小型、結構簡單的卡丁車在專門的賽道上進行比賽，是許多F1車手的起點。請問這項運動是？,卡丁車 Kart Racing,4,運動,車輛、動物運動
這項賽車運動是最高級別的方程式賽車比賽，以其高速、高科技和全球分站賽事聞名。請問這項運動是？,一級方程式賽車 Formula One (F1),4.2,運動,車輛、動物運動
這項水上運動是運動員由馬達快艇牽引，在水面上滑行。請問這項運動是？,滑水 Water Skiing,5,運動,車輛、動物運動
這項年度自行車賽事是世界上最著名的公路自行車賽之一，賽程主要在法國境內進行。請問這項賽事是？,環法自行車賽 Tour de France,5,運動,車輛、動物運動
這項運動是騎師駕馭馬匹跳躍過一系列障礙物的比賽。請問這項運動是？,馬術障礙賽 Equestrian Show Jumping,5.2,運動,車輛、動物運動
這項賽車運動使用經過改裝的量產車或專門製造的原型車，在封閉的公共道路或賽道上進行計時賽。請問這項運動是？,拉力賽 Rallying,5.5,運動,車輛、動物運動
這項賽車運動使用大馬力的改裝房車，在橢圓形賽道上進行高速競賽，在美國非常流行。請問這項運動的縮寫是？,NASCAR (全國運動汽車競賽協會),5.8,運動,車輛、動物運動
這項比賽要求馬匹按照騎師的指令，做出精確、優雅的步伐和動作。請問這項馬術比賽是？,盛裝舞步 Dressage,6,運動,車輛、動物運動
這項賽事是印第安納波利斯賽車場每年舉行的著名賽車比賽，是美國賽車界的三冠賽之一。請問這項賽事是？,印第500 Indy 500 (Indianapolis 500),6.2,運動,車輛、動物運動
這項賽事是世界三大耐力賽之一，每年在法國勒芒舉行，要求賽車連續行駛24小時。請問這項賽事是？,勒芒24小時耐力賽 24 Hours of Le Mans,6.5,運動,車輛、動物運動
這項賽事是世界拉力錦標賽（WRC）中最著名、歷史最悠久的分站之一，以其在冰雪路面上進行而聞名。請問這項賽事是？,蒙地卡羅拉力賽 Monte Carlo Rally,6.8,運動,車輛、動物運動
這個國際綜合性運動會每四年舉辦一次，是全球規模最大、最具影響力的體育盛事。請問這個運動會是？,夏季奧林匹克運動會 Summer Olympic Games,2,運動,運動會、運動賽事
這個四年一度的國際足球賽事，由 FIFA 成員國的男子國家隊參賽，是全球最受矚目的體育賽事之一。請問這個賽事是？,世界盃足球賽 FIFA World Cup,2.5,運動,運動會、運動賽事
這是現代奧林匹克運動會的發源地，四年一度的體育盛事，匯集世界各地的運動員進行比賽。請問這個運動會是？,奧運會 Olympic Games,2.5,運動,運動會、運動賽事
這個世界知名的籃球聯賽，匯集了全球頂尖的籃球運動員，總部位於美國。請問這個聯賽的英文縮寫是？,NBA (美國國家籃球協會),2.8,運動,運動會、運動賽事
這個世界單項體育組織負責管理國際足球事務，並主辦世界盃足球賽。請問這個組織的英文縮寫是？,FIFA (國際足球協會),3.2,運動,運動會、運動賽事
這個世界性的體育組織負責組織奧林匹克運動會，並推動奧林匹克運動的發展。請問這個組織的英文縮寫是？,IOC (國際奧林匹克委員會),3.5,運動,運動會、運動賽事
這個亞洲綜合性運動會每四年舉辦一次，是亞洲規模最大的體育盛事。請問這個運動會是？,亞洲運動會 Asian Games,3.5,運動,運動會、運動賽事
這個為殘疾運動員舉辦的國際綜合性運動會，通常在奧運會後不久於同一城市舉行。請問這個運動會是？,殘疾人奧林匹克運動會 Paralympic Games,3.8,運動,運動會、運動賽事
這個世界單項體育組織負責管理國際田徑事務，並主辦世界田徑錦標賽。請問這個組織的簡稱是？,世界田聯 World Athletics (Formerly IAAF),4.5,運動,運動會、運動賽事
這個在美國舉行的美式足球年度冠軍賽，是美國收視率最高的電視節目之一，其中場表演也備受關注。請問這個賽事是？,超級碗 Super Bowl,4.5,運動,運動會、運動賽事
這個國際單項體育組織負責管理國際游泳、跳水、水球、韻律泳等水上運動。請問這個組織的英文縮寫是？,FINA (現為 World Aquatics - 世界游泳總會),4.8,運動,運動會、運動賽事
這個在英格蘭舉行的網球錦標賽，是四大滿貫賽事中唯一在草地場地上進行的比賽。請問這個錦標賽是？,溫布頓網球錦標賽 Wimbledon Championships,4.8,運動,運動會、運動賽事
這個國際大學生綜合性運動會，分為夏季和冬季賽事，每兩年舉辦一次。請問這個運動會是？,世界大學生運動會 Universiade / World University Games,5,運動,運動會、運動賽事
這個在英國及其聯邦成員國之間舉辦的綜合性運動會，每四年舉辦一次。請問這個運動會是？,英聯邦運動會 Commonwealth Games,5.5,運動,運動會、運動賽事
這款足球模擬遊戲由 EA Sports 發行，是全球最暢銷的體育遊戲系列之一 (現已更名)。請問這個長期使用的系列名稱是？,FIFA系列 (現為 EA Sports FC),3.8,運動,電子競技
這款多人線上戰術競技遊戲（MOBA）由 Riot Games 開發，是全球最受歡迎的電子競技項目之一。請問這款遊戲是？,英雄聯盟 League of Legends (LoL),3.8,運動,電子競技
這款大逃殺類型的射擊遊戲由 PUBG Corporation 開發，玩家需要在一個縮小的地圖上生存到最後。請問這款遊戲的全稱是？,絕地求生 PlayerUnknown's Battlegrounds (PUBG),4,運動,電子競技
這款籃球模擬遊戲由 2K Sports 發行，以其逼真的畫面和遊戲玩法受到玩家喜愛。請問這個遊戲系列是？,NBA 2K,4.2,運動,電子競技
這款由任天堂開發的格鬥遊戲，集合了來自任天堂各個遊戲系列的角色進行對戰。請問這個遊戲系列是？,任天堂明星大亂鬥 Super Smash Bros.,4.5,運動,電子競技
這款第一人稱射擊遊戲由 Valve 和 Hidden Path Entertainment 開發，是電子競技領域的經典項目，以警匪對抗為主題。請問這款遊戲是？,絕對武力：全球攻勢 Counter-Strike: Global Offensive (CS:GO),4.5,運動,電子競技
這款由 Blizzard Entertainment 開發的多人第一人稱射擊遊戲，玩家操控擁有不同技能的英雄進行團隊對抗。請問這款遊戲是？,鬥陣特攻 Overwatch,4.5,運動,電子競技
這款卡牌對戰遊戲由暴雪娛樂開發，基於《魔獸世界》的背景設定。請問這款遊戲是？,爐石戰記 Hearthstone,4.8,運動,電子競技
這款賽車模擬遊戲由 Polyphony Digital 開發，是 PlayStation 平台上的獨占作品，以其真實的駕駛體驗聞名。請問這個遊戲系列是？,跑車浪漫旅 Gran Turismo,5,運動,電子競技
這款即時戰略遊戲由暴雪娛樂開發，以三個獨特種族（人類、蟲族、神族）的星際戰爭為背景，曾是重要的電子競技項目。請問這款遊戲是？,星海爭霸 StarCraft,5.5,運動,電子競技
這款格鬥遊戲由 Bandai Namco 開發，以其3D格鬥場景和複雜的角色招式系統聞名。請問這個遊戲系列是？,鐵拳 Tekken,5.5,運動,電子競技
這款多人線上戰術競技遊戲（MOBA）由 Valve 開發，是《魔獸爭霸III》一個模組的獨立續作，擁有龐大的英雄池和複雜的遊戲機制。請問這款遊戲是？,Dota 2,5.8,運動,電子競技