地理,簡單,這個國家有「千湖之國」的美譽，位於北歐，首都是赫爾辛基，以桑拿浴、聖誕老人村和極光而聞名。請問這個國家是？,芬蘭
地理,簡單,這座山是中國最高的山峰，也是世界最高峰，海拔8844.43米，位於中國與尼泊爾邊界。請問這座山的名稱是？,珠穆朗瑪峰/聖母峰/Mount Everest
地理,簡單,這條河流是世界上最長的河流，流經非洲東北部，對古埃及文明的發展起到至關重要的作用。請問這條河流的名稱是？,尼羅河
地理,簡單,這個城市被稱為「東方之珠」，有維多利亞港和太平山等著名景點，是一個國際金融中心。請問這個城市是？,香港
地理,簡單,這個島嶼國家位於亞洲東部，由本州、四國、九州和北海道四個主要島嶼組成，富士山是其著名地標。請問這個國家是？,日本
地理,中等,這個峽灣位於挪威西部，全長約 15 公里，兩側是高達 1000 米的懸崖，被聯合國教科文組織列為世界自然遺產。請問這個峽灣的名稱是？,蓋朗厄爾峽灣
地理,中等,這個沙漠橫跨非洲北部多個國家，是世界上最大的熱沙漠，面積約 920 萬平方公里，約等於中國的面積。請問這個沙漠的名稱是？,撒哈拉沙漠
地理,中等,這個水道連接地中海和紅海，大大縮短了歐洲和亞洲之間的航程，1869年正式通航，曾多次成為國際衝突的焦點。請問這個水道的名稱是？,蘇伊士運河
地理,中等,這個城市建於水上，有118個小島組成，以其運河、貢多拉和聖馬可廣場聞名，每年都會舉辦面具節。請問這個意大利城市是？,威尼斯
地理,中等,這條板塊邊界線經過加利福尼亞，是太平洋板塊和北美板塊的交界處，常發生地震，1906年曾造成舊金山大地震。請問這條斷層帶的名稱是？,聖安德烈亞斯斷層
地理,困難,這個位於南美洲的高原湖泊橫跨秘魯和玻利維亞，海拔3812米，面積8372平方公里，是世界上位置最高的大型湖泊之一。請問這個湖泊的名稱是？,的的喀喀湖
地理,困難,這個自然現象是地球磁場偏離地理南北極的角度，對航海和定向有重要影響，在不同地點和時間有不同的數值。請問這個現象的名稱是？,磁偏角
地理,困難,這個最初由弗拉基米爾·廓本提出的氣候分類系統，根據溫度和降水量將全球氣候分為五大類，是目前使用最廣泛的氣候分類系統。請問這個分類系統的名稱是？,廓本氣候分類系統
地理,困難,這種地貌形成於石灰岩地區，由於石灰岩被雨水侵蝕形成，特徵是有溶洞、石筍、暗河等，中國廣西和雲南地區有許多這種地貌。請問這種地貌的名稱是？,喀斯特地貌
地理,困難,這個地理學術語描述的是城市中心區溫度比周邊鄉村地區高的現象，主要由人工表面、建築密度和城市活動產生的熱量導致。請問這個現象的名稱是？,城市熱島效應
文學,簡單,這部中國古典小說描述了唐僧師徒四人西行取經的故事，被譽為中國四大名著之一。請問這部小說的名稱是？,西遊記
文學,簡單,這位英國作家創作了《哈利波特》系列小說，講述了魔法少年哈利在霍格華茲魔法學校的冒險故事。請問這位作家是誰？,J.K.羅琳
文學,簡單,這部經典童話故事講述了一位木偶渴望成為真正的男孩，最後因善良和勇敢而實現願望的故事。請問這個故事的名稱是？,木偶奇遇記
文學,簡單,這部描寫三國時期歷史的中國古典小說，以劉備、關羽、張飛桃園三結義開始，描繪了魏蜀吳三國的政治和軍事鬥爭。請問這部小說的名稱是？,三國演義
文學,簡單,這位丹麥童話作家創作了《賣火柴的小女孩》、《醜小鴨》、《海的女兒》等經典童話故事。請問這位作家是誰？,安徒生
文學,中等,這部英國小說描述了住在沼澤地區的皮普從小男孩成長為紳士的故事，探討了階級、財富和道德等主題。請問這部由查爾斯·狄更斯所著的作品是？,遠大前程
文學,中等,這位美國作家以短篇小說聞名，作品常帶有出人意料的結局，如《麥琪的禮物》講述了一對貧困夫妻為彼此準備聖誕禮物的故事。請問這位作家是誰？,歐·亨利
文學,中等,這部日本小說描述了一位教授與藝妓之間的複雜情感，背景設定在明治時代的京都，被視為日本文學的經典之作。請問這部由谷崎潤一郎所著的小說是？,細雪
文學,中等,這位英國詩人和劇作家被譽為「英國文學之父」，寫作了《坎特伯雷故事集》，對英國文學和英語發展有重大影響。請問這位作家是誰？,杰弗里·喬叟
文學,中等,這部俄國小說描述了安娜與貴族軍官伏倫斯基的婚外情，最終因無法承受社會壓力而自殺。請問這部由托爾斯泰創作的小說是？,安娜·卡列尼娜
文學,困難,這位美國詩人以精煉的風格和死亡、自然等主題聞名，生前僅出版了十餘首詩，大部分作品在其死後才被發現並出版。請問這位19世紀女詩人是誰？,艾米莉·狄金森
文學,困難,這部長篇小說描述了幾代人在拉丁美洲虛構小鎮馬孔多的生活，被視為魔幻現實主義的代表作，為作者贏得了諾貝爾文學獎。請問這部由加布里埃爾·加西亞·馬爾克斯創作的小說是？,百年孤獨
文學,困難,這種日本傳統詩歌形式由5、7、5、7、7共31個音節組成，常表達對自然和季節的感受，起源於平安時代。請問這種詩歌形式的名稱是？,和歌
文學,困難,這位愛爾蘭作家的作品《尤利西斯》以意識流手法描寫了布魯姆在都柏林一天的經歷，被視為現代主義文學的代表作。請問這位作家是誰？,詹姆斯·喬伊斯
文學,困難,這部法國小說描述了一個年輕人在巴黎社會中的奮鬥與墮落，是巴爾扎克《人間喜劇》系列的開篇之作，對19世紀法國社會有深刻描繪。請問這部小說的名稱是？,高老頭
文化,簡單,這個中國傳統節日在農曆正月十五日慶祝，人們會賞花燈、猜燈謎、吃湯圓，象徵團圓和美滿。請問這個節日的名稱是？,元宵節
文化,簡單,這種中國傳統藝術形式以紙張為原料，通過剪、刻、粘等手法創造出各種圖案，常用於窗花、門花等裝飾。請問這種藝術形式的名稱是？,剪紙
文化,簡單,這種日本傳統藝術是將紙張折疊成各種形狀，如動物、花朵等，不使用剪刀和膠水。請問這種藝術的名稱是？,摺紙/折紙
文化,簡單,這個西方節日起源於古羅馬，每年2月14日慶祝，人們會互贈巧克力、鮮花或卡片表達愛意。請問這個節日的名稱是？,情人節
文化,簡單,這種中國傳統戲劇形式以其豐富的臉譜、誇張的動作和特殊的唱腔而聞名，被聯合國教科文組織列入人類非物質文化遺產。請問這種戲劇形式的名稱是？,京劇
文化,中等,這種日本傳統藝術形式強調和諧、靜謐和簡約，講究泡製、奉茶和品飲的儀式感，反映了「一期一會」的哲學觀念。請問這種藝術形式的名稱是？,茶道
文化,中等,這種中國書法風格始於漢末魏晉時期，以其流暢、自由、富有變化的筆法聞名，代表人物包括王羲之、張旭等。請問這種書法風格的名稱是？,草書
文化,中等,這種源於韓國的醃製蔬菜食品，主要以白菜和蘿蔔為原料，加入辣椒粉、蒜等調味料發酵而成，是韓國料理的重要組成部分。請問這種食品的名稱是？,泡菜（Kimchi）
文化,中等,這種印度傳統舞蹈起源於印度南部的泰米爾納德邦，結合了舞蹈、音樂和敘事元素，表演者通過精確的眼神和手勢傳達故事。請問這種舞蹈形式的名稱是？,巴拉塔納提亞姆
文化,中等,這種源於美國非裔社區的音樂風格，結合了爵士樂、藍調和節奏藍調，特點是強烈的節奏感和情感表達，影響了後來的搖滾樂和嘻哈音樂。請問這種音樂風格的名稱是？,靈魂樂（Soul）
文化,困難,這種藝術形式起源於15世紀意大利的宮廷，結合了音樂、舞蹈和戲劇元素，以其華麗的舞台設計和複雜的聲樂表演而聞名。請問這種藝術形式的名稱是？,歌劇
文化,困難,這種中國文人趣味的活動融合了書法、繪畫和文學，參與者輪流在同一幅作品上添加詩句或畫面，強調文人間的交流和藝術互動。請問這種活動的名稱是？,唱和/詩畫唱和
文化,困難,這種源於印度古代的醫學系統強調身體、心靈和精神的平衡，通過草藥、按摩、瑜伽和冥想等方法促進健康，至今仍在南亞和世界各地實踐。請問這種傳統醫學系統的名稱是？,阿育吠陀醫學
文化,困難,這種源於非洲的宗教和文化傳統在奴隸貿易時期傳入美洲和加勒比地區，融合了非洲信仰和基督教元素，在海地、古巴和巴西等地有不同變體。請問這種宗教傳統的名稱是？,伏都教
文化,困難,這種中東傳統表演藝術結合了詩歌、音樂和敘事，表演者通過說唱形式講述英雄故事或民間傳說，被聯合國教科文組織列為非物質文化遺產。請問這種表演藝術的名稱是？,馬卡姆（Maqam）
娛樂,簡單,這部1994年上映的動畫電影講述了一隻獅子王子辛巴成長的故事，包含經典歌曲《Circle of Life》和《Can You Feel the Love Tonight》。請問這部迪士尼電影的名稱是？,獅子王
娛樂,簡單,這個遊戲系列以捕捉、訓練和戰鬥小精靈為核心玩法，由任天堂於1996年推出，後衍生出動畫、卡牌、電影等多媒體產品。請問這個遊戲系列的名稱是？,精靈寶可夢/寵物小精靈/神奇寶貝
娛樂,簡單,這部科幻電影系列講述了地球與變形金剛之間的故事，主要角色包括博派領袖擎天柱和狂派領袖威震天。請問這系列電影的名稱是？,變形金剛
娛樂,簡單,這種源自韓國的流行音樂以其朗朗上口的旋律、精心編排的舞蹈和時尚造型聞名，在全球範圍內有大量粉絲。請問這種音樂類型的簡稱是？,K-pop
娛樂,簡單,這個日本動漫人物是一隻沒有嘴巴的白色小貓，由三麗鷗公司於1974年創造，成為全球流行的卡通形象。請問這個角色的名字是？,Hello Kitty
娛樂,中等,這部英國電視劇講述了一位來自未來的時間旅行者的冒險故事，主角乘坐一個藍色警亭形狀的時間機器探索宇宙，自1963年首播以來經歷了多位演員扮演主角。請問這部科幻電視劇的名稱是？,神秘博士
娛樂,中等,這位美國導演以其獨特的對稱構圖、鮮豔的色彩和精心設計的場景而聞名，作品包括《布達佩斯大飯店》、《犬之島》和《法蘭西特派》。請問這位導演是誰？,韋斯·安德森
娛樂,中等,這部日本動畫電影講述了一個少女在前往父母工作的新家途中誤入神靈世界的故事，於2001年上映，獲得了第75屆奧斯卡最佳動畫長片獎。請問這部由宮崎駿導演的電影是？,千與千尋/神隱少女
娛樂,中等,這個美國搖滾樂隊由主唱佛萊迪·墨裘瑞（Freddie Mercury）領導，創作了《波西米亞狂想曲》、《We Will Rock You》等經典歌曲。請問這個樂隊的名稱是？,皇后樂隊/Queen
娛樂,中等,這部HBO製作的電視劇改編自喬治·R·R·馬丁的奇幻小說系列，講述了維斯特洛大陸上幾個貴族家族爭奪鐵王座的故事。請問這部劇的名稱是？,權力的遊戲
娛樂,困難,這個由丹麥導演拉斯·馮·特里爾等人於1995年發起的電影運動，提倡使用手持攝影機、自然光源和現場收音等技術，拒絕特效和事後修飾。請問這個電影運動的名稱是？,Dogme 95/狗眼運動
娛樂,困難,這種日本傳統表演藝術起源於17世紀，演員使用精細的木偶表演故事，需要三位操偶師共同操作一個偶人，被聯合國教科文組織列為非物質文化遺產。請問這種表演藝術的名稱是？,文樂/人形淨琉璃
娛樂,困難,這位導演以長鏡頭、黑白影像和對存在主義主題的探索而聞名，代表作包括《第七封印》和《野草莓》，被視為20世紀最具影響力的電影導演之一。請問這位瑞典導演是誰？,英格瑪·伯格曼
娛樂,困難,這種起源於19世紀法國的電影技術使用停格動作創造特效，通過逐幀拍攝和調整物體位置來製造運動的錯覺，是現代定格動畫的前身。請問這種技術的名稱是？,定格攝影技術
娛樂,困難,這種源自西班牙的音樂形式融合了摩爾人、猶太人和吉普賽人的影響，以其激情四溢的吉他演奏、歌唱和舞蹈而聞名，被聯合國教科文組織列為非物質文化遺產。請問這種音樂形式的名稱是？,佛朗明哥
歷史,簡單,這場戰爭發生在1939年至1945年間，涉及全球大多數國家，是人類歷史上規模最大、傷亡最慘重的軍事衝突。請問這場戰爭的名稱是？,第二次世界大戰
歷史,簡單,這位中國古代發明家發明了造紙術，大大促進了文化的傳播和發展，被譽為「造紙術的發明者」。請問這位東漢時期的宦官是誰？,蔡倫
歷史,簡單,這場革命於1789年爆發，推翻了法國的君主制度，提出了「自由、平等、博愛」的口號，對現代民主思想產生了深遠影響。請問這場革命的名稱是？,法國大革命
歷史,簡單,這部由孫中山先生提出的著作闡述了民族主義、民權主義和民生主義的理念，成為中國民主革命的指導思想。請問這部著作的名稱是？,三民主義
歷史,簡單,這位探險家於1492年率領三艘船從西班牙出發，尋找通往印度的西路，最終到達了美洲大陸，開啟了歐洲對美洲的殖民時代。請問這位探險家是誰？,克里斯托弗·哥倫布
歷史,中等,這場戰爭發生在1950年至1953年間，是冷戰時期的第一場熱戰，以38度線為界分裂了朝鮮半島，至今仍未簽訂正式和平條約。請問這場戰爭的名稱是？,韓戰/朝鮮戰爭
歷史,中等,這位中國古代政治家和軍事家輔佐劉邦建立漢朝，著有《韜略》十三篇，提出「明修棧道，暗渡陳倉」等著名計謀。請問這位被譽為「運籌帷幄之中，決勝千里之外」的人物是誰？,張良
歷史,中等,這次事件發生在1966年至1976年間的中國，由毛澤東發動，目的是打倒「走資派」，對中國政治、經濟和文化產生了深遠影響。請問這場運動的名稱是？,文化大革命
歷史,中等,這位古希臘哲學家是柏拉圖的學生，亞歷山大大帝的老師，著有《形而上學》、《政治學》等，對西方哲學有深遠影響。請問這位哲學家是誰？,亞里士多德
歷史,中等,這條古代商業路線連接中國與地中海沿岸國家，促進了東西方文化、宗教和商品的交流，因絲綢貿易而得名。請問這條路線的名稱是？,絲綢之路
歷史,困難,這場戰爭發生在1618年至1648年間，最初是歐洲各國之間的宗教衝突，後來演變為權力鬥爭，以《威斯特伐利亞和約》結束，確立了現代國際關係體系的基礎。請問這場戰爭的名稱是？,三十年戰爭
歷史,困難,這位唐代政治家主持編撰了《貞觀政要》，為唐太宗提供了重要的政治建議，幫助建立了「貞觀之治」的盛世。請問這位被稱為「諫臣」的唐代政治家是誰？,魏徵
歷史,困難,這場發生在1917年的革命推翻了俄國沙皇政權，建立了世界上第一個社會主義國家，對20世紀全球政治格局產生了重大影響。請問這場革命的名稱是？,十月革命
歷史,困難,這種中國古代科舉考試的最高級別考試，由皇帝親自主持，考中者被稱為「狀元」、「榜眼」和「探花」，是古代知識分子的最高榮譽。請問這種考試的名稱是？,殿試
歷史,困難,這位中國古代思想家提出「兼愛」、「非攻」等主張，強調平等互助、反對戰爭，創立了墨家學派，與儒家、道家並稱為戰國時期的顯學。請問這位思想家是誰？,墨子
理科,簡單,這種現象是由地球自轉引起的，使得北半球的流體偏右，南半球的流體偏左，影響氣象和海洋環流。請問這種現象的名稱是？,科里奧利效應
理科,簡單,這種力是使物體保持圓周運動的向心力，方向指向圓心，大小與速度的平方成正比，與半徑成反比。請問這種力的名稱是？,向心力
理科,簡單,這種現象是指光線從一種介質進入另一種介質時改變方向的現象，例如光從空氣進入水中。請問這種光學現象的名稱是？,折射
理科,簡單,這種天體是恆星生命終結階段形成的超高密度天體，由中子組成，直徑只有約20公里但質量可達太陽的數倍。請問這種天體的名稱是？,中子星
理科,簡單,這個物理量表示單位時間內完成的功的多少，單位是瓦特，可以用功除以時間計算。請問這個物理量的名稱是？,功率
理科,中等,這種化學反應是有機化學中的重要反應類型，涉及碳陰離子對羰基碳的親核進攻，可用於形成新的碳-碳鍵。請問這種反應的名稱是？,醛醇縮合反應
理科,中等,這種生物現象是指生物體內特定基因在特定情況下被「關閉」而不表達，常見於表觀遺傳學研究中。請問這種現象的名稱是？,基因沉默
理科,中等,這種物理現象是指電荷在導體表面分佈的傾向，導致導體內部的電場為零，這一原理被應用於法拉第籠的設計中。請問這種現象的名稱是？,靜電屏蔽
理科,中等,這種天文現象是由於地球大氣中的塵埃和冰晶對陽光的散射，使日出和日落時天空呈現紅色調。請問這種現象的名稱是？,瑞利散射
理科,中等,這種數學概念描述了當某物理量趨近於無窮大時系統的行為，常用於研究函數在特定條件下的極限情況。請問這種數學工具的名稱是？,漸近分析
理科,困難,這種物理學理論試圖將量子力學與廣義相對論統一，描述基本粒子為一維弦而非點粒子，是當前物理學的前沿研究領域之一。請問這種理論的名稱是？,弦理論
理科,困難,這種生物學現象描述了某些物種在進化過程中的形態變化呈跳躍式而非漸進式的模式，由古生物學家古爾德和埃爾德雷奇提出。請問這種進化理論的名稱是？,間斷平衡理論
理科,困難,這種化學反應是一種放熱的氧化還原反應，常被用於製備金屬，使用金屬氧化物和鋁粉混合物，反應溫度可達2000攝氏度以上。請問這種反應的名稱是？,熱劑反應/鋁熱反應
理科,困難,這種數學結構是拓撲學中的基本概念，用於研究在連續變形下保持不變的性質，可以分為旋轉群、李群等不同類型。請問這種數學結構的名稱是？,群論
理科,困難,這種物理效應描述了當超導體處於弱磁場中時會排斥磁力線的現象，導致超導體表現出完美的抗磁性，由德國物理學家於1933年發現。請問這種效應的名稱是？,邁斯納效應
社會,簡單,這種社會現象是指人們根據性別、種族、年齡等因素對他人持有的偏見和不公正對待，常導致社會不平等。請問這種現象的總稱是？,歧視
社會,簡單,這種社會問題是指人們在長時間內無法找到工作的狀態，可由經濟衰退、技術變革或結構性因素引起。請問這種問題的名稱是？,失業
社會,簡單,這種社會組織由公民自願組成，獨立於政府運作，旨在解決特定社會問題或提供公共服務，如樂施會、綠色和平等。請問這種組織的通稱是？,非政府組織(NGO)
社會,簡單,這種社會行為是指人們自願付出時間和精力幫助他人，不求物質回報，如參與社區服務、災後重建等。請問這種行為的名稱是？,義工/志願服務
社會,簡單,這種社會制度通過法律確立婚姻關係，規定配偶雙方的權利和義務，在不同文化中有不同形式，如一夫一妻制、一夫多妻制等。請問這種制度的名稱是？,婚姻制度
社會,中等,這種社會現象是指城市人口急速增長，導致城市規模擴大，常伴隨農村人口向城市遷移和工業化發展。請問這種現象的名稱是？,城市化
社會,中等,這種社會學概念描述了社會階層之間的流動性，可以是向上（如通過教育獲得更高的社會地位）或向下的移動。請問這個概念的名稱是？,社會流動性
社會,中等,這種社會理論認為社會是由相互關聯的部分組成的系統，每個部分都為整體的穩定性和連續性做出貢獻，強調社會結構和功能的整合。請問這種理論的名稱是？,結構功能主義
社會,中等,這種社會問題是指人口年齡結構改變，老年人比例增加，出生率下降導致的社會現象，對醫療系統和社會保障體系構成挑戰。請問這種現象的名稱是？,人口老化
社會,中等,這種社會學概念描述了人們對某一群體持有的固定印象，常基於對該群體的簡化或概括，可能導致歧視和偏見的形成。請問這個概念的名稱是？,刻板印象
社會,困難,這種社會學理論強調符號和互動在社會生活中的重要性，認為人們通過解釋他人的行為和回應來創造意義，由喬治·赫伯特·米德等人發展。請問這種理論的名稱是？,符號互動論
社會,困難,這種社會現象描述了個人在現代社會中因社會關係減弱而產生的孤立和疏離感，常與都市化和工業化進程相關，在社會學研究中有重要地位。請問這種現象的名稱是？,社會疏離/異化
社會,困難,這種社會資本形式是指個人通過與不同社會群體和組織的聯繫所獲得的資源，有助於跨越社會階層獲取信息和機會，由社會學家格蘭諾維特提出。請問這種社會資本的類型是？,橋樑型社會資本
社會,困難,這種社會學方法強調研究者通過沉浸在所研究的社會環境中來理解文化，要求長期參與觀察和深度訪談，源於人類學但廣泛應用於社會學研究。請問這種研究方法的名稱是？,民族誌學研究法
社會,困難,這種社會政策模式強調政府在提供社會福利方面的主導作用，特別發達於北歐國家，以高稅收、全民福利和強調平等為特點。請問這種福利國家模式的名稱是？,斯堪的納維亞模式/北歐模式
生活,簡單,這種烹飪技術是將食材放在熱油中烹調，使其外表酥脆而內部保持濕潤，常用於製作炸雞、薯條等食品。請問這種烹飪方法的名稱是？,油炸
生活,簡單,這種居家整理方法強調將物品分類存放，減少雜亂，提高生活品質，近年在全球流行，帶動了收納產業的發展。請問這種活動的通用名稱是？,收納/整理
生活,簡單,這種中式烹飪技法是利用大火快速翻炒食材，保持食材的色香味並縮短烹飪時間，是中國烹飪的代表性技法之一。請問這種烹飪方法的名稱是？,爆炒/快炒
生活,簡單,這種健康概念強調身心的平衡與和諧，包括健康飲食、規律運動、充足睡眠和壓力管理等多個方面，是現代健康生活的核心理念。請問這種生活方式的名稱是？,健康生活方式/養生
生活,簡單,這種家居風格強調簡約、功能性和清爽的線條，源於20世紀中期的斯堪的納維亞設計，以淺色木質、白色牆面和簡潔家具為特點。請問這種風格的名稱是？,北歐風格
生活,中等,這種日本飲食理念強調食物的季節性、新鮮度和簡約美學，重視食材的原始風味和視覺呈現，被視為日本飲食文化的精髓。請問這種理念的名稱是？,和食
生活,中等,這種源於中國古代的飲食觀念認為食物可以分為「熱性」和「冷性」，食用時應根據體質和季節選擇平衡的食物，至今仍影響著東亞飲食習慣。請問這種觀念的名稱是？,食物寒熱性質理論
生活,中等,這種烹飪技術是將食材放入密封袋中，在精確控溫的水浴中長時間慢煮，保持食材的多汁和風味，被高級餐廳和家庭廚師廣泛採用。請問這種烹調方法的名稱是？,真空低溫烹調/舒肥法(Sous Vide)
生活,中等,這種法國傳統麵包製作方法強調使用簡單原料（麵粉、水、鹽和酵母）和長時間發酵，形成特有的硬皮和開放式氣孔結構。請問這種麵包的名稱是？,法棍
生活,中等,這種起源於日本的個人發展理念強調尋找個人存在的意義和價值，概念包含「使命」、「熱愛的事」和「能夠獲得報酬的事」三個要素的交集。請問這個概念的名稱是？,生活目標/Ikigai
生活,困難,這種希臘飲食模式以橄欖油、蔬菜、水果、豆類、魚類為主，紅肉攝入較少，被研究證明有助於降低心血管疾病風險，是UNESCO非物質文化遺產。請問這種飲食模式的名稱是？,地中海飲食
生活,困難,這種源自中國傳統醫學的健康理念強調通過調整呼吸、姿勢和意念來培養和引導體內能量，有動功和靜功之分，如八段錦、五禽戲等。請問這種健康實踐的名稱是？,氣功
生活,困難,這種源於北歐的生活理念強調簡單、舒適和溫馨，特別重視在寒冷季節創造溫暖的家庭氛圍，如點蠟燭、喝熱飲等，在近年全球流行。請問這種生活理念的名稱是？,丹麥式幸福/Hygge
生活,困難,這種園藝技術不使用土壤，而是在富含營養的水溶液中種植植物，可以在室內或受控環境中高效種植，越來越多地用於都市農業。請問這種種植技術的名稱是？,水培/水耕法
生活,困難,這種源自日本的家居整理哲學由近藤麻理惠推廣，核心原則是只保留「帶來喜悅」的物品，並有特定的折疊和收納方法，在全球引發了整理風潮。請問這種整理方法的名稱是？,KonMari方法/近藤麻理惠整理法
語言,簡單,這種語言現象是指一個詞有多個相關的不同意義，如「手」可以指人體的一部分，也可以指代「人手」即人力資源。請問這種語言現象的名稱是？,多義詞
語言,簡單,這種修辭手法通過把兩個或多個相反的概念、詞語或句子並列，形成鮮明對比，如「天下興亡，匹夫有責」。請問這種修辭手法的名稱是？,對比/對偶
語言,簡單,這種漢語拼音方案於1958年在中國正式公布使用，以拉丁字母為基礎，標注漢字的讀音，成為中國大陸的標準拼音系統。請問這種拼音系統的正式名稱是？,漢語拼音
語言,簡單,這種語言現象是指不同語言的詞彙之間的意義相同或相近，如英語的「hello」和法語的「bonjour」都表示問候。請問這種語言學概念的名稱是？,同義詞
語言,簡單,這種修辭手法是把人的情感和特質賦予無生命的事物或抽象概念，如「春風吻醒了花朵」、「時間會告訴我們答案」。請問這種修辭手法的名稱是？,擬人
語言,中等,這種語言學概念是指一種語言在特定地區形成的變體，有自己的詞彙、語法和發音特點，但仍被視為同一語言，如粵語、閩南語等。請問這種語言變體的名稱是？,方言
語言,中等,這種翻譯策略注重傳達原文的意思和效果，而非逐字逐句翻譯，使譯文在目標語言中更為自然流暢，常用於文學和商業翻譯。請問這種翻譯策略的名稱是？,意譯
語言,中等,這種語言學現象是指詞彙借用過程中的變形，如英語「hamburger」在日語中變為「ハンバーガー」(hanbāgā)，反映了語言接觸的結果。請問這種現象的名稱是？,音譯/語音適應
語言,中等,這種語言學研究方法關注語言的實際使用情況，研究語言如何在不同社會環境中使用，以及語言和社會因素如性別、階級的關係。請問這種研究領域的名稱是？,社會語言學
語言,中等,這種語言現象是指在一句話中使用兩種或多種語言或方言，如「我要去買 coffee」，在雙語或多語社會中常見。請問這種現象的名稱是？,語碼轉換
語言,困難,這種語言學理論由瑞士語言學家索緒爾提出，將語言視為符號系統，每個符號由「能指」（聲音形式）和「所指」（概念）組成，為現代語言學奠定了基礎。請問這種理論的名稱是？,結構主義語言學
語言,困難,這種語言變化現象是指當一個詞的意義逐漸變得更負面的過程，如英語中「gossip」最初指「親密朋友」，現在則指「閒言碎語」。請問這種語義變化的名稱是？,貶義化
語言,困難,這種文字系統使用符號表示詞或詞素而非音素，如漢字和埃及象形文字，與表音文字如拉丁字母不同。請問這種文字系統的名稱是？,意符文字/表意文字
語言,困難,這種語言現象描述了某些語言對特定顏色、親屬關係或其他概念有更精細的區分，反映了不同文化對世界的不同認知方式。請問這種語言學概念的名稱是？,語義場理論
語言,困難,這種語言學分析方法研究言語行為如承諾、命令、請求等，關注言語的功能而非形式，由英國哲學家奧斯汀提出並由塞爾進一步發展。請問這種理論的名稱是？,言語行為理論
地理,簡單,有「千島之國」的美譽，由超過17000個島嶼組成，位於東南亞，是東南亞最大的國家，首都為雅加達。請問這個國家是？,印尼/印度尼西亞
地理,簡單,這個地區位於中國南部海岸，總面積約為1106平方公里，由香港島、九龍半島、新界和262個離島組成，有「東方之珠」美譽。請問這個特別行政區的名稱是？,香港
地理,簡單,這個城市的泰晤士河是其重要地標，有「霧都」的稱號，擁有著名的大笨鐘和倫敦眼摩天輪，是英國的首都。請問這個城市是？,倫敦
地理,中等,這個城市橫跨兩個大陸，博斯普魯斯海峽將其分為歐洲和亞洲部分，曾經是拜占庭帝國的首都，後來成為奧斯曼帝國的首都，現在是土耳其最大城市。請問這個城市的名稱是？,伊斯坦堡
地理,中等,這個山脈總長約7000公里，橫跨南美七個國家，是世界上最長的陸地山脈，也是南美洲最主要的地理特徵，許多古代文明如印加帝國曾在此發展。請問這個山脈的名稱是？,安第斯山脈
地理,中等,這個峽谷位於美國西南部，由科羅拉多河長時間沖刷形成，深達1800米，寬達29公里，是美國最受歡迎的國家公園之一，也是世界著名的自然奇觀。請問這個峽谷的名稱是？,大峽谷
地理,困難,這個沙漠位於中國新疆維吾爾自治區，總面積約為4.88萬平方公里，是中國第二大沙漠，被稱為「死亡之海」，沙漠中有「月牙泉」等著名景觀，也是古絲綢之路的必經之地。請問這個沙漠的名稱是？,塔克拉瑪幹沙漠
地理,困難,這條海溝位於太平洋西部，最深處超過1.1萬米，是地球上已知最深的海溝，名字來自一艘探測它的英國皇家海軍測量船，馬里亞納群島就位於其附近。請問這個海溝的名稱是？,馬里亞納海溝
地理,困難,這個極地現象由帶電粒子撞擊大氣層而產生，常見於高緯度地區，在北半球稱為北極光，在南半球稱為南極光，呈現出各種顏色的光帶，是許多旅行者夢寐以求的自然景觀。請問這個地理現象的科學名稱是？,極光/Aurora
地理,困難,這個湖泊位於非洲東部，由東非大裂谷形成，面積約32900平方公里，最深處達1470米，是世界上第二深的湖泊，也是世界上第二古老的湖泊，擁有超過1000種魚類，其中大部分為特有物種。請問這個湖泊的名稱是？,坦噶尼喀湖
文學,簡單,這個童話故事講述了一個貧窮小女孩在嚴寒的除夕夜裡，點燃火柴來取暖，幻想溫暖的場景，最後在街頭凍死的悲傷故事。請問這個由丹麥作家安徒生創作的童話是？,賣火柴的小女孩
文學,簡單,這部中國古典名著描述了一百零八位好漢聚集梁山泊的故事，主要人物包括宋江、武松、魯智深等，被譽為中國四大名著之一。請問這部小說的名稱是？,水滸傳
文學,簡單,這位英國作家以幽默誇張且充滿想像力的風格聞名，作品包括《查理和巧克力工廠》、《了不起的狐狸爸爸》、《女巫》等知名兒童文學作品。請問這位作家是誰？,羅爾德·達爾（Roald Dahl）
文學,中等,這位詩人有「詩仙」的稱號，著有《將進酒》中「人生得意須盡歡，莫使金樽空對月」的名句，其「天生我材必有用，千金散盡還復來」的詩句廣為人知。請問這位唐代詩人是誰？,李白
文學,中等,這部小說描述了主角麥克墨菲在精神病院的經歷，探討了個人自由與集體壓制的主題，後被改編成由傑克·尼科爾森主演的奧斯卡獲獎電影。請問這部由肯·克西所著的小說是？,飛越瘋人院
文學,中等,這部作品被視為法國文學的巔峰之作，主角冉阿讓因偷麵包入獄，獲釋後受主教感化而改過自新，還描述了賈維爾、珂賽特等人物的故事，反映了19世紀法國社會的動盪。請問這部由維克多·雨果所著的小說是？,悲慘世界
文學,困難,這部作品是阿拉伯文學的瑰寶，由波斯、印度、阿拉伯等地民間故事組成，講述一個國王每晚娶一個新娘並於次日處死她，直到一位聰明的女子用講故事的方法拯救了自己的生命。請問這部包含《阿拉丁神燈》、《阿里巴巴和四十大盜》等故事的文學作品是？,一千零一夜/天方夜譚
文學,困難,這位愛爾蘭作家以獨特的「意識流」寫作風格聞名，其代表作以都柏林市民利奧波德·布魯姆在1904年6月16日一天的經歷為背景，被視為20世紀現代主義文學的巔峰之作。請問這位作家和他的代表作分別是誰和什麼？,詹姆斯·喬伊斯，《尤利西斯》
文學,困難,這位作家的作品充滿魔幻現實主義色彩，其代表作描述了布恩迪亞家族七代人的故事，以馬孔多這個虛構小鎮為背景，被認為是20世紀最重要的西班牙語小說之一，為他贏得了1982年的諾貝爾文學獎。請問這位哥倫比亞作家是誰？,加布里埃爾·加西亞·馬爾克斯
文學,困難,這位日本作家的作品常探討現代社會中的孤獨與虛無，代表作包括《挪威的森林》、《海邊的卡夫卡》、《1Q84》等，作品被翻譯成50多種語言，曾多次被提名諾貝爾文學獎。請問這位作家是誰？,村上春樹
文化,簡單,這個中國傳統節日在農曆五月初五慶祝，人們會吃粽子、賽龍舟，紀念戰國時期的愛國詩人屈原。請問這個節日的名稱是？,端午節
文化,簡單,這種中國傳統藝術形式使用剪刀將紙張剪成各種圖案，常用於窗花、門飾等裝飾，特別在春節期間流行，被聯合國教科文組織列為人類非物質文化遺產。請問這種藝術形式叫什麼？,剪紙
文化,簡單,這個西方節日起源於羅馬帝國時期的傳統，每年12月25日慶祝，人們會裝飾聖誕樹、交換禮物，小朋友期待聖誕老人送禮物，是西方最重要的節日之一。請問這個節日的名稱是？,聖誕節
文化,中等,這種日本傳統藝術形式於12世紀發展，將樹木修剪成特定形狀，強調自然與人工之間的平衡，要求多年的耐心和技術，現已成為日本文化的重要象徵。請問這種園藝藝術的名稱是？,盆栽
文化,中等,這種中國傳統表演藝術起源於明清時期，表演者通過臉部彩繪表達人物性格，有「生、旦、淨、丑」等角色類型，被聯合國教科文組織列為人類非物質文化遺產。請問這種戲曲形式的名稱是？,京劇
文化,中等,這種藝術風格起源於19世紀末的歐洲，強調流暢的線條和自然的形態，代表藝術家包括慕夏和高第，在建築、海報和裝飾藝術中都有體現，特別在巴黎和巴塞隆納盛行。請問這種藝術風格的名稱是？,新藝術運動/Art Nouveau
文化,困難,這種日本傳統藝術起源於17世紀，強調對缺陷的接受和無常的美學，主要應用於陶瓷修復，使用金、銀或白金粉末混合漆來修復破裂的器皿，使破裂處成為設計的一部分。請問這種藝術理念的名稱是？,金繕（Kintsugi）
文化,困難,這種非物質文化遺產源自中國雲南，是一種古老的染色技藝，使用蜂蠟等物質來防止染料滲透到布料的特定部分，創造出複雜的圖案，屬於蠟染的一種。請問這種少數民族傳統染色技藝的名稱是？,蠟染
文化,困難,這種音樂風格起源於19世紀中期的美國南部，融合了非洲節奏與歐洲和聲，以其即興性和表現力而聞名，由路易斯·阿姆斯特朗、邁爾斯·戴維斯等藝術家推廣，被視為美國最原創的藝術形式之一。請問這種音樂風格的名稱是？,爵士樂（Jazz）
文化,困難,這種古老的阿拉伯和伊斯蘭藝術形式避免使用人物和動物形象，而是通過複雜的幾何圖案和植物紋飾來表達，常見於清真寺和伊斯蘭建築裝飾中，代表著無限延伸的宇宙觀念。請問這種藝術形式的名稱是？,阿拉伯式幾何圖案/阿拉伯風格裝飾藝術（Arabesque）
娛樂,簡單,這個角色是日本任天堂公司的吉祥物，戴著紅帽子，穿著藍色工裝，職業是水管工，經常要救出被庫巴抓走的碧姬公主，是電子遊戲史上最具標誌性的角色之一。請問這個遊戲角色的名字是？,馬里奧（Mario）
娛樂,簡單,這部動畫電影講述了一隻獅子王的兒子辛巴從小失去父親，長大後回到榮耀國復仇並成為獅王的故事，曾獲得奧斯卡最佳原創歌曲和最佳原創配樂獎。請問這部由迪士尼製作的電影是？,獅子王
娛樂,簡單,這種卡牌遊戲由日本開發，玩家扮演「訓練師」收集並訓練小精靈進行對戰，在全球擁有大量粉絲，包括遊戲、動畫、卡牌等多種媒體形式。請問這個系列的中文名稱是？,寵物小精靈/神奇寶貝/精靈寶可夢
娛樂,中等,這部科幻電影系列講述了天行者家族的故事，有光劍、原力等元素，第一部於1977年上映，後來發展成為全球知名的文化現象，由喬治·盧卡斯創作。請問這部電影系列是？,星球大戰（Star Wars）
娛樂,中等,這個樂隊成立於1960年代的英國利物浦，成員包括約翰·列儂、保羅·麥卡特尼、喬治·哈里森和林戈·斯塔爾，創作了《Hey Jude》、《Yesterday》等經典歌曲，被視為最有影響力的音樂組合之一。請問這個樂隊的名字是？,披頭四（The Beatles）
娛樂,中等,這部美國劇集講述了幾位在加州理工學院工作的天才物理學家和一位對門的女服務員之間的故事，主角謝爾頓以其高智商和怪異性格聞名，劇中充滿了科學笑話和流行文化參考。請問這部2007年開始播出的情景喜劇是？,生活大爆炸（The Big Bang Theory）
娛樂,困難,這位導演以其獨特的對稱構圖、鮮豔的色彩運用和精心設計的場景而聞名，作品包括《布達佩斯大飯店》、《月升王國》、《法蘭西特派》等，擁有明顯的個人風格。請問這位美國導演是誰？,韋斯·安德森（Wes Anderson）
娛樂,困難,這種電影技術由法國發明家路易·盧米埃爾於1895年開發，使用每秒16幀的膠片放映，被視為現代電影技術的起源，首部公開放映的影片是《工廠大門》。請問這種早期電影放映技術的名稱是？,電影放映機/Cinématographe
娛樂,困難,這部日本動畫電影探討了人工智能、虛擬現實和人類意識的主題，故事發生在2029年的日本，主角是一名名為「草薙素子」的女性機械人，後被好萊塢改編成真人電影。請問這部由押井守導演的經典賽博朋克動畫電影是？,攻殼機動隊（Ghost in the Shell）
娛樂,困難,這種音樂類型起源於1970年代紐約的街頭派對，由DJ通過兩張唱片的混合和刮擦技術創造新的聲音，後來發展成為嘻哈文化的四大元素之一，代表人物包括Grandmaster Flash和DJ Kool Herc。請問這種音樂藝術形式的名稱是？,DJ刮碟/Turntablism
歷史,簡單,這場戰爭發生在1839年至1842年間，英國為了保護鴉片貿易而向清朝發動，最終簽訂了《南京條約》，香港島被割讓給英國，開啟了中國近代史的新篇章。請問這場戰爭的名稱是？,第一次鴉片戰爭
歷史,簡單,這位歷史人物是中國古代著名的發明家和天文學家，發明了地動儀、指南車等，還製作了世界上第一個銅製渾天儀，被稱為「科聖」。請問這位東漢時期的科學家是誰？,張衡
歷史,簡單,這個古代文明建造了金字塔和獅身人面像，使用象形文字，崇拜太陽神拉和法老，位於尼羅河流域，是世界四大文明古國之一。請問這個古代文明是？,古埃及文明
歷史,中等,這場運動發生在1966年至1976年間的中國，對中國政治、經濟和社會造成了巨大影響，導致了大量文物的破壞和知識分子的迫害，被稱為「十年浩劫」。請問這場由毛澤東發起的政治運動是？,文化大革命
歷史,中等,這個古代帝國橫跨歐亞非三大洲，以其法律制度、公共工程和軍事成就而聞名，建造了萬神殿和鬥獸場等建築，其文化影響一直延續至今。請問這個以羅馬城為中心的古代帝國是？,羅馬帝國
歷史,中等,這場由法國人民發起的革命爆發於1789年，以攻佔巴士底監獄為標誌，推翻了波旁王朝的統治，確立了「自由、平等、博愛」的理念，被視為現代民主制度的起源之一。請問這場影響深遠的政治革命是？,法國大革命
歷史,困難,這場戰爭發生在1618年至1648年間的歐洲，最初是因宗教衝突引起，後來演變為各國之間的權力鬥爭，最終通過《威斯特伐利亞和約》結束，確立了現代國際關係的基本原則。請問這場歐洲戰爭是？,三十年戰爭
歷史,困難,這位軍事家和政治家曾三次統一日本，實行太閤檢地、刀狩等政策，為江戶時代的建立奠定了基礎，與織田信長、德川家康並稱為「日本戰國時代三傑」。請問這位日本戰國時代的人物是誰？,豐臣秀吉
歷史,困難,這個古代馬雅文明的曆法系統使用二十進制，包括260天的神聖曆（Tzolkin）和365天的太陽曆（Haab），以及用於記錄長時段的「長計數」系統，計算精度超過現代曆法。請問這個複雜的古代曆法系統的通用名稱是？,馬雅曆法
歷史,困難,這場發生在1853年至1856年間的戰爭由英法聯軍對抗俄羅斯帝國，主要是為了控制奧斯曼帝國的領土，是現代戰爭報導的開端，也是南丁格爾護理改革的契機。請問這場以一個黑海半島命名的戰爭是？,克里米亞戰爭
理科,簡單,這種自然現象是由太陽光通過水滴折射和反射形成的，常在雨後出現，呈現紅、橙、黃、綠、藍、靛、紫七種顏色，是一種美麗的光學現象。請問這種現象是？,彩虹
理科,簡單,這種動物是地球上最大的哺乳動物，生活在海洋中，以浮游生物為食，體長可達30米，體重可達180噸，能發出可傳播數千公里的聲音。請問這種海洋生物是？,藍鯨
理科,簡單,這種天體是太陽系中除太陽外最大的天體，有一個著名的大紅斑，直徑約為地球的11倍，並有至少79顆已知的衛星，包括歐羅巴和木衛三。請問這個被稱為「木星」的天體在太陽系中排名第幾大行星？,第五大行星
理科,中等,這種物理現象是指當物體的速度超過聲音在該介質中的傳播速度時產生的衝擊波，常在飛機高速飛行時發生，會產生巨大的爆炸聲，聲波呈圓錐形擴散。請問這種現象稱為？,音爆/超音速爆音
理科,中等,這種化學元素是地球大氣層中含量最多的氣體，約佔78%，是蛋白質的重要組成部分，在化學工業中用於製造氨和化肥，化學符號為N。請問這種元素的名稱是？,氮
理科,中等,這種生物學現象是指細胞分裂的一種形式，染色體複製一次但細胞分裂兩次，最終產生四個基因組成不同的子細胞，在生殖細胞形成過程中起重要作用。請問這種細胞分裂方式是？,減數分裂
理科,困難,這種物理理論由愛因斯坦於1915年提出，描述了時空如何被質量和能量彎曲，成功預測了光在強引力場中的彎曲，並解釋了水星軌道的進動，是對牛頓萬有引力理論的擴展。請問這種理論是？,廣義相對論
理科,困難,這種生物體內的分子是由核苷酸組成的長鏈結構，包含了遺傳信息並能將其轉錄為蛋白質，在病毒如HIV和SARS-CoV-2中作為主要遺傳物質，而不是DNA。請問這種分子的全稱是？,核糖核酸（RNA）
理科,困難,這種量子力學原理由德國物理學家海森堡於1927年提出，指出無法同時精確測量粒子的位置和動量，表明了量子世界的基本不確定性，是量子力學的核心原理之一。請問這個原理的名稱是？,海森堡不確定性原理
理科,困難,這種化學反應在有機化學中十分重要，是一種環加成反應，涉及一個共軛二烯與一個烯烴或炔烴，遵循軌道對稱守恆原理，因兩位德國化學家的發現而命名。請問這種反應的名稱是？,狄爾斯-阿爾德反應（Diels-Alder reaction）
社會,簡單,這種社會現象是指人們自發地或有組織地幫助有需要的人，不求回報，在災難或緊急情況下尤為重要，香港紅十字會和保良局都有此類服務。請問這種行為的名稱是？,義工/志願服務
社會,簡單,這種組織由個人或團體創立，旨在為社會提供服務或解決特定問題，不以盈利為目的，例如樂施會、世界自然基金會等。請問這種機構的通稱是？,非牟利機構/非政府組織（NGO）
社會,簡單,這個國際組織成立於1945年，總部設在紐約，目前有193個成員國，旨在促進國際和平與安全，設有安全理事會、大會、秘書處等機構。請問這個組織的名稱是？,聯合國
社會,中等,這個社會學概念描述了一個人從一個社會地位轉變到另一個社會地位的過程，可以是向上（如晉升）或向下（如降級）的移動，反映了社會階層結構的開放程度。請問這個概念的名稱是？,社會流動性
社會,中等,這種經濟制度以私有財產、市場競爭和利潤動機為特徵，與社會主義和共產主義形成對比，是當今大多數國家採用的經濟體系，亞當·斯密被視為其理論奠基者。請問這種經濟制度的名稱是？,資本主義
社會,中等,這種社會現象是指人們基於他人的種族、性別、宗教等因素而產生的不公正或偏見態度，往往導致社會分化和不平等，許多國家制定法律禁止此類行為。請問這種現象的統稱是？,歧視
社會,困難,這種政治哲學理論強調個人自由、有限政府和市場經濟，認為國家的主要職能應限於保護個人權利和財產權，其代表人物包括羅伯特·諾齊克和米爾頓·弗里德曼。請問這種源自古典自由主義的政治哲學是？,自由意志主義（Libertarianism）
社會,困難,這個經濟學原理由義大利經濟學家帕雷托提出，指出在資源分配中，20%的因素通常能產生80%的結果，廣泛應用於商業和管理領域，也被稱為「關鍵少數法則」。請問這個原理的名稱是？,帕雷托法則/80/20法則
社會,困難,這種社會學理論認為社會是由相互關聯的部分組成的系統，每個部分都為整體的穩定性和連續性做出貢獻，強調社會秩序和平衡，受結構主義影響。請問這種由塔爾科特·帕森斯等人提出的理論是？,結構功能主義
社會,困難,這種社會學概念描述了個人在特定社會環境中獲得的利益或優勢，可以轉化為經濟、文化或社會影響力，與文化資本和經濟資本並列為重要的資本形式。請問這個由法國社會學家布爾迪厄提出的概念的名稱是？,社會資本
生活,簡單,這種食物起源於中國，是由大豆發酵製成的，常見於味噌湯、麻婆豆腐等料理中，富含蛋白質和益生菌，是亞洲飲食中的重要成分。請問這種食物的名稱是？,豆腐
生活,簡單,這種健康習慣每天建議進行30分鐘以上，可以增強心肺功能、減輕壓力、預防慢性疾病，包括步行、跑步、游泳等活動，是維持健康生活方式的重要一環。請問這種習慣的統稱是？,運動/體育鍛煉
生活,簡單,這種家居技巧是指將物品分類整理，保持環境整潔，不僅能提高生活效率，還能減輕心理壓力，近年來在全球流行，帶動了相關產業的發展。請問這種活動的通用名稱是？,收納/整理
生活,中等,這種烹飪技術起源於法國，指的是在低溫下長時間烹調真空密封的食物，能保持食物的營養和風味，同時確保熟度均勻，現已被高級餐廳和家庭廚房廣泛採用。請問這種烹調方法的名稱是？,真空低溫烹調/舒肥法 (Sous Vide)
生活,中等,這種健康管理方法強調正念和專注於當下，通過冥想、深呼吸等技巧來減輕壓力，提高心理健康，源自佛教修行但已被現代心理學廣泛採用，有助於改善注意力和情緒控制。請問這種方法的名稱是？,正念練習/冥想
生活,中等,這種日本整理法由近藤麻理惠推廣，主張只保留「讓人感到快樂」的物品，通過特定的折疊方式整理衣物，在Netflix節目播出後風靡全球，引發了「斷捨離」的風潮。請問這種整理方法的名稱是？,近藤麻理惠整理法/KonMari Method
生活,困難,這種中國傳統治療方法基於「氣」的概念，通過特定點位的刺激來平衡身體能量，已被世界衛生組織認可為有效的補充醫療方法，在疼痛管理和某些慢性疾病治療中顯示出良好效果。請問這種非藥物治療方法的名稱是？,針灸
生活,困難,這種營養學概念指的是某些食物組合一起食用時，其營養價值高於分開食用的總和，如豆類和穀物一起食用可提供完整的蛋白質，是素食和純素飲食中的重要原則。請問這種飲食原則的名稱是？,食物協同作用/互補蛋白質
生活,困難,這種生活哲學源自北歐，特別是丹麥，強調舒適、溫馨和滿足感，包括享受簡單的快樂如點蠟燭、讀書、喝熱茶等，特別在冬季流行，被視為丹麥人幸福感高的秘訣之一。請問這種生活方式的名稱是？,Hygge/丹麥式幸福
生活,困難,這種園藝技術不使用土壤，而是通過在富含營養的水溶液中種植植物，可以在有限空間內高效種植，越來越多地用於都市農業和室內種植，被視為未來農業的發展方向之一。請問這種種植技術的名稱是？,水耕法/Hydroponics
語言,簡單,這種語言現象是指一個詞有多種含義，如「蘋果」可以指水果，也可以指科技公司；「筆」可以指寫字的工具，也可以指筆錄文字的行為。請問這種語言現象的名稱是？,多義詞
語言,簡單,這種英語詞彙是由兩個或多個單詞的部分組合而成的新詞，如「smog」(smoke + fog)、「brunch」(breakfast + lunch)、「motel」(motor + hotel)。請問這種詞的形成方式叫什麼？,混成詞/合成詞（Portmanteau）
語言,簡單,這種中文修辭手法使用具有相近或相反意義的兩個詞語並列，如「大小」、「好壞」、「黑白」等，增強表達效果，在古典詩詞中尤為常見。請問這種修辭手法叫什麼？,對偶/對仗
語言,中等,這種語言學現象是指來自不同語言的詞彙被引入並融入另一種語言，如英語中的「tsunami」(來自日語)、「hamburger」(來自德語)、「café」(來自法語)。請問這種詞被稱為？,外來語/借詞
語言,中等,這種語言現象是指一個詞或短語的發音經過時間演變而改變，如古英語中的「hlāf」演變成現代英語的「loaf」，是歷史語言學研究的重要課題。請問這種語言演變的過程被稱為？,語音變化/音變
語言,中等,這種修辭手法通過比較兩個本質上不同但有相似之處的事物來增強表達效果，如「他像獅子一樣勇敢」、「她的眼睛像星星一樣閃亮」，常用「像」或「如」等詞連接。請問這種修辭手法的名稱是？,明喻
語言,困難,這種語言學理論由美國語言學家提出，認為語言能力是人類先天具備的，儘管接觸的語言輸入有限且不完整，兒童仍能掌握母語的複雜規則，對認知科學和人工智能研究產生了深遠影響。請問這位語言學家和他的理論分別是誰和什麼？,諾姆·喬姆斯基，普遍語法理論
語言,困難,這種語言學現象指的是相同的語音在不同語境中被發音為不同的變體，如英語中的/t/在「top」中是送氣音，在「stop」中是不送氣音，在音位學研究中很重要。請問這種現象的名稱是？,條件變異/互補分佈
語言,困難,這種語言變體是當兩種語言接觸時產生的混合語言形式，最初僅用於基本交流，但隨時間演變可能發展成完整的語言，如在加勒比海地區發展的牙買加克里奧爾英語。請問這種語言變體的名稱是？,克里奧爾語/Creole
語言,困難,這種翻譯策略強調尊重源語言的結構和表達方式，盡可能直接地轉換詞語和句法，而不考慮目標語言的自然表達方式，常用於宗教文本翻譯，如《聖經》的早期翻譯。請問這種翻譯策略的名稱是？,直譯/逐字翻譯
地理,簡單,位於東南亞，是一個島國，首都是馬尼拉，以美麗的海灘和風景聞名。請問這個國家是什麼？,菲律賓
地理,簡單,這個城市是中國的首都，有紫禁城、天安門廣場等著名景點，是中國政治和文化中心。請問這個城市是什麼？,北京
地理,簡單,是非洲最大的沙漠，橫跨北非多個國家，面積約相當於美國的面積。請問這個沙漠的名稱是什麼？,撒哈拉沙漠
地理,簡單,這條河流穿過埃及，被稱為埃及的生命線，是世界上最長的河流之一。請問這條河流的名稱是什麼？,尼羅河
地理,簡單,位於亞洲東部，由四個主要島嶼組成，首都是東京，是一個經濟發達的國家。請問這個國家是什麼？,日本
地理,簡單,這個國家位於歐洲，是世界上最小的主權國家，由教宗統治，位於意大利羅馬市內。請問這個國家是什麼？,梵蒂岡城國
地理,簡單,這座山是非洲最高峰，位於坦桑尼亞，海拔約5895米，赤道附近有終年積雪。請問這座山的名稱是什麼？,乞力馬扎羅山
地理,中等,這個國家位於歐洲北部，首都是斯德哥爾摩，以宜家家居、諾貝爾獎和高福利制度聞名。請問這個國家是什麼？,瑞典
地理,中等,位於東南亞，由超過7000個島嶼組成，首都為雅加達，是世界上最大的群島國家。請問這個國家是什麼？,印尼/印度尼西亞
地理,中等,這座山脈位於南美洲西部，是世界上最長的陸地山脈，全長約7000公里。請問這座山脈的名稱是什麼？,安第斯山脈
地理,中等,這個國家位於歐洲中部，以阿爾卑斯山、精密鐘錶、銀行業和巧克力聞名，首都是伯爾尼。請問這個國家是什麼？,瑞士
地理,中等,位於加拿大與美國交界處，是世界上最大的淡水湖群，由蘇必利爾湖、密歇根湖、休倫湖、伊利湖和安大略湖組成。請問這個湖群叫什麼？,五大湖
地理,中等,這個位於南太平洋的國家由兩個主要島嶼組成，首都是惠靈頓，以毛利文化和美麗的自然風光聞名。請問這個國家是什麼？,紐西蘭
地理,中等,這種氣候帶常見於歐洲西部，受海洋影響，全年溫差小，降水均勻分布。請問這種氣候類型叫什麼？,溫帶海洋性氣候
地理,困難,這種地理現象通常發生在高山地區，由於氣流被迫爬升後在山背面下降，使下降的空氣變得溫暖乾燥，常見於阿爾卑斯山北部。請問這種地理現象叫什麼？,焚風
地理,困難,這個位於亞洲中部的內陸鹹水湖，是世界上最古老且最深的湖泊，含有全球近五分之一的淡水儲量。請問這個湖泊的名稱是什麼？,貝加爾湖
地理,困難,這條海底山脈長約65000公里，是世界上最長的山脈，穿越大西洋、印度洋和太平洋。請問這條山脈的名稱是什麼？,中洋脊
地理,困難,這個地理學概念描述地殼分成若干大小不一的板塊，並在地球表面緩慢移動，解釋了大陸漂移、地震和火山活動等現象。請問這個理論叫什麼？,板塊構造論
地理,困難,這個位於南太平洋的島國，由於海平面上升面臨被淹沒的危險，曾經購買斐濟部分領土以保障國民遷移。請問這個太平洋島國是什麼？,吐瓦魯
地理,困難,這個地形特徵是由冰川侵蝕形成的，呈U型谷形，兩側陡峭，挪威的峽灣就是這種地形的典型例子。請問這種地形叫什麼？,冰蝕谷/U型谷
文學,簡單,英國女作家J.K.羅琳創作的魔法學校霍格華茲、巫師哈利波特和他的朋友們對抗黑魔王佛地魔的故事。請問這個系列小說叫什麼？,哈利波特
文學,簡單,這部文學作品描述西方世界一個重要的宗教人物受到魔鬼的三重誘惑，被譯為「失樂園」，作者是英國詩人彌爾頓。請問這部史詩詩歌的英文原名是什麼？,Paradise Lost
文學,簡單,描寫主角阿Q的悲慘一生，展現了舊中國國民的精神狀態，作者是中國現代文學家魯迅。請問這篇著名的短篇小說叫什麼？,阿Q正傳
文學,簡單,這部中國古典名著描述孫悟空、豬八戒、沙僧保護唐僧西行取經的故事，是四大名著之一。請問這部小說叫什麼？,西遊記
文學,簡單,這本小說描述一群被困在無人小島上的英國男孩漸漸變得野蠻，最終島上陷入混亂和暴力。請問這部由威廉·高汀寫的寓言小說叫什麼？,蒼蠅王/Lord of the Flies
文學,簡單,這部由英國作家喬治·奧威爾寫的反烏托邦小說，描述一個極權主義社會，主角溫斯頓·史密斯反抗統治階層「老大哥」的故事。請問這部小說叫什麼？,1984
文學,簡單,這部由美國作家馬克·吐溫寫的小說，講述少年湯姆·索亞在密西西比河畔鎮上的冒險故事。請問這部小說叫什麼？,湯姆歷險記/Tom Sawyer
文學,中等,這位法國作家著有《巴黎聖母院》、《悲慘世界》等作品，被認為是法國浪漫主義文學的代表。請問這位作家是誰？,維克多·雨果
文學,中等,這部被譽為俄國文學巔峰之作的長篇小說，描述了拿破崙入侵俄國期間幾個貴族家庭的故事，作者是俄國作家列夫·托爾斯泰。請問這部小說叫什麼？,戰爭與和平
文學,中等,這位愛爾蘭作家寫出了《尤利西斯》、《芬尼根的守靈夜》等實驗性文學作品，對現代主義文學有深遠影響。請問這位作家是誰？,詹姆斯·喬伊斯
文學,中等,這位日本作家著有《挪威的森林》、《1Q84》等作品，文風獨特，多次被提名諾貝爾文學獎。請問這位作家是誰？,村上春樹
文學,中等,這部長篇小說被視為美國文學經典，描述了一個律師代理一位黑人被控強姦白人女子的案件，通過小女孩的視角展現種族歧視問題。請問這部小說叫什麼？,殺死一隻知更鳥
文學,中等,這位中國古代詩人著有《飲酒》、《歸園田居》等作品，是「田園詩派」的代表人物，表達了對隱居生活的熱愛。請問這位詩人是誰？,陶淵明
文學,中等,這部由哥倫比亞作家加西亞·馬爾克斯創作的小說，講述了布恩迪亞家族七代人的故事，是魔幻現實主義文學的代表作。請問這部小說叫什麼？,百年孤獨
文學,困難,這位阿根廷作家著有《沙之書》、《巴別圖書館》等短篇小說，擅長魔幻現實主義風格，對世界文學有重要影響。請問這位作家是誰？,豪爾赫·路易斯·博爾赫斯
文學,困難,這部20世紀初的現代主義小說運用了意識流手法，描述了Clarissa Dalloway女士準備派對的一天，作者是英國女作家Virginia Woolf。請問這部小說叫什麼？,達洛維夫人/Mrs Dalloway
文學,困難,這位法國作家提出「荒謬哲學」，著有《西西弗斯的神話》、《異鄉人》等作品，獲得1957年諾貝爾文學獎。請問這位作家是誰？,阿爾貝·卡繆
文學,困難,這位中國當代作家被稱為「尋根文學」代表，著有《紅高粱家族》、《豐乳肥臀》等作品，獲得2012年諾貝爾文學獎。請問這位作家是誰？,莫言
文學,困難,這位愛爾蘭劇作家著有《等待戈多》等荒誕派戲劇作品，對戲劇藝術有重大革新，獲得1969年諾貝爾文學獎。請問這位劇作家是誰？,塞繆爾·貝克特
文學,困難,這部由日本作家谷崎潤一郎創作的小說，透過描寫四姐妹的生活展現京都傳統文化與現代化衝突，被視為日本文學經典。請問這部小說叫什麼？,細雪/The Makioka Sisters
文化,簡單,這種日本藝術形式將紙張折疊成各種形狀，如動物、花朵等，無需使用剪刀和膠水。請問這種藝術叫什麼？,摺紙/折紙
文化,簡單,這個節日在農曆正月十五日慶祝，人們會掛燈籠、猜燈謎、吃湯圓。請問這個中國傳統節日叫什麼？,元宵節
文化,簡單,這種中國傳統藝術形式通過剪紙創作各種圖案，常用於窗花裝飾和民間藝術。請問這種藝術形式叫什麼？,剪紙
文化,簡單,這個西方節日在12月25日慶祝，人們會裝飾聖誕樹、交換禮物，傳說有一位紅衣老人會給孩子們送禮物。請問這個節日叫什麼？,聖誕節/Christmas
文化,簡單,這種起源於中國的表演藝術形式，結合音樂、唱腔、表演和武術，具有高度程式化的動作和臉譜。請問這種戲劇藝術形式叫什麼？,京劇
文化,簡單,這個農曆節日在每年五月初五慶祝，人們會吃粽子、賽龍舟，紀念中國古代詩人屈原。請問這個節日叫什麼？,端午節
文化,簡單,這種源自中國的哲學思想強調陰陽平衡、天人合一，對東亞文化有深遠影響。請問這種哲學思想叫什麼？,道家思想/道教
文化,中等,這種日本傳統武士道精神強調忠誠、勇敢和自律，影響了日本文化中的許多方面，包括藝術、文學和日常生活。請問這種武士精神叫什麼？,武士道
文化,中等,這種源自美國黑人社區的音樂風格，特點是即興演奏、藍調音階和「搖擺」節奏，對現代音樂有深遠影響。請問這種音樂風格叫什麼？,爵士樂/Jazz
文化,中等,這種中國傳統書法風格以行雲流水般的筆觸聞名，具有極高的藝術性，代表作有王羲之的《蘭亭序》。請問這種書法風格叫什麼？,行書
文化,中等,這種源自古希臘的哲學思想強調理性、自控和道德修養，影響了西方思想幾個世紀，代表人物有塞內卡、馬可·奧勒留等。請問這種哲學學派叫什麼？,斯多葛學派/Stoicism
文化,中等,這種中國傳統藝術形式結合詩、書法和繪畫於一體，常見於山水畫、花鳥畫等，重視意境的表達。請問這種藝術形式叫什麼？,文人畫
文化,中等,這種日本傳統茶道儀式強調簡樸、和諧與尊重，由千利休發展完善，是日本重要的文化象徵。請問這種儀式叫什麼？,茶道/茶之湯
文化,中等,這個西方傳統節日在10月31日慶祝，人們會裝扮成鬼怪，孩子們挨家挨戶要糖果。請問這個節日叫什麼？,萬聖節前夜/Halloween
文化,困難,這種源自印度的哲學和修行系統，強調通過身體姿勢、呼吸控制和冥想達到身心合一的狀態，在西方社會也廣受歡迎。請問這種修行系統的梵文原名是什麼？,瑜伽/Yoga
文化,困難,這種日本傳統審美觀念尊重物體的不完美、短暫和不完整的美，強調簡樸、自然和接受無常，影響了茶道、陶藝等藝術形式。請問這種美學概念叫什麼？,侘寂/Wabi-sabi
文化,困難,這種源自西非的宗教信仰系統在奴隸貿易時期傳入加勒比地區和美洲，融合了非洲傳統宗教和天主教元素，在海地、古巴等地區仍有信徒。請問這種宗教叫什麼？,巫毒教/伏都教/Voodoo
文化,困難,這種源自阿拉伯的幾何圖案藝術形式，因伊斯蘭教義禁止偶像崇拜而發展，以其複雜的重複幾何圖案和數學精確性聞名。請問這種伊斯蘭藝術形式叫什麼？,阿拉伯幾何圖案/Arabesque
文化,困難,這種日本傳統表演藝術起源於17世紀，使用人偶進行表演，需要三名操偶師共同操作一個人偶，被聯合國教科文組織列為非物質文化遺產。請問這種藝術形式叫什麼？,文樂/Bunraku
文化,困難,這種源自安第斯地區的古老占卜系統使用葉子進行預測，主要流行於秘魯、玻利維亞等國家，與當地宗教儀式密切相關。請問這種占卜形式叫什麼？,古柯葉占卜
娛樂,簡單,這個角色是迪士尼公司的標誌性角色，戴著紅色短褲和黃色大鞋，有一對圓圓的黑色耳朵。請問這個卡通人物是誰？,米奇老鼠/Mickey Mouse
娛樂,簡單,這部電影系列講述了一個男孩發現自己是巫師，進入魔法學校學習魔法的故事，改編自J.K.羅琳的小說。請問這個電影系列叫什麼？,哈利波特/Harry Potter
娛樂,簡單,這款遊戲中，玩家需要操控不同形狀的方塊快速下落並排列成完整的一行以消除得分。請問這款經典遊戲叫什麼？,俄羅斯方塊/Tetris
娛樂,簡單,這個音樂團體由四名來自利物浦的英國青年組成，被稱為「披頭四」，創作了許多經典歌曲如《Hey Jude》、《Yesterday》等。請問這個樂隊的英文名稱是什麼？,The Beatles
娛樂,簡單,這部動畫電影講述了一隻叫辛巴的獅子成長的故事，有著著名的歌曲《Circle of Life》，是迪士尼的經典作品。請問這部電影叫什麼？,獅子王/The Lion King
娛樂,簡單,這個日本動漫中的角色是一隻藍色的機器貓，來自22世紀，擁有一個四次元口袋，可以拿出各種神奇的道具。請問這個角色是誰？,哆啦A夢/Doraemon
娛樂,簡單,這款風靡全球的手機遊戲讓玩家在現實世界中捕捉、訓練和對戰虛擬生物，利用GPS定位技術。請問這款遊戲叫什麼？,Pokémon GO/精靈寶可夢GO
娛樂,中等,這部由克里斯托弗·諾蘭執導的科幻電影，講述了一組宇航員通過蟲洞尋找人類新家園的故事，探討了愛與科學的關係。請問這部電影叫什麼？,星際效應/Interstellar
娛樂,中等,這款由宮崎駿執導的動畫電影講述了一個小女孩誤入神靈世界，為救變成豬的父母而奮鬥的故事，獲得第52屆柏林國際電影節金熊獎。請問這部動畫電影叫什麼？,千與千尋/Spirited Away
娛樂,中等,這款遊戲系列以開放世界和沙盒玩法聞名，玩家可以在虛構的城市中自由活動、完成任務或製造混亂，最新作品是第五代。請問這款遊戲系列叫什麼？,俠盜獵車手/Grand Theft Auto
娛樂,中等,這位美國流行歌手被稱為「流行樂天后」，著名歌曲有《Bad Blood》、《Shake It Off》和《Blank Space》等，多次獲得格萊美獎。請問這位歌手是誰？,泰勒·斯威夫特/Taylor Swift
娛樂,中等,這部由彼得·傑克遜執導的奇幻電影三部曲，改編自J.R.R.托爾金的同名小說，講述了霍比特人佛羅多銷毀魔戒的冒險故事。請問這部電影三部曲叫什麼？,魔戒/指環王/The Lord of the Rings
娛樂,中等,這個韓國流行音樂舞蹈組合由七名成員組成，在全球擁有大量粉絲，著名歌曲包括《Dynamite》、《Butter》和《Boy With Luv》。請問這個組合叫什麼？,防彈少年團/BTS
娛樂,中等,這位香港影星以功夫電影聞名，代表作包括《醉拳》、《警察故事》系列和《尖峰時刻》系列，被稱為「功夫巨星」。請問這位演員是誰？,成龍/Jackie Chan
娛樂,困難,這位義大利作曲家被稱為「電影配樂大師」，為《美國往事》、《天堂影院》、《西部往事》等經典電影創作了配樂，獲得過奧斯卡終身成就獎。請問這位作曲家是誰？,艾尼歐·莫里康內/Ennio Morricone
娛樂,困難,這部1950年代的日本電影講述了四個人從不同角度描述同一個事件的故事，導演是黑澤明，此後「羅生門效應」成為描述主觀真相的代名詞。請問這部電影叫什麼？,羅生門/Rashomon
娛樂,困難,這位法國新浪潮電影代表人物，執導了《斷了氣》、《狂人皮埃洛》等經典作品，以打破傳統敘事手法和跳躍式剪輯聞名。請問這位導演是誰？,尚-盧·戈達爾/Jean-Luc Godard
娛樂,困難,這部被稱為「寶萊塢史詩」的印度電影，講述了一個復仇故事，成為印度票房最高的電影之一，在中國也取得了巨大成功。請問這部2015年上映的電影叫什麼？,巴霍巴利王/Baahubali
娛樂,困難,這位被稱為「搖滾樂教父」的美國音樂人，影響了包括披頭四在內的無數樂隊，著名歌曲有《Johnny B. Goode》和《Roll Over Beethoven》。請問這位音樂人是誰？,查克·貝里/Chuck Berry
娛樂,困難,這個日本動畫製作公司以精美細膩的動畫風格聞名，製作了《千與千尋》、《龍貓》、《風起》等經典作品，由宮崎駿等人創立。請問這個公司叫什麼？,吉卜力工作室/Studio Ghibli
歷史,簡單,這場戰爭發生在1939年至1945年間，涉及世界上大多數國家，分為同盟國和軸心國兩大陣營。請問這場全球性戰爭叫什麼？,第二次世界大戰/二戰
歷史,簡單,這位中國古代偉大的思想家創立了儒家學說，其言論被記載在《論語》中，對中國和東亞文化有深遠影響。請問這位思想家是誰？,孔子
歷史,簡單,這位埃及女法老統治埃及超過20年，是古埃及最著名的女性統治者，與羅馬將軍馬克·安東尼有著著名的愛情故事。請問這位女法老是誰？,克里奧帕特拉/埃及艷后
歷史,簡單,這場革命發生在1789年的法國，推翻了法國的君主制度和貴族特權，其口號是「自由、平等、博愛」。請問這場革命叫什麼？,法國大革命
歷史,簡單,這位探險家於1492年率領三艘船西航，尋找通往亞洲的新航線，卻意外發現了美洲大陸。請問這位探險家是誰？,克里斯托弗·哥倫布
歷史,簡單,這場運動發生在1966年至1976年的中國，由毛澤東發動，對中國社會和文化造成深遠影響。請問這場運動叫什麼？,文化大革命
歷史,簡單,這個古代文明建立在尼羅河流域，以金字塔、獅身人面像和象形文字聞名，是世界最古老的文明之一。請問這個文明是什麼？,古埃及文明
歷史,中等,這場始於1618年，結束於1648年的歐洲戰爭，以《威斯特伐利亞和約》結束，奠定了現代國際關係的基礎。請問這場歐洲戰爭叫什麼？,三十年戰爭
歷史,中等,這位中國唐代女皇帝是中國歷史上唯一正式登基的女皇帝，統治時期國力強盛，建立了「周」朝。請問這位女皇帝是誰？,武則天
歷史,中等,這場革命始於1917年在俄國發生，推翻了沙皇統治，建立了世界上第一個社會主義國家。請問這場革命叫什麼？,俄國十月革命
歷史,中等,這位古希臘哲學家是蘇格拉底的學生，創立了雅典學院，著有《理想國》等著作，對西方哲學有深遠影響。請問這位哲學家是誰？,柏拉圖
歷史,中等,這個始於公元前27年，結束於公元476年的古代帝國，版圖橫跨歐洲、北非和西亞，留下了豐富的文化遺產。請問這個帝國是什麼？,羅馬帝國
歷史,中等,這場發生在1861年至1865年的戰爭，主要圍繞奴隸制度和各州權利的爭議，以北方聯邦軍隊勝利告終。請問這場戰爭叫什麼？,美國內戰
歷史,中等,這位中國明代航海家率領艦隊進行了七次遠洋航行，到達東南亞、印度洋和非洲東海岸，比歐洲航海家更早。請問這位航海家是誰？,鄭和
歷史,困難,這位馬其頓國王統一了希臘城邦，創建了世界上最大的帝國之一，在33歲時突然去世，其征服區域從希臘延伸到印度。請問這位古代君主是誰？,亞歷山大大帝
歷史,困難,這場始於1756年，結束於1763年的全球性衝突，涉及歐洲、北美和印度的多個戰場，是英法爭奪全球霸權的重要一戰。請問這場戰爭叫什麼？,七年戰爭
歷史,困難,這位中國春秋時期的思想家創立了道家學說，著有《道德經》，提倡「無為而治」的政治理念。請問這位思想家是誰？,老子
歷史,困難,這場發生在1905年的海戰是日俄戰爭的決定性戰役，日本聯合艦隊擊敗俄羅斯波羅的海艦隊，確立了日本作為海上強國的地位。請問這場海戰叫什麼？,對馬海峽海戰
歷史,困難,這位波斯帝國的國王在公元前5世紀率領大軍入侵希臘，雖擁有龐大軍隊但在溫泉關和薩拉米斯戰役中被擊敗。請問這位波斯國王是誰？,薛西斯一世
歷史,困難,這個於1919年成立的國際組織旨在維護世界和平，是聯合國的前身，但因缺乏強制力而未能阻止第二次世界大戰爆發。請問這個組織叫什麼？,國際聯盟
理科,簡單,這種天體現象發生時，地球的影子落在月球表面上，使月球暫時變暗或呈現紅銅色。請問這種天體現象叫什麼？,月食/月蝕
理科,簡單,這種細胞器被稱為「細胞的發電廠」，是細胞內進行有氧呼吸產生能量的主要場所。請問這種細胞器叫什麼？,線粒體
理科,簡單,這個現象是指當物體與另一個物體接觸時，會產生阻力以抵抗物體的運動，與接觸面的性質和壓力有關。請問這種物理現象叫什麼？,摩擦力
理科,簡單,這個化學元素是地球大氣層中含量最多的氣體，佔大氣成分的78%左右，化學符號為N。請問這個元素叫什麼？,氮
理科,簡單,這個數學常數約等於3.14159，表示圓的周長與直徑的比值，常用希臘字母π表示。請問這個數學常數的中文名稱是什麼？,圓周率
理科,簡單,這種地質構造是由於岩漿冷卻形成的巨大六角形柱狀結構，如愛爾蘭的巨人堤道和香港的橫洲是著名例子。請問這種地質構造叫什麼？,柱狀節理
理科,簡單,這種常見的氣體在常溫下無色無味，是人類呼吸過程中吸入的主要氣體，化學符號為O₂。請問這種氣體叫什麼？,氧氣
理科,中等,這個物理學原理指出在封閉系統中，能量不會被創造或消滅，只能從一種形式轉換為另一種形式。請問這個原理叫什麼？,能量守恆定律
理科,中等,這種化學反應通過吸收光能將二氧化碳和水轉化為葡萄糖和氧氣，是大多數植物獲取能量的主要方式。請問這種反應叫什麼？,光合作用
理科,中等,這個數學概念指的是函數在某一點的瞬時變化率，是微積分的基本概念之一。請問這個概念叫什麼？,導數
理科,中等,這種地質現象發生在地球上的不同板塊邊界，當板塊突然移動時釋放能量，造成地面振動。請問這種現象叫什麼？,地震
理科,中等,這個物理學原理指出，物體受到的浮力等於它排開液體的重量，是流體靜力學的基本原理之一。請問這個原理叫什麼？,阿基米德原理
理科,中等,這種基因技術允許科學家通過切割和重組DNA片段，將一個生物的基因插入另一個生物的基因組中。請問這種技術叫什麼？,基因重組/基因工程
理科,中等,這個化學元素是第一個人工合成的超鈾元素，原子序數為93，以海王星命名，常用於核反應堆和核武器中。請問這個元素叫什麼？,鎿/錼
理科,困難,這個量子力學原理指出，不可能同時精確測量粒子的位置和動量，由德國物理學家Werner Heisenberg提出。請問這個原理叫什麼？,測不準原理/不確定性原理
理科,困難,這個數學分支研究拓撲空間的性質，特別是在連續形變下保持不變的性質，如空間的連通性。請問這個數學分支叫什麼？,拓撲學
理科,困難,這種生物學現象指的是生物體的特徵隨環境條件變化而改變，但不涉及DNA序列的改變，如表觀遺傳學調控。請問這種現象叫什麼？,表型可塑性
理科,困難,這個化學反應機制描述了碳正離子參與的有機化學反應，通過三步過程形成新的碳-碳鍵，由俄羅斯化學家Vladimir Markovnikov命名。請問這個反應機制叫什麼？,馬氏加成
理科,困難,這個物理學概念在廣義相對論中描述了時空在大質量物體周圍彎曲的現象，解釋了光在經過太陽時的偏折。請問這個概念叫什麼？,時空彎曲
理科,困難,這個數學問題被列為七個千禧年大獎問題之一，涉及Navier-Stokes方程的解的存在性和光滑性，至今仍未完全解決。請問這個問題叫什麼？,納維-斯托克斯方程問題
社會,簡單,這種經濟體系中，生產資料由私人擁有，價格由供求關係決定，是現代世界主要的經濟系統。請問這種經濟體系叫什麼？,資本主義
社會,簡單,這種社會現象是指因為某人的性別、種族、宗教、年齡等因素而給予不平等待遇，違反平等原則。請問這種現象叫什麼？,歧視
社會,簡單,這種政治制度允許公民通過選舉產生代表或直接參與政治決策，古希臘城邦雅典被視為其起源地。請問這種政治制度叫什麼？,民主制
社會,簡單,這種社會問題指的是貧富差距擴大，社會資源分配不均，可能導致社會不穩定。請問這種現象叫什麼？,貧富懸殊/社會不平等
社會,簡單,這種社會組織由一群擁有共同目標的人組成，不以營利為目的，如救助貧困、環境保護等。請問這種組織的統稱是什麼？,非政府組織/NGO
社會,簡單,這種人口趨勢指的是老年人口比例上升，年輕人口比例下降，對醫療、養老等社會系統帶來壓力。請問這種趨勢叫什麼？,人口老化
社會,簡單,這種社會問題指的是環境污染、資源耗竭和生態破壞等對自然環境的負面影響。請問這種問題統稱為什麼？,環境危機/環境問題
社會,中等,這種經濟理論主張國家應通過財政和貨幣政策干預經濟運行，由英國經濟學家約翰·梅納德·凱恩斯提出。請問這種經濟理論叫什麼？,凱恩斯主義
社會,中等,這種社會學概念指的是人們在特定社會中學習該社會的規範、價值觀和行為模式的過程。請問這個概念叫什麼？,社會化
社會,中等,這種政治制度將立法、行政和司法三種權力分立制衡，防止權力過度集中，源於法國思想家孟德斯鳩的理論。請問這種制度叫什麼？,三權分立
社會,中等,這種社會現象指的是人口從農村向城市遷移，導致城市擴張和人口集中，是現代化過程中的重要特徵。請問這種現象叫什麼？,城市化
社會,中等,這種經濟活動是指通過互聯網進行的商品和服務交易，如網上購物、網上銀行等。請問這種經濟活動叫什麼？,電子商務/E-commerce
社會,中等,這種社會政策旨在保障公民的基本生活需求，包括醫療保險、失業救濟、養老保險等制度。請問這種政策體系叫什麼？,社會福利/社會保障
社會,中等,這種社會運動旨在爭取女性在政治、經濟、個人和社會權利方面與男性平等，挑戰性別歧視。請問這種運動叫什麼？,女權運動/女性主義
社會,困難,這種社會學理論認為社會是由相互依賴的部分組成的系統，每個部分都有其功能，共同維持社會的穩定和運作。請問這種理論叫什麼？,功能主義/結構功能主義
社會,困難,這種政治哲學理論關注什麼是公平分配的問題，由美國哲學家約翰·羅爾斯在其著作《正義論》中提出。請問這種理論叫什麼？,正義理論/公平正義理論
社會,困難,這種經濟現象指的是經濟活動未被官方統計或監管，包括地下經濟、非正規就業等。請問這種經濟現象叫什麼？,影子經濟/灰色經濟
社會,困難,這種社會現象是指資訊的傳播和交流超越了國家和文化界限，形成全球性的資訊流動和共享。請問這種現象叫什麼？,全球資訊化
社會,困難,這種社會學概念指的是一個人在社會中同時扮演多個角色（如父親、員工、朋友）時可能面臨的矛盾和壓力。請問這個概念叫什麼？,角色衝突
社會,困難,這種社會學理論認為社會結構和社會現象是各種權力關係和鬥爭的結果，受到馬克思思想影響，關注不平等和壓迫問題。請問這種理論叫什麼？,衝突理論
生活,簡單,這種中國傳統食品由大米製成，通常在端午節食用，外包粽葉，可有甜、鹹多種口味。請問這種食品叫什麼？,粽子
生活,簡單,這種飲品起源於台灣，特點是含有珍珠狀的粉圓，需要使用粗吸管飲用，風靡全球。請問這種飲品叫什麼？,珍珠奶茶/波霸奶茶
生活,簡單,這種運動需要使用球拍擊打羽毛球，在室內進行，可單打或雙打競賽，是亞洲地區非常流行的運動。請問這種運動叫什麼？,羽毛球
生活,簡單,這種家庭娛樂活動使用骰子和棋子在一個方格棋盤上進行，玩家需要購買地產、收取租金，目標是使其他玩家破產。請問這種桌遊叫什麼？,大富翁/Monopoly
生活,簡單,這種飲食方式不食用任何動物產品，包括肉類、奶製品、蛋、蜂蜜等，常因健康、環保或道德因素而選擇。請問這種飲食方式叫什麼？,純素食/Veganism
生活,簡單,這種常見的中式麵食由麵粉和水製成，形狀扁平細長，可炒、可湯，是中國北方的傳統主食之一。請問這種食品叫什麼？,麵條
生活,簡單,這種源自日本的整理方法強調通過丟棄不需要的物品，並整齊收納剩下的物品來改善生活，由近藤麻理惠推廣。請問這種整理法叫什麼？,斷捨離/KonMari整理法
生活,中等,這種咖啡製作方法使用高壓將熱水通過壓實的咖啡粉製成，源自義大利，特點是頂部有一層棕色泡沫。請問這種咖啡叫什麼？,意式濃縮咖啡/Espresso
生活,中等,這種日本料理是以醋飯為主，配上生魚片或其他食材，用海苔包裹成條狀，切成小段食用。請問這種料理叫什麼？,壽司/Sushi
生活,中等,這種源自瑜伽的健身活動，使用一根長繩懸掛在固定點上，練習者藉助繩子進行各種姿勢，結合力量和柔韌性訓練。請問這種健身活動叫什麼？,空中瑜伽/Aerial Yoga
生活,中等,這種起源於法國的糕點，特點是酥脆的外層和柔軟的內部，製作需要反覆折疊麵團，創造出多層次的口感。請問這種糕點叫什麼？,牛角麵包/可頌/Croissant
生活,中等,這種烹飪技巧將食物浸入溫度精確控制的水中慢煮，食物放在密封袋中，可保持原有風味和營養。請問這種烹飪技巧叫什麼？,舒肥/低溫慢煮/Sous Vide
生活,中等,這種源自印度的飲品由茶葉、香料（如肉桂、豆蔻、丁香）、牛奶和糖混合而成，有助於提神和消化。請問這種飲品叫什麼？,印度香料茶/馬薩拉茶/Masala Chai
生活,中等,這種起源於日本的藝術形式專注於栽培小型樹木，使其在盆栽中模擬自然界大樹的形態，強調和諧與平衡。請問這種藝術形式叫什麼？,盆栽/Bonsai
生活,困難,這種起源於16世紀文藝復興時期的義大利的咖啡製作方法，使用特殊的雙層金屬壺，利用蒸汽壓力將水推過咖啡粉。請問這種咖啡壺和製作方法叫什麼？,摩卡壺/Moka Pot
生活,困難,這種源自墨西哥的蒸餾酒，由藍龍舌蘭植物的心葉製成，常用於製作瑪格麗特雞尾酒，主要產區包括哈利斯科州。請問這種酒叫什麼？,龍舌蘭酒/Tequila
生活,困難,這種日本傳統美學概念強調物體的不完美和無常之美，在茶道、園藝、陶瓷等領域有深遠影響。請問這種美學概念叫什麼？,侘寂/Wabi-sabi
生活,困難,這種源自中國福建的茶葉處理工藝，發酵程度介於綠茶和紅茶之間，代表產品包括鐵觀音、凍頂烏龍等。請問這種茶類叫什麼？,烏龍茶/青茶
生活,困難,這種時尚設計理念主張減少浪費和環境影響，關注服裝的整個生命週期，包括原材料來源、生產過程和廢棄處理。請問這種設計理念叫什麼？,可持續時尚/永續時尚/Sustainable Fashion
生活,困難,這種源自法國的烹飪技法，通過將肉類醃製後再以低溫慢煮，然後封存在脂肪中以達到保存的目的，如鴨油封。請問這種保存食物的法國傳統技法叫什麼？,油封/Confit
語言,簡單,這個英語詞彙用於表示同意或肯定，在非正式場合也可以簡單回應「yes」，是英語中最基本的肯定詞之一。請問這個詞是什麼？,OK
語言,簡單,這個漢語詞語表示說話或做事過於囉嗦，多餘的意思，如「繁文__」、「老生__」。請問這個詞是什麼？,贅述
語言,簡單,這個英文單字指的是「非常小的」，可以形容體積或數量，發音與形容「細小」的單字相似但不同。請問這個詞是什麼？,tiny
語言,簡單,這個在語言學中的概念指的是詞語的反義詞，如「高」與「低」、「好」與「壞」等。請問這個概念叫什麼？,反義詞
語言,簡單,這個漢字的意思是「快樂、愉快」，筆畫較少，是一個常用字，可以組成「高__」、「__園」等詞語。請問這個漢字是什麼？,樂
語言,簡單,這種語言現象是指兩個不同的詞發音相同但意思和寫法不同，如「雨」和「語」、「right」和「write」。請問這種現象叫什麼？,同音異義詞/同音詞
語言,簡單,這個表達方式使用符號或圖形來表達情感或想法，廣泛用於網絡和手機通訊，如「😊」表示高興。請問這種表達方式叫什麼？,表情符號/Emoji
語言,中等,這種修辭手法使用誇張的表達方式，將事物的特點或程度擴大或縮小，以強調其本質或特點。請問這種修辭手法叫什麼？,誇張
語言,中等,這個英語單詞來源於拉丁語，意為「可以互換的」，形容兩個詞語或概念可以在不改變句子意思的情況下互相替換。請問這個詞是什麼？,synonymous
語言,中等,這種語言現象是指同一個詞有多個不同的含義，如「蘋果」可以指水果也可以指科技公司。請問這種現象叫什麼？,多義詞
語言,中等,這種語言學概念指的是句子中的主語、謂語、賓語等成分的排列順序，不同語言有不同的排列方式。請問這個概念叫什麼？,語序
語言,中等,這個英語單詞描述文字或演講風格華麗、辭藻豐富，但可能缺乏實質內容，常帶有負面含義。請問這個詞是什麼？,flowery/grandiloquent
語言,中等,這種中文修辭手法使用反問的形式表達強烈的肯定或否定，如「誰不知道他很聰明？」實際表示「大家都知道他很聰明」。請問這種修辭手法叫什麼？,反問
語言,中等,這個語言學術語指的是語法和語義上正確但實際上很少或從不被使用的短語或句子，如「無色的綠色想法憤怒地睡覺」。請問這個術語叫什麼？,語法正確但語義異常的句子
語言,困難,這種語言現象指的是一種語言的詞彙、語法或發音受到另一種語言的影響而發生變化，常見於多語言接觸的地區。請問這種現象叫什麼？,語言干擾/language interference
語言,困難,這種語言學分析方法關注句子的內部結構和成分之間的關係，可以用樹狀圖表示，是乍姆斯基轉換生成語法的核心概念。請問這種分析方法叫什麼？,句法分析/句法樹
語言,困難,這個語言學術語指的是語言中的一個最小語音單位，可以區分詞義但本身沒有意義，如英語中的/p/和/b/。請問這個術語叫什麼？,音位/phoneme
語言,困難,這種修辭手法使用相同的詞或短語重複出現在句子或段落的開頭，以強調某一點或製造節奏感。請問這種修辭手法叫什麼？,頭韻/首語重複
語言,困難,這種語言學現象是指將一個詞的詞性改變而不改變其形式，如把名詞用作動詞，例如英語中的「google」從公司名變成「搜索」的意思。請問這種現象叫什麼？,零派生/conversion
語言,困難,這種語言學術語描述的是某個語言組產生的特殊方言，主要用於特定社會或職業群體間的交流，如醫生、律師的行話。請問這種語言變體叫什麼？,行話/專業術語/jargon